event_key,ticker,pdufa_date,assessed_direction,assessment_basis,strict_status,strict_direction,decision_reason,strict_reason,baseline_model_probability_pct,source_layer,model_version,evidence_summary,source_urls,actual_outcome,match_result,review_status,validation_status,strict_run_id
EPZM|2020-01-23|tazemetostat,EPZM,2020-01-23,APPROVED,BROAD,REVIEW_NO_CALL_ANALYZED,REVIEW,Recorded model baseline 86.7%; 50% threshold gives APPROVED. Strict evidence remains incomplete.,application/review-cycle identity not verified | statistics/effectiveness gate unresolved | CMC/product-quality gate unresolved | manufacturing/facility gate unresolved | safety score missing | regulatory score missing | clinical score missing | clinical_meaningfulness score missing | benefit_risk score missing | decision-safe evidence freshness not verified,86.7,FROZEN_MODEL_FORCE,FDA-DIRECTIONAL-100-V1.9,tazemetostat: primary-source candidates were searched; candidate links and imported cutoffs require verification before they can pass a gate. No affirmative application-specific CMC and facility clearance dossier was established in this run.,,APPROVED,MATCH,STRICT_ENGINE_EVALUATED_SOURCE_SCREENED,RETROSPECTIVE_DEVELOPMENT_NOT_BLIND,STRICT-126-20261006
AIMT|2020-01-31|palforzia,AIMT,2020-01-31,APPROVED,BROAD,REVIEW_NO_CALL_ANALYZED,REVIEW,Recorded model baseline 99.2%; 50% threshold gives APPROVED. Strict evidence remains incomplete.,application/review-cycle identity not verified | statistics/effectiveness gate unresolved | CMC/product-quality gate unresolved | manufacturing/facility gate unresolved | safety score missing | regulatory score missing | clinical score missing | clinical_meaningfulness score missing | benefit_risk score missing | decision-safe evidence freshness not verified,99.2,FROZEN_MODEL_FORCE,FDA-DIRECTIONAL-100-V1.9,palforzia: primary-source candidates were searched; candidate links and imported cutoffs require verification before they can pass a gate. No affirmative application-specific CMC and facility clearance dossier was established in this run.,,APPROVED,MATCH,STRICT_ENGINE_EVALUATED_SOURCE_SCREENED,RETROSPECTIVE_DEVELOPMENT_NOT_BLIND,STRICT-126-20261006
ESPR|2020-02-21|bempedoic-acid,ESPR,2020-02-21,APPROVED,BROAD,REVIEW_NO_CALL_ANALYZED,REVIEW,Recorded model baseline 86.7%; 50% threshold gives APPROVED. Strict evidence remains incomplete.,application/review-cycle identity not verified | statistics/effectiveness gate unresolved | CMC/product-quality gate unresolved | manufacturing/facility gate unresolved | safety score missing | regulatory score missing | clinical score missing | clinical_meaningfulness score missing | benefit_risk score missing | decision-safe evidence freshness not verified,86.7,FROZEN_MODEL_FORCE,FDA-DIRECTIONAL-100-V1.9,bempedoic-acid: primary-source candidates were searched; candidate links and imported cutoffs require verification before they can pass a gate. No affirmative application-specific CMC and facility clearance dossier was established in this run.,,APPROVED,MATCH,STRICT_ENGINE_EVALUATED_SOURCE_SCREENED,RETROSPECTIVE_DEVELOPMENT_NOT_BLIND,STRICT-126-20261006
ESPR|2020-02-26|bempedoic-acid-ezetimibe,ESPR,2020-02-26,APPROVED,BROAD,REVIEW_NO_CALL_ANALYZED,REVIEW,Recorded model baseline 86.7%; 50% threshold gives APPROVED. Strict evidence remains incomplete.,application/review-cycle identity not verified | statistics/effectiveness gate unresolved | CMC/product-quality gate unresolved | manufacturing/facility gate unresolved | safety score missing | regulatory score missing | clinical score missing | clinical_meaningfulness score missing | benefit_risk score missing | decision-safe evidence freshness not verified,86.7,FROZEN_MODEL_FORCE,FDA-DIRECTIONAL-100-V1.9,bempedoic-acid-ezetimibe: primary-source candidates were searched; candidate links and imported cutoffs require verification before they can pass a gate. No affirmative application-specific CMC and facility clearance dossier was established in this run.,,APPROVED,MATCH,STRICT_ENGINE_EVALUATED_SOURCE_SCREENED,RETROSPECTIVE_DEVELOPMENT_NOT_BLIND,STRICT-126-20261006
VIE|2020-06-11|inebilizumab,VIE,2020-06-11,APPROVED,BROAD,REVIEW_NO_CALL_ANALYZED,REVIEW,Recorded model baseline 86.7%; 50% threshold gives APPROVED. Strict evidence remains incomplete.,application/review-cycle identity not verified | statistics/effectiveness gate unresolved | CMC/product-quality gate unresolved | manufacturing/facility gate unresolved | safety score missing | regulatory score missing | clinical score missing | clinical_meaningfulness score missing | benefit_risk score missing | decision-safe evidence freshness not verified,86.7,FROZEN_MODEL_FORCE,FDA-DIRECTIONAL-100-V1.9,inebilizumab: primary-source candidates were searched; candidate links and imported cutoffs require verification before they can pass a gate. No affirmative application-specific CMC and facility clearance dossier was established in this run.,,APPROVED,MATCH,STRICT_ENGINE_EVALUATED_SOURCE_SCREENED,RETROSPECTIVE_DEVELOPMENT_NOT_BLIND,STRICT-126-20261006
ZGNX|2020-06-25|fenfluramine,ZGNX,2020-06-25,APPROVED,BROAD,REVIEW_NO_CALL_ANALYZED,REVIEW,Recorded model baseline 92.2%; 50% threshold gives APPROVED. Strict evidence remains incomplete.,application/review-cycle identity not verified | statistics/effectiveness gate unresolved | CMC/product-quality gate unresolved | manufacturing/facility gate unresolved | safety score missing | regulatory score missing | clinical score missing | clinical_meaningfulness score missing | benefit_risk score missing | decision-safe evidence freshness not verified,92.2,FROZEN_MODEL_FORCE,FDA-DIRECTIONAL-100-V1.9,fenfluramine: primary-source candidates were searched; candidate links and imported cutoffs require verification before they can pass a gate. No affirmative application-specific CMC and facility clearance dossier was established in this run.,,APPROVED,MATCH,STRICT_ENGINE_EVALUATED_SOURCE_SCREENED,RETROSPECTIVE_DEVELOPMENT_NOT_BLIND,STRICT-126-20261006
HRTX|2020-06-26|htx-011,HRTX,2020-06-26,CRL,BROAD,REVIEW_NO_CALL_ANALYZED,REVIEW,Late-cycle regulatory risk rule overrides the baseline direction. Final assessed direction: CRL.,application/review-cycle identity not verified | statistics/effectiveness gate unresolved | CMC/product-quality gate unresolved | manufacturing/facility gate unresolved | safety score missing | regulatory score missing | clinical score missing | clinical_meaningfulness score missing | benefit_risk score missing | decision-safe evidence freshness not verified,86.7,EVENT_RISK_OVERRIDE,FDA-DIRECTIONAL-100-V1.9,htx-011: primary-source candidates were searched; candidate links and imported cutoffs require verification before they can pass a gate. No affirmative application-specific CMC and facility clearance dossier was established in this run.,,CRL,MATCH,STRICT_ENGINE_EVALUATED_SOURCE_SCREENED,RETROSPECTIVE_DEVELOPMENT_NOT_BLIND,STRICT-126-20261006
RARE|2020-06-30|triheptanoin,RARE,2020-06-30,APPROVED,BROAD,REVIEW_NO_CALL_ANALYZED,REVIEW,Recorded model baseline 86.7%; 50% threshold gives APPROVED. Strict evidence remains incomplete.,application/review-cycle identity not verified | statistics/effectiveness gate unresolved | CMC/product-quality gate unresolved | manufacturing/facility gate unresolved | safety score missing | regulatory score missing | clinical score missing | clinical_meaningfulness score missing | benefit_risk score missing | decision-safe evidence freshness not verified,86.7,FROZEN_MODEL_FORCE,FDA-DIRECTIONAL-100-V1.9,triheptanoin: primary-source candidates were searched; candidate links and imported cutoffs require verification before they can pass a gate. No affirmative application-specific CMC and facility clearance dossier was established in this run.,,APPROVED,MATCH,STRICT_ENGINE_EVALUATED_SOURCE_SCREENED,RETROSPECTIVE_DEVELOPMENT_NOT_BLIND,STRICT-126-20261006
DBVT|2020-08-03|viaskin-peanut,DBVT,2020-08-03,CRL,STRICT,QUALIFIED,CRL,"Before the Aug 2020 action, FDA publicly told DBV it had efficacy questions tied to patch-site adhesion and cancelled the planned advisory committee while requesting additional information. Under FDA-V3 this is a regulatory/efficacy hard-fail signal and supports CRL.",Qualified strict direction from recorded public evidence.,83.6,V3_RECONSTRUCTED,FDA-DIRECTIONAL-100-V1.9,"Before the Aug 2020 action, FDA publicly told DBV it had efficacy questions tied to patch-site adhesion and cancelled the planned advisory committee while requesting additional information. Under FDA-V3 this is a regulatory/efficacy hard-fail signal and supports CRL.",https://www.sec.gov/Archives/edgar/data/1613780/000119312520075122/d887559d6k.htm | https://www.sec.gov/Archives/edgar/data/1613780/000119312520080633/d862302d20f.htm,CRL,MATCH,ANALYZED_DIRECTION_RECORDED,RETROSPECTIVE_DEVELOPMENT_NOT_BLIND,
KALA|2020-10-30|loteprednol-etabonate,KALA,2020-10-30,APPROVED,STRICT,QUALIFIED,APPROVED,Prior CRL publicly identified the needed remediation as additional efficacy data; STRIDE 3 met both primary symptom endpoints and key secondary sign endpoint; FDA accepted the resubmission as a complete Class 2 response; KALA disclosed that EYSUVIS would use the same qualified cGMP facilities used for FDA-approved INVELTYS; no new unresolved FDA warning identified before action.,Qualified strict direction from recorded public evidence.,49.8,VERIFIED_PREDECISION_PROMOTION,FDA-DIRECTIONAL-100-V1.9,Prior CRL publicly identified the needed remediation as additional efficacy data; STRIDE 3 met both primary symptom endpoints and key secondary sign endpoint; FDA accepted the resubmission as a complete Class 2 response; KALA disclosed that EYSUVIS would use the same qualified cGMP facilities used for FDA-approved INVELTYS; no new unresolved FDA warning identified before action.,https://investors.kalarx.com/news-releases/news-release-details/kala-pharmaceuticals-announces-statistically-significant-results/ | https://www.sec.gov/Archives/edgar/data/1479419/000155837020006941/tmb-20200526x8k.htm | https://www.sec.gov/Archives/edgar/data/1479419/000155837020000733/kala-20191231x10k.htm,APPROVED,MATCH,ANALYZED_DIRECTION_RECORDED,RETROSPECTIVE_DEVELOPMENT_NOT_BLIND,
SUPN|2020-11-08|viloxazine,SUPN,2020-11-08,APPROVED,BROAD,REVIEW_NO_CALL_ANALYZED,REVIEW,Recorded model baseline 86.7%; 50% threshold gives APPROVED. Strict evidence remains incomplete.,application/review-cycle identity not verified | statistics/effectiveness gate unresolved | CMC/product-quality gate unresolved | manufacturing/facility gate unresolved | safety score missing | regulatory score missing | clinical score missing | clinical_meaningfulness score missing | benefit_risk score missing | decision-safe evidence freshness not verified,86.7,FROZEN_MODEL_FORCE,FDA-DIRECTIONAL-100-V1.9,viloxazine: primary-source candidates were searched; candidate links and imported cutoffs require verification before they can pass a gate. No affirmative application-specific CMC and facility clearance dossier was established in this run.,,CRL,MISS,STRICT_ENGINE_EVALUATED_SOURCE_SCREENED,RETROSPECTIVE_DEVELOPMENT_NOT_BLIND,STRICT-126-20261006
ALKS|2020-11-15|olanzapine-samidorphan,ALKS,2020-11-15,APPROVED,BROAD,REVIEW_NO_CALL_ANALYZED,REVIEW,Recorded model baseline 86.7%; 50% threshold gives APPROVED. Strict evidence remains incomplete.,application/review-cycle identity not verified | statistics/effectiveness gate unresolved | CMC/product-quality gate unresolved | manufacturing/facility gate unresolved | safety score missing | regulatory score missing | clinical score missing | clinical_meaningfulness score missing | benefit_risk score missing | decision-safe evidence freshness not verified,86.7,FROZEN_MODEL_FORCE,FDA-DIRECTIONAL-100-V1.9,olanzapine-samidorphan: primary-source candidates were searched; candidate links and imported cutoffs require verification before they can pass a gate. No affirmative application-specific CMC and facility clearance dossier was established in this run.,,CRL,MISS,STRICT_ENGINE_EVALUATED_SOURCE_SCREENED,RETROSPECTIVE_DEVELOPMENT_NOT_BLIND,STRICT-126-20261006
EIGR|2020-11-20|lonafarnib,EIGR,2020-11-20,APPROVED,BROAD,REVIEW_NO_CALL_ANALYZED,REVIEW,Recorded model baseline 86.7%; 50% threshold gives APPROVED. Strict evidence remains incomplete.,application/review-cycle identity not verified | statistics/effectiveness gate unresolved | CMC/product-quality gate unresolved | manufacturing/facility gate unresolved | safety score missing | regulatory score missing | clinical score missing | clinical_meaningfulness score missing | benefit_risk score missing | decision-safe evidence freshness not verified,86.7,FROZEN_MODEL_FORCE,FDA-DIRECTIONAL-100-V1.9,lonafarnib: primary-source candidates were searched; candidate links and imported cutoffs require verification before they can pass a gate. No affirmative application-specific CMC and facility clearance dossier was established in this run.,,APPROVED,MATCH,STRICT_ENGINE_EVALUATED_SOURCE_SCREENED,RETROSPECTIVE_DEVELOPMENT_NOT_BLIND,STRICT-126-20261006
RYTM|2020-11-27|setmelanotide,RYTM,2020-11-27,APPROVED,BROAD,REVIEW_NO_CALL_ANALYZED,REVIEW,Recorded model baseline 86.7%; 50% threshold gives APPROVED. Strict evidence remains incomplete.,application/review-cycle identity not verified | statistics/effectiveness gate unresolved | CMC/product-quality gate unresolved | manufacturing/facility gate unresolved | safety score missing | regulatory score missing | clinical score missing | clinical_meaningfulness score missing | benefit_risk score missing | decision-safe evidence freshness not verified,86.7,FROZEN_MODEL_FORCE,FDA-DIRECTIONAL-100-V1.9,setmelanotide: primary-source candidates were searched; candidate links and imported cutoffs require verification before they can pass a gate. No affirmative application-specific CMC and facility clearance dossier was established in this run.,,APPROVED,MATCH,STRICT_ENGINE_EVALUATED_SOURCE_SCREENED,RETROSPECTIVE_DEVELOPMENT_NOT_BLIND,STRICT-126-20261006
YMAB|2020-11-30|naxitamab,YMAB,2020-11-30,APPROVED,BROAD,REVIEW_NO_CALL_ANALYZED,REVIEW,Recorded model baseline 92.2%; 50% threshold gives APPROVED. Strict evidence remains incomplete.,application/review-cycle identity not verified | statistics/effectiveness gate unresolved | CMC/product-quality gate unresolved | manufacturing/facility gate unresolved | safety score missing | regulatory score missing | clinical score missing | clinical_meaningfulness score missing | benefit_risk score missing | decision-safe evidence freshness not verified,92.2,FROZEN_MODEL_FORCE,FDA-DIRECTIONAL-100-V1.9,naxitamab: primary-source candidates were searched; candidate links and imported cutoffs require verification before they can pass a gate. No affirmative application-specific CMC and facility clearance dossier was established in this run.,,APPROVED,MATCH,STRICT_ENGINE_EVALUATED_SOURCE_SCREENED,RETROSPECTIVE_DEVELOPMENT_NOT_BLIND,STRICT-126-20261006
VNDA|2020-12-01|tasimelteon-sms,VNDA,2020-12-01,APPROVED,BROAD,REVIEW_NO_CALL_ANALYZED,REVIEW,Recorded model baseline 86.7%; 50% threshold gives APPROVED. Strict evidence remains incomplete.,application/review-cycle identity not verified | statistics/effectiveness gate unresolved | CMC/product-quality gate unresolved | manufacturing/facility gate unresolved | safety score missing | regulatory score missing | clinical score missing | clinical_meaningfulness score missing | benefit_risk score missing | decision-safe evidence freshness not verified,86.7,FROZEN_MODEL_FORCE,FDA-DIRECTIONAL-100-V1.9,tasimelteon-sms: primary-source candidates were searched; candidate links and imported cutoffs require verification before they can pass a gate. No affirmative application-specific CMC and facility clearance dossier was established in this run.,,APPROVED,MATCH,STRICT_ENGINE_EVALUATED_SOURCE_SCREENED,RETROSPECTIVE_DEVELOPMENT_NOT_BLIND,STRICT-126-20261006
BCRX|2020-12-03|berotralstat,BCRX,2020-12-03,APPROVED,BROAD,REVIEW_NO_CALL_ANALYZED,REVIEW,Recorded model baseline 86.7%; 50% threshold gives APPROVED. Strict evidence remains incomplete.,application/review-cycle identity not verified | statistics/effectiveness gate unresolved | CMC/product-quality gate unresolved | manufacturing/facility gate unresolved | safety score missing | regulatory score missing | clinical score missing | clinical_meaningfulness score missing | benefit_risk score missing | decision-safe evidence freshness not verified,86.7,FROZEN_MODEL_FORCE,FDA-DIRECTIONAL-100-V1.9,berotralstat: primary-source candidates were searched; candidate links and imported cutoffs require verification before they can pass a gate. No affirmative application-specific CMC and facility clearance dossier was established in this run.,,APPROVED,MATCH,STRICT_ENGINE_EVALUATED_SOURCE_SCREENED,RETROSPECTIVE_DEVELOPMENT_NOT_BLIND,STRICT-126-20261006
KPTI|2020-12-18|selinexor-mm,KPTI,2020-12-18,APPROVED,BROAD,REVIEW_NO_CALL_ANALYZED,REVIEW,Recorded model baseline 92.2%; 50% threshold gives APPROVED. Strict evidence remains incomplete.,application/review-cycle identity not verified | statistics/effectiveness gate unresolved | CMC/product-quality gate unresolved | manufacturing/facility gate unresolved | safety score missing | regulatory score missing | clinical score missing | clinical_meaningfulness score missing | benefit_risk score missing | decision-safe evidence freshness not verified,92.2,FROZEN_MODEL_FORCE,FDA-DIRECTIONAL-100-V1.9,selinexor-mm: primary-source candidates were searched; candidate links and imported cutoffs require verification before they can pass a gate. No affirmative application-specific CMC and facility clearance dossier was established in this run.,,APPROVED,MATCH,STRICT_ENGINE_EVALUATED_SOURCE_SCREENED,RETROSPECTIVE_DEVELOPMENT_NOT_BLIND,STRICT-126-20261006
MGNX|2020-12-18|margetuximab,MGNX,2020-12-18,APPROVED,BROAD,REVIEW_NO_CALL_ANALYZED,REVIEW,Recorded model baseline 92.2%; 50% threshold gives APPROVED. Strict evidence remains incomplete.,application/review-cycle identity not verified | statistics/effectiveness gate unresolved | CMC/product-quality gate unresolved | manufacturing/facility gate unresolved | safety score missing | regulatory score missing | clinical score missing | clinical_meaningfulness score missing | benefit_risk score missing | decision-safe evidence freshness not verified,92.2,FROZEN_MODEL_FORCE,FDA-DIRECTIONAL-100-V1.9,margetuximab: primary-source candidates were searched; candidate links and imported cutoffs require verification before they can pass a gate. No affirmative application-specific CMC and facility clearance dossier was established in this run.,,APPROVED,MATCH,STRICT_ENGINE_EVALUATED_SOURCE_SCREENED,RETROSPECTIVE_DEVELOPMENT_NOT_BLIND,STRICT-126-20261006
MYOV|2020-12-20|relugolix,MYOV,2020-12-20,APPROVED,BROAD,REVIEW_NO_CALL_ANALYZED,REVIEW,Recorded model baseline 86.7%; 50% threshold gives APPROVED. Strict evidence remains incomplete.,application/review-cycle identity not verified | statistics/effectiveness gate unresolved | CMC/product-quality gate unresolved | manufacturing/facility gate unresolved | safety score missing | regulatory score missing | clinical score missing | clinical_meaningfulness score missing | benefit_risk score missing | decision-safe evidence freshness not verified,86.7,FROZEN_MODEL_FORCE,FDA-DIRECTIONAL-100-V1.9,relugolix: primary-source candidates were searched; candidate links and imported cutoffs require verification before they can pass a gate. No affirmative application-specific CMC and facility clearance dossier was established in this run.,,APPROVED,MATCH,STRICT_ENGINE_EVALUATED_SOURCE_SCREENED,RETROSPECTIVE_DEVELOPMENT_NOT_BLIND,STRICT-126-20261006
AUPH|2021-01-22|voclosporin,AUPH,2021-01-22,APPROVED,BROAD,REVIEW_NO_CALL_ANALYZED,REVIEW,Recorded model baseline 86.7%; 50% threshold gives APPROVED. Strict evidence remains incomplete.,application/review-cycle identity not verified | statistics/effectiveness gate unresolved | CMC/product-quality gate unresolved | manufacturing/facility gate unresolved | safety score missing | regulatory score missing | clinical score missing | clinical_meaningfulness score missing | benefit_risk score missing | decision-safe evidence freshness not verified,86.7,FROZEN_MODEL_FORCE,FDA-DIRECTIONAL-100-V1.9,voclosporin: primary-source candidates were searched; candidate links and imported cutoffs require verification before they can pass a gate. No affirmative application-specific CMC and facility clearance dossier was established in this run.,,APPROVED,MATCH,STRICT_ENGINE_EVALUATED_SOURCE_SCREENED,RETROSPECTIVE_DEVELOPMENT_NOT_BLIND,STRICT-126-20261006
GTHX|2021-02-15|trilaciclib,GTHX,2021-02-15,APPROVED,BROAD,REVIEW_NO_CALL_ANALYZED,REVIEW,Recorded model baseline 86.7%; 50% threshold gives APPROVED. Strict evidence remains incomplete.,application/review-cycle identity not verified | statistics/effectiveness gate unresolved | CMC/product-quality gate unresolved | manufacturing/facility gate unresolved | safety score missing | regulatory score missing | clinical score missing | clinical_meaningfulness score missing | benefit_risk score missing | decision-safe evidence freshness not verified,86.7,FROZEN_MODEL_FORCE,FDA-DIRECTIONAL-100-V1.9,trilaciclib: primary-source candidates were searched; candidate links and imported cutoffs require verification before they can pass a gate. No affirmative application-specific CMC and facility clearance dossier was established in this run.,,APPROVED,MATCH,STRICT_ENGINE_EVALUATED_SOURCE_SCREENED,RETROSPECTIVE_DEVELOPMENT_NOT_BLIND,STRICT-126-20261006
TGTX|2021-02-15|umbralisib,TGTX,2021-02-15,APPROVED,BROAD,REVIEW_NO_CALL_ANALYZED,REVIEW,Recorded model baseline 92.2%; 50% threshold gives APPROVED. Strict evidence remains incomplete.,application/review-cycle identity not verified | statistics/effectiveness gate unresolved | CMC/product-quality gate unresolved | manufacturing/facility gate unresolved | safety score missing | regulatory score missing | clinical score missing | clinical_meaningfulness score missing | benefit_risk score missing | decision-safe evidence freshness not verified,92.2,FROZEN_MODEL_FORCE,FDA-DIRECTIONAL-100-V1.9,umbralisib: primary-source candidates were searched; candidate links and imported cutoffs require verification before they can pass a gate. No affirmative application-specific CMC and facility clearance dossier was established in this run.,,APPROVED,MATCH,STRICT_ENGINE_EVALUATED_SOURCE_SCREENED,RETROSPECTIVE_DEVELOPMENT_NOT_BLIND,STRICT-126-20261006
CRMD|2021-02-26|defencath,CRMD,2021-02-26,CRL,BROAD,REVIEW_NO_CALL_ANALYZED,REVIEW,Clinical/regulatory/CMC risk rule overrides the baseline direction. Final assessed direction: CRL.,application/review-cycle identity not verified | statistics/effectiveness gate unresolved | CMC/product-quality gate unresolved | manufacturing/facility gate unresolved | safety score missing | regulatory score missing | clinical score missing | clinical_meaningfulness score missing | benefit_risk score missing | decision-safe evidence freshness not verified,61.7,FDA_DOMAIN_RISK_OVERRIDE,FDA-DIRECTIONAL-100-V1.9,defencath: primary-source candidates were searched; candidate links and imported cutoffs require verification before they can pass a gate. No affirmative application-specific CMC and facility clearance dossier was established in this run.,,CRL,MATCH,STRICT_ENGINE_EVALUATED_SOURCE_SCREENED,RETROSPECTIVE_DEVELOPMENT_NOT_BLIND,STRICT-126-20261006
ATNX|2021-03-01|oral-paclitaxel,ATNX,2021-03-01,CRL,BROAD,REVIEW_NO_CALL_ANALYZED,REVIEW,Clinical/regulatory/CMC risk rule overrides the baseline direction. Final assessed direction: CRL.,application/review-cycle identity not verified | statistics/effectiveness gate unresolved | CMC/product-quality gate unresolved | manufacturing/facility gate unresolved | safety score missing | regulatory score missing | clinical score missing | clinical_meaningfulness score missing | benefit_risk score missing | decision-safe evidence freshness not verified,95.0,FDA_DOMAIN_RISK_OVERRIDE,FDA-DIRECTIONAL-100-V1.9,oral-paclitaxel: primary-source candidates were searched; candidate links and imported cutoffs require verification before they can pass a gate. No affirmative application-specific CMC and facility clearance dossier was established in this run.,,CRL,MATCH,STRICT_ENGINE_EVALUATED_SOURCE_SCREENED,RETROSPECTIVE_DEVELOPMENT_NOT_BLIND,STRICT-126-20261006
BLUE|2021-03-27|idecabtagene-vicleucel,BLUE,2021-03-27,APPROVED,BROAD,REVIEW_NO_CALL_ANALYZED,REVIEW,Recorded model baseline 99.2%; 50% threshold gives APPROVED. Strict evidence remains incomplete.,application/review-cycle identity not verified | statistics/effectiveness gate unresolved | CMC/product-quality gate unresolved | manufacturing/facility gate unresolved | safety score missing | regulatory score missing | clinical score missing | clinical_meaningfulness score missing | benefit_risk score missing | decision-safe evidence freshness not verified,99.2,FROZEN_MODEL_FORCE,FDA-DIRECTIONAL-100-V1.9,idecabtagene-vicleucel: primary-source candidates were searched; candidate links and imported cutoffs require verification before they can pass a gate. No affirmative application-specific CMC and facility clearance dossier was established in this run.,,APPROVED,MATCH,STRICT_ENGINE_EVALUATED_SOURCE_SCREENED,RETROSPECTIVE_DEVELOPMENT_NOT_BLIND,STRICT-126-20261006
SUPN|2021-04-02|viloxazine-resubmission,SUPN,2021-04-02,APPROVED,STRICT,QUALIFIED,APPROVED,explicit pre-decision remediation/low-blocking-risk evidence,Qualified strict direction from recorded public evidence.,49.8,V3_RECONSTRUCTED,FDA-DIRECTIONAL-100-V1.9,explicit pre-decision remediation/low-blocking-risk evidence,,APPROVED,MATCH,ANALYZED_DIRECTION_RECORDED,RETROSPECTIVE_DEVELOPMENT_NOT_BLIND,
ACAD|2021-04-03|pimavanserin-drp,ACAD,2021-04-03,CRL,STRICT,QUALIFIED,CRL,"On Mar 3 2021, before the PDUFA action, FDA notified ACAD that deficiencies precluded discussion of labeling and post-marketing requirements. Under FDA-V3 this is a strong unresolved regulatory hard-fail signal and supports CRL.",Qualified strict direction from recorded public evidence.,83.6,V3_RECONSTRUCTED,FDA-DIRECTIONAL-100-V1.9,"On Mar 3 2021, before the PDUFA action, FDA notified ACAD that deficiencies precluded discussion of labeling and post-marketing requirements. Under FDA-V3 this is a strong unresolved regulatory hard-fail signal and supports CRL.",https://www.sec.gov/Archives/edgar/data/1070494/000119312521073270/d152677dex991.htm,CRL,MATCH,ANALYZED_DIRECTION_RECORDED,RETROSPECTIVE_DEVELOPMENT_NOT_BLIND,
APLS|2021-05-14|pegcetacoplan,APLS,2021-05-14,APPROVED,BROAD,REVIEW_NO_CALL_ANALYZED,REVIEW,Recorded model baseline 86.7%; 50% threshold gives APPROVED. Strict evidence remains incomplete.,application/review-cycle identity not verified | statistics/effectiveness gate unresolved | CMC/product-quality gate unresolved | manufacturing/facility gate unresolved | safety score missing | regulatory score missing | clinical score missing | clinical_meaningfulness score missing | benefit_risk score missing | decision-safe evidence freshness not verified,86.7,FROZEN_MODEL_FORCE,FDA-DIRECTIONAL-100-V1.9,pegcetacoplan: primary-source candidates were searched; candidate links and imported cutoffs require verification before they can pass a gate. No affirmative application-specific CMC and facility clearance dossier was established in this run.,,APPROVED,MATCH,STRICT_ENGINE_EVALUATED_SOURCE_SCREENED,RETROSPECTIVE_DEVELOPMENT_NOT_BLIND,STRICT-126-20261006
ADCT|2021-05-21|loncastuximab-tesirine,ADCT,2021-05-21,APPROVED,BROAD,REVIEW_NO_CALL_ANALYZED,REVIEW,Recorded model baseline 92.2%; 50% threshold gives APPROVED. Strict evidence remains incomplete.,application/review-cycle identity not verified | statistics/effectiveness gate unresolved | CMC/product-quality gate unresolved | manufacturing/facility gate unresolved | safety score missing | regulatory score missing | clinical score missing | clinical_meaningfulness score missing | benefit_risk score missing | decision-safe evidence freshness not verified,92.2,FROZEN_MODEL_FORCE,FDA-DIRECTIONAL-100-V1.9,loncastuximab-tesirine: primary-source candidates were searched; candidate links and imported cutoffs require verification before they can pass a gate. No affirmative application-specific CMC and facility clearance dossier was established in this run.,,APPROVED,MATCH,STRICT_ENGINE_EVALUATED_SOURCE_SCREENED,RETROSPECTIVE_DEVELOPMENT_NOT_BLIND,STRICT-126-20261006
LNTH|2021-05-28|piflufolastat-f18,LNTH,2021-05-28,APPROVED,BROAD,REVIEW_NO_CALL_ANALYZED,REVIEW,Recorded model baseline 86.7%; 50% threshold gives APPROVED. Strict evidence remains incomplete.,application/review-cycle identity not verified | statistics/effectiveness gate unresolved | CMC/product-quality gate unresolved | manufacturing/facility gate unresolved | safety score missing | regulatory score missing | clinical score missing | clinical_meaningfulness score missing | benefit_risk score missing | decision-safe evidence freshness not verified,86.7,FROZEN_MODEL_FORCE,FDA-DIRECTIONAL-100-V1.9,piflufolastat-f18: primary-source candidates were searched; candidate links and imported cutoffs require verification before they can pass a gate. No affirmative application-specific CMC and facility clearance dossier was established in this run.,,APPROVED,MATCH,STRICT_ENGINE_EVALUATED_SOURCE_SCREENED,RETROSPECTIVE_DEVELOPMENT_NOT_BLIND,STRICT-126-20261006
ORPH|2021-06-17|arimoclomol,ORPH,2021-06-17,CRL,BROAD,REVIEW_NO_CALL_ANALYZED,REVIEW,Late-cycle regulatory risk rule overrides the baseline direction. Final assessed direction: CRL.,application/review-cycle identity not verified | statistics/effectiveness gate unresolved | CMC/product-quality gate unresolved | manufacturing/facility gate unresolved | safety score missing | regulatory score missing | clinical score missing | clinical_meaningfulness score missing | benefit_risk score missing | decision-safe evidence freshness not verified,83.6,EVENT_RISK_OVERRIDE,FDA-DIRECTIONAL-100-V1.9,arimoclomol: primary-source candidates were searched; candidate links and imported cutoffs require verification before they can pass a gate. No affirmative application-specific CMC and facility clearance dossier was established in this run.,,CRL,MATCH,STRICT_ENGINE_EVALUATED_SOURCE_SCREENED,RETROSPECTIVE_DEVELOPMENT_NOT_BLIND,STRICT-126-20261006
PRVB|2021-07-02|teplizumab,PRVB,2021-07-02,CRL,STRICT,QUALIFIED,CRL,FDA concluded proposed commercial and historic trial products failed the prespecified PK AUC comparability range; source is the original 2021 review cycle.,CMC/product-quality gate failed | statistics/effectiveness gate unresolved | manufacturing/facility gate unresolved | safety score missing | regulatory score missing | clinical score missing | clinical_meaningfulness score missing | benefit_risk score missing,99.2,STRICT_126_FDA_V3_2,FDA-V3.2,FDA concluded proposed commercial and historic trial products failed the prespecified PK AUC comparability range; source is the original 2021 review cycle.,https://www.sec.gov/Archives/edgar/data/1695357/000149315221009858/ex99-1.htm,CRL,MATCH,STRICT_ENGINE_EVALUATED_SOURCE_SCREENED,RETROSPECTIVE_DEVELOPMENT_NOT_BLIND,STRICT-126-20261006
ALBO|2021-07-20|odevixibat,ALBO,2021-07-20,APPROVED,BROAD,REVIEW_NO_CALL_ANALYZED,REVIEW,Recorded model baseline 86.7%; 50% threshold gives APPROVED. Strict evidence remains incomplete.,application/review-cycle identity not verified | statistics/effectiveness gate unresolved | CMC/product-quality gate unresolved | manufacturing/facility gate unresolved | safety score missing | regulatory score missing | clinical score missing | clinical_meaningfulness score missing | benefit_risk score missing | decision-safe evidence freshness not verified,86.7,FROZEN_MODEL_FORCE,FDA-DIRECTIONAL-100-V1.9,odevixibat: primary-source candidates were searched; candidate links and imported cutoffs require verification before they can pass a gate. No affirmative application-specific CMC and facility clearance dossier was established in this run.,,APPROVED,MATCH,STRICT_ENGINE_EVALUATED_SOURCE_SCREENED,RETROSPECTIVE_DEVELOPMENT_NOT_BLIND,STRICT-126-20261006
ARDX|2021-07-29|tenapanor,ARDX,2021-07-29,CRL,BROAD,REVIEW_NO_CALL_ANALYZED,REVIEW,Late-cycle regulatory risk rule overrides the baseline direction. Final assessed direction: CRL.,application/review-cycle identity not verified | statistics/effectiveness gate unresolved | CMC/product-quality gate unresolved | manufacturing/facility gate unresolved | safety score missing | regulatory score missing | clinical score missing | clinical_meaningfulness score missing | benefit_risk score missing | decision-safe evidence freshness not verified,86.7,EVENT_RISK_OVERRIDE,FDA-DIRECTIONAL-100-V1.9,tenapanor: primary-source candidates were searched; candidate links and imported cutoffs require verification before they can pass a gate. No affirmative application-specific CMC and facility clearance dossier was established in this run.,,CRL,MATCH,STRICT_ENGINE_EVALUATED_SOURCE_SCREENED,RETROSPECTIVE_DEVELOPMENT_NOT_BLIND,STRICT-126-20261006
SPPI|2021-08-06|eflapegrastim,SPPI,2021-08-06,CRL,BROAD,REVIEW_NO_CALL_ANALYZED,REVIEW,Clinical/regulatory/CMC risk rule overrides the baseline direction. Final assessed direction: CRL.,application/review-cycle identity not verified | statistics/effectiveness gate unresolved | CMC/product-quality gate unresolved | manufacturing/facility gate unresolved | safety score missing | regulatory score missing | clinical score missing | clinical_meaningfulness score missing | benefit_risk score missing | decision-safe evidence freshness not verified,61.7,FDA_DOMAIN_RISK_OVERRIDE,FDA-DIRECTIONAL-100-V1.9,eflapegrastim: primary-source candidates were searched; candidate links and imported cutoffs require verification before they can pass a gate. No affirmative application-specific CMC and facility clearance dossier was established in this run.,,CRL,MATCH,STRICT_ENGINE_EVALUATED_SOURCE_SCREENED,RETROSPECTIVE_DEVELOPMENT_NOT_BLIND,STRICT-126-20261006
SESN|2021-08-18|vicineum,SESN,2021-08-18,CRL,BROAD,REVIEW_NO_CALL_ANALYZED,REVIEW,Late-cycle regulatory risk rule overrides the baseline direction. Final assessed direction: CRL.,application/review-cycle identity not verified | statistics/effectiveness gate unresolved | CMC/product-quality gate unresolved | manufacturing/facility gate unresolved | safety score missing | regulatory score missing | clinical score missing | clinical_meaningfulness score missing | benefit_risk score missing | decision-safe evidence freshness not verified,86.7,EVENT_RISK_OVERRIDE,FDA-DIRECTIONAL-100-V1.9,vicineum: primary-source candidates were searched; candidate links and imported cutoffs require verification before they can pass a gate. No affirmative application-specific CMC and facility clearance dossier was established in this run.,,CRL,MATCH,STRICT_ENGINE_EVALUATED_SOURCE_SCREENED,RETROSPECTIVE_DEVELOPMENT_NOT_BLIND,STRICT-126-20261006
CARA|2021-08-23|difelikefalin,CARA,2021-08-23,APPROVED,BROAD,REVIEW_NO_CALL_ANALYZED,REVIEW,Recorded model baseline 86.7%; 50% threshold gives APPROVED. Strict evidence remains incomplete.,application/review-cycle identity not verified | statistics/effectiveness gate unresolved | CMC/product-quality gate unresolved | manufacturing/facility gate unresolved | safety score missing | regulatory score missing | clinical score missing | clinical_meaningfulness score missing | benefit_risk score missing | decision-safe evidence freshness not verified,86.7,FROZEN_MODEL_FORCE,FDA-DIRECTIONAL-100-V1.9,difelikefalin: primary-source candidates were searched; candidate links and imported cutoffs require verification before they can pass a gate. No affirmative application-specific CMC and facility clearance dossier was established in this run.,,APPROVED,MATCH,STRICT_ENGINE_EVALUATED_SOURCE_SCREENED,RETROSPECTIVE_DEVELOPMENT_NOT_BLIND,STRICT-126-20261006
ASND|2021-09-25|lonapegsomatropin,ASND,2021-09-25,APPROVED,BROAD,REVIEW_NO_CALL_ANALYZED,REVIEW,Recorded model baseline 86.7%; 50% threshold gives APPROVED. Strict evidence remains incomplete.,application/review-cycle identity not verified | statistics/effectiveness gate unresolved | CMC/product-quality gate unresolved | manufacturing/facility gate unresolved | safety score missing | regulatory score missing | clinical score missing | clinical_meaningfulness score missing | benefit_risk score missing | decision-safe evidence freshness not verified,86.7,FROZEN_MODEL_FORCE,FDA-DIRECTIONAL-100-V1.9,lonapegsomatropin: primary-source candidates were searched; candidate links and imported cutoffs require verification before they can pass a gate. No affirmative application-specific CMC and facility clearance dossier was established in this run.,,APPROVED,MATCH,STRICT_ENGINE_EVALUATED_SOURCE_SCREENED,RETROSPECTIVE_DEVELOPMENT_NOT_BLIND,STRICT-126-20261006
MIRM|2021-09-29|maralixibat,MIRM,2021-09-29,APPROVED,BROAD,REVIEW_NO_CALL_ANALYZED,REVIEW,Recorded model baseline 86.7%; 50% threshold gives APPROVED. Strict evidence remains incomplete.,application/review-cycle identity not verified | statistics/effectiveness gate unresolved | CMC/product-quality gate unresolved | manufacturing/facility gate unresolved | safety score missing | regulatory score missing | clinical score missing | clinical_meaningfulness score missing | benefit_risk score missing | decision-safe evidence freshness not verified,86.7,FROZEN_MODEL_FORCE,FDA-DIRECTIONAL-100-V1.9,maralixibat: primary-source candidates were searched; candidate links and imported cutoffs require verification before they can pass a gate. No affirmative application-specific CMC and facility clearance dossier was established in this run.,,APPROVED,MATCH,STRICT_ENGINE_EVALUATED_SOURCE_SCREENED,RETROSPECTIVE_DEVELOPMENT_NOT_BLIND,STRICT-126-20261006
CCXI|2021-10-07|avacopan,CCXI,2021-10-07,APPROVED,BROAD,REVIEW_NO_CALL_ANALYZED,REVIEW,Recorded model baseline 99.2%; 50% threshold gives APPROVED. Strict evidence remains incomplete.,application/review-cycle identity not verified | statistics/effectiveness gate unresolved | CMC/product-quality gate unresolved | manufacturing/facility gate unresolved | safety score missing | regulatory score missing | clinical score missing | clinical_meaningfulness score missing | benefit_risk score missing | decision-safe evidence freshness not verified,99.2,FROZEN_MODEL_FORCE,FDA-DIRECTIONAL-100-V1.9,avacopan: primary-source candidates were searched; candidate links and imported cutoffs require verification before they can pass a gate. No affirmative application-specific CMC and facility clearance dossier was established in this run.,,APPROVED,MATCH,STRICT_ENGINE_EVALUATED_SOURCE_SCREENED,RETROSPECTIVE_DEVELOPMENT_NOT_BLIND,STRICT-126-20261006
RVNC|2021-10-15|daxibotulinumtoxina,RVNC,2021-10-15,CRL,BROAD,REVIEW_NO_CALL_ANALYZED,REVIEW,Clinical/regulatory/CMC risk rule overrides the baseline direction. Final assessed direction: CRL.,application/review-cycle identity not verified | statistics/effectiveness gate unresolved | CMC/product-quality gate unresolved | manufacturing/facility gate unresolved | safety score missing | regulatory score missing | clinical score missing | clinical_meaningfulness score missing | benefit_risk score missing | decision-safe evidence freshness not verified,86.7,FDA_DOMAIN_RISK_OVERRIDE,FDA-DIRECTIONAL-100-V1.9,daxibotulinumtoxina: primary-source candidates were searched; candidate links and imported cutoffs require verification before they can pass a gate. No affirmative application-specific CMC and facility clearance dossier was established in this run.,,CRL,MATCH,STRICT_ENGINE_EVALUATED_SOURCE_SCREENED,RETROSPECTIVE_DEVELOPMENT_NOT_BLIND,STRICT-126-20261006
UTHR|2021-10-16|tyvaso-dpi,UTHR,2021-10-16,CRL,BROAD,REVIEW_NO_CALL_ANALYZED,REVIEW,Clinical/regulatory/CMC risk rule overrides the baseline direction. Final assessed direction: CRL.,application/review-cycle identity not verified | statistics/effectiveness gate unresolved | CMC/product-quality gate unresolved | manufacturing/facility gate unresolved | safety score missing | regulatory score missing | clinical score missing | clinical_meaningfulness score missing | benefit_risk score missing | decision-safe evidence freshness not verified,61.7,FDA_DOMAIN_RISK_OVERRIDE,FDA-DIRECTIONAL-100-V1.9,tyvaso-dpi: primary-source candidates were searched; candidate links and imported cutoffs require verification before they can pass a gate. No affirmative application-specific CMC and facility clearance dossier was established in this run.,,CRL,MATCH,STRICT_ENGINE_EVALUATED_SOURCE_SCREENED,RETROSPECTIVE_DEVELOPMENT_NOT_BLIND,STRICT-126-20261006
OMER|2021-10-17|narsoplimab,OMER,2021-10-17,CRL,STRICT,QUALIFIED,CRL,explicit pre-decision FDA/effectiveness deficiency,Qualified strict direction from recorded public evidence.,83.6,V3_RECONSTRUCTED,FDA-DIRECTIONAL-100-V1.9,explicit pre-decision FDA/effectiveness deficiency,,CRL,MATCH,ANALYZED_DIRECTION_RECORDED,RETROSPECTIVE_DEVELOPMENT_NOT_BLIND,
IMCR|2022-01-26|tebentafusp,IMCR,2022-01-26,APPROVED,BROAD,REVIEW_NO_CALL_ANALYZED,REVIEW,Recorded model baseline 86.7%; 50% threshold gives APPROVED. Strict evidence remains incomplete.,application/review-cycle identity not verified | statistics/effectiveness gate unresolved | CMC/product-quality gate unresolved | manufacturing/facility gate unresolved | safety score missing | regulatory score missing | clinical score missing | clinical_meaningfulness score missing | benefit_risk score missing | decision-safe evidence freshness not verified,86.7,FROZEN_MODEL_FORCE,FDA-DIRECTIONAL-100-V1.9,tebentafusp: primary-source candidates were searched; candidate links and imported cutoffs require verification before they can pass a gate. No affirmative application-specific CMC and facility clearance dossier was established in this run.,,APPROVED,MATCH,STRICT_ENGINE_EVALUATED_SOURCE_SCREENED,RETROSPECTIVE_DEVELOPMENT_NOT_BLIND,STRICT-126-20261006
OPK|2022-01-31|somatrogon,OPK,2022-01-31,APPROVED,BROAD,REVIEW_NO_CALL_ANALYZED,REVIEW,Recorded model baseline 86.7%; 50% threshold gives APPROVED. Strict evidence remains incomplete.,application/review-cycle identity not verified | statistics/effectiveness gate unresolved | CMC/product-quality gate unresolved | manufacturing/facility gate unresolved | safety score missing | regulatory score missing | clinical score missing | clinical_meaningfulness score missing | benefit_risk score missing | decision-safe evidence freshness not verified,86.7,FROZEN_MODEL_FORCE,FDA-DIRECTIONAL-100-V1.9,somatrogon: primary-source candidates were searched; candidate links and imported cutoffs require verification before they can pass a gate. No affirmative application-specific CMC and facility clearance dossier was established in this run.,,CRL,MISS,STRICT_ENGINE_EVALUATED_SOURCE_SCREENED,RETROSPECTIVE_DEVELOPMENT_NOT_BLIND,STRICT-126-20261006
AGIO|2022-02-17|mitapivat,AGIO,2022-02-17,APPROVED,BROAD,REVIEW_NO_CALL_ANALYZED,REVIEW,Recorded model baseline 86.7%; 50% threshold gives APPROVED. Strict evidence remains incomplete.,application/review-cycle identity not verified | statistics/effectiveness gate unresolved | CMC/product-quality gate unresolved | manufacturing/facility gate unresolved | safety score missing | regulatory score missing | clinical score missing | clinical_meaningfulness score missing | benefit_risk score missing | decision-safe evidence freshness not verified,86.7,FROZEN_MODEL_FORCE,FDA-DIRECTIONAL-100-V1.9,mitapivat: primary-source candidates were searched; candidate links and imported cutoffs require verification before they can pass a gate. No affirmative application-specific CMC and facility clearance dossier was established in this run.,,APPROVED,MATCH,STRICT_ENGINE_EVALUATED_SOURCE_SCREENED,RETROSPECTIVE_DEVELOPMENT_NOT_BLIND,STRICT-126-20261006
RETA|2022-02-25|bardoxolone,RETA,2022-02-25,CRL,BROAD,REVIEW_NO_CALL_ANALYZED,REVIEW,Clinical/regulatory/CMC risk rule overrides the baseline direction. Final assessed direction: CRL.,application/review-cycle identity not verified | statistics/effectiveness gate unresolved | CMC/product-quality gate unresolved | manufacturing/facility gate unresolved | safety score missing | regulatory score missing | clinical score missing | clinical_meaningfulness score missing | benefit_risk score missing | decision-safe evidence freshness not verified,99.0,FDA_DOMAIN_RISK_OVERRIDE,FDA-DIRECTIONAL-100-V1.9,bardoxolone: primary-source candidates were searched; candidate links and imported cutoffs require verification before they can pass a gate. No affirmative application-specific CMC and facility clearance dossier was established in this run.,,CRL,MATCH,STRICT_ENGINE_EVALUATED_SOURCE_SCREENED,RETROSPECTIVE_DEVELOPMENT_NOT_BLIND,STRICT-126-20261006
AMYT|2022-02-28|filsuvez,AMYT,2022-02-28,CRL,BROAD,REVIEW_NO_CALL_ANALYZED,REVIEW,Late-cycle regulatory risk rule overrides the baseline direction. Final assessed direction: CRL.,application/review-cycle identity not verified | statistics/effectiveness gate unresolved | CMC/product-quality gate unresolved | manufacturing/facility gate unresolved | safety score missing | regulatory score missing | clinical score missing | clinical_meaningfulness score missing | benefit_risk score missing | decision-safe evidence freshness not verified,86.7,EVENT_RISK_OVERRIDE,FDA-DIRECTIONAL-100-V1.9,filsuvez: primary-source candidates were searched; candidate links and imported cutoffs require verification before they can pass a gate. No affirmative application-specific CMC and facility clearance dossier was established in this run.,,CRL,MATCH,STRICT_ENGINE_EVALUATED_SOURCE_SCREENED,RETROSPECTIVE_DEVELOPMENT_NOT_BLIND,STRICT-126-20261006
CTIC|2022-02-28|pacritinib,CTIC,2022-02-28,APPROVED,BROAD,REVIEW_NO_CALL_ANALYZED,REVIEW,Recorded model baseline 64.1%; 50% threshold gives APPROVED. Strict evidence remains incomplete.,application/review-cycle identity not verified | statistics/effectiveness gate unresolved | CMC/product-quality gate unresolved | manufacturing/facility gate unresolved | safety score missing | regulatory score missing | clinical score missing | clinical_meaningfulness score missing | benefit_risk score missing | decision-safe evidence freshness not verified,64.1,FROZEN_MODEL_FORCE,FDA-DIRECTIONAL-100-V1.9,pacritinib: primary-source candidates were searched; candidate links and imported cutoffs require verification before they can pass a gate. No affirmative application-specific CMC and facility clearance dossier was established in this run.,,APPROVED,MATCH,STRICT_ENGINE_EVALUATED_SOURCE_SCREENED,RETROSPECTIVE_DEVELOPMENT_NOT_BLIND,STRICT-126-20261006
LEGN|2022-02-28|ciltacabtagene-autoleucel,LEGN,2022-02-28,APPROVED,BROAD,REVIEW_NO_CALL_ANALYZED,REVIEW,Recorded model baseline 92.2%; 50% threshold gives APPROVED. Strict evidence remains incomplete.,application/review-cycle identity not verified | statistics/effectiveness gate unresolved | CMC/product-quality gate unresolved | manufacturing/facility gate unresolved | safety score missing | regulatory score missing | clinical score missing | clinical_meaningfulness score missing | benefit_risk score missing | decision-safe evidence freshness not verified,92.2,FROZEN_MODEL_FORCE,FDA-DIRECTIONAL-100-V1.9,ciltacabtagene-autoleucel: primary-source candidates were searched; candidate links and imported cutoffs require verification before they can pass a gate. No affirmative application-specific CMC and facility clearance dossier was established in this run.,,APPROVED,MATCH,STRICT_ENGINE_EVALUATED_SOURCE_SCREENED,RETROSPECTIVE_DEVELOPMENT_NOT_BLIND,STRICT-126-20261006
MRNS|2022-03-20|ganaxolone,MRNS,2022-03-20,APPROVED,BROAD,REVIEW_NO_CALL_ANALYZED,REVIEW,Recorded model baseline 86.7%; 50% threshold gives APPROVED. Strict evidence remains incomplete.,application/review-cycle identity not verified | statistics/effectiveness gate unresolved | CMC/product-quality gate unresolved | manufacturing/facility gate unresolved | safety score missing | regulatory score missing | clinical score missing | clinical_meaningfulness score missing | benefit_risk score missing | decision-safe evidence freshness not verified,86.7,FROZEN_MODEL_FORCE,FDA-DIRECTIONAL-100-V1.9,ganaxolone: primary-source candidates were searched; candidate links and imported cutoffs require verification before they can pass a gate. No affirmative application-specific CMC and facility clearance dossier was established in this run.,,APPROVED,MATCH,STRICT_ENGINE_EVALUATED_SOURCE_SCREENED,RETROSPECTIVE_DEVELOPMENT_NOT_BLIND,STRICT-126-20261006
AKBA|2022-03-29|vadadustat,AKBA,2022-03-29,CRL,STRICT,QUALIFIED,CRL,PRO2TECT failed its primary MACE safety non-inferiority endpoint; original NDA included the affected non-dialysis population.,statistics/effectiveness gate failed | CMC/product-quality gate unresolved | manufacturing/facility gate unresolved | safety score missing | regulatory score missing | clinical score missing | clinical_meaningfulness score missing | benefit_risk score missing,92.2,STRICT_126_FDA_V3_2,FDA-V3.2,PRO2TECT failed its primary MACE safety non-inferiority endpoint; original NDA included the affected non-dialysis population.,https://ir.akebia.com/news-releases/news-release-details/akebia-therapeutics-announces-top-line-results-its-pro2tect,CRL,MATCH,STRICT_ENGINE_EVALUATED_SOURCE_SCREENED,RETROSPECTIVE_DEVELOPMENT_NOT_BLIND,STRICT-126-20261006
BTAI|2022-04-05|dexmedetomidine-film,BTAI,2022-04-05,APPROVED,BROAD,REVIEW_NO_CALL_ANALYZED,REVIEW,Recorded model baseline 86.7%; 50% threshold gives APPROVED. Strict evidence remains incomplete.,application/review-cycle identity not verified | statistics/effectiveness gate unresolved | CMC/product-quality gate unresolved | manufacturing/facility gate unresolved | safety score missing | regulatory score missing | clinical score missing | clinical_meaningfulness score missing | benefit_risk score missing | decision-safe evidence freshness not verified,86.7,FROZEN_MODEL_FORCE,FDA-DIRECTIONAL-100-V1.9,dexmedetomidine-film: primary-source candidates were searched; candidate links and imported cutoffs require verification before they can pass a gate. No affirmative application-specific CMC and facility clearance dossier was established in this run.,,APPROVED,MATCH,STRICT_ENGINE_EVALUATED_SOURCE_SCREENED,RETROSPECTIVE_DEVELOPMENT_NOT_BLIND,STRICT-126-20261006
CHRS|2022-04-30|toripalimab,CHRS,2022-04-30,CRL,BROAD,REVIEW_NO_CALL_ANALYZED,REVIEW,Late-cycle regulatory risk rule overrides the baseline direction. Final assessed direction: CRL.,application/review-cycle identity not verified | statistics/effectiveness gate unresolved | CMC/product-quality gate unresolved | manufacturing/facility gate unresolved | safety score missing | regulatory score missing | clinical score missing | clinical_meaningfulness score missing | benefit_risk score missing | decision-safe evidence freshness not verified,61.7,EVENT_RISK_OVERRIDE,FDA-DIRECTIONAL-100-V1.9,toripalimab: primary-source candidates were searched; candidate links and imported cutoffs require verification before they can pass a gate. No affirmative application-specific CMC and facility clearance dossier was established in this run.,,CRL,MATCH,STRICT_ENGINE_EVALUATED_SOURCE_SCREENED,RETROSPECTIVE_DEVELOPMENT_NOT_BLIND,STRICT-126-20261006
HCM|2022-04-30|surufatinib,HCM,2022-04-30,CRL,BROAD,REVIEW_NO_CALL_ANALYZED,REVIEW,Clinical/regulatory/CMC risk rule overrides the baseline direction. Final assessed direction: CRL.,application/review-cycle identity not verified | statistics/effectiveness gate unresolved | CMC/product-quality gate unresolved | manufacturing/facility gate unresolved | safety score missing | regulatory score missing | clinical score missing | clinical_meaningfulness score missing | benefit_risk score missing | decision-safe evidence freshness not verified,95.0,FDA_DOMAIN_RISK_OVERRIDE,FDA-DIRECTIONAL-100-V1.9,surufatinib: primary-source candidates were searched; candidate links and imported cutoffs require verification before they can pass a gate. No affirmative application-specific CMC and facility clearance dossier was established in this run.,,CRL,MATCH,STRICT_ENGINE_EVALUATED_SOURCE_SCREENED,RETROSPECTIVE_DEVELOPMENT_NOT_BLIND,STRICT-126-20261006
ARQT|2022-07-29|roflumilast-cream,ARQT,2022-07-29,APPROVED,BROAD,REVIEW_NO_CALL_ANALYZED,REVIEW,Recorded model baseline 86.7%; 50% threshold gives APPROVED. Strict evidence remains incomplete.,application/review-cycle identity not verified | statistics/effectiveness gate unresolved | CMC/product-quality gate unresolved | manufacturing/facility gate unresolved | safety score missing | regulatory score missing | clinical score missing | clinical_meaningfulness score missing | benefit_risk score missing | decision-safe evidence freshness not verified,86.7,FROZEN_MODEL_FORCE,FDA-DIRECTIONAL-100-V1.9,roflumilast-cream: primary-source candidates were searched; candidate links and imported cutoffs require verification before they can pass a gate. No affirmative application-specific CMC and facility clearance dossier was established in this run.,,APPROVED,MATCH,STRICT_ENGINE_EVALUATED_SOURCE_SCREENED,RETROSPECTIVE_DEVELOPMENT_NOT_BLIND,STRICT-126-20261006
CRMD|2022-08-04|defencath-resubmission,CRMD,2022-08-04,CRL,BROAD,REVIEW_NO_CALL_ANALYZED,REVIEW,Recorded model baseline 28.2%; 50% threshold gives CRL. Strict evidence remains incomplete.,application/review-cycle identity not verified | statistics/effectiveness gate unresolved | CMC/product-quality gate unresolved | manufacturing/facility gate unresolved | safety score missing | regulatory score missing | clinical score missing | clinical_meaningfulness score missing | benefit_risk score missing | decision-safe evidence freshness not verified,28.2,FROZEN_MODEL_FORCE,FDA-DIRECTIONAL-100-V1.9,defencath-resubmission: primary-source candidates were searched; candidate links and imported cutoffs require verification before they can pass a gate. No affirmative application-specific CMC and facility clearance dossier was established in this run.,,CRL,MATCH,STRICT_ENGINE_EVALUATED_SOURCE_SCREENED,RETROSPECTIVE_DEVELOPMENT_NOT_BLIND,STRICT-126-20261006
BLUE|2022-08-19|betibeglogene-autotemcel,BLUE,2022-08-19,APPROVED,BROAD,REVIEW_NO_CALL_ANALYZED,REVIEW,Recorded model baseline 99.2%; 50% threshold gives APPROVED. Strict evidence remains incomplete.,application/review-cycle identity not verified | statistics/effectiveness gate unresolved | CMC/product-quality gate unresolved | manufacturing/facility gate unresolved | safety score missing | regulatory score missing | clinical score missing | clinical_meaningfulness score missing | benefit_risk score missing | decision-safe evidence freshness not verified,99.2,FROZEN_MODEL_FORCE,FDA-DIRECTIONAL-100-V1.9,betibeglogene-autotemcel: primary-source candidates were searched; candidate links and imported cutoffs require verification before they can pass a gate. No affirmative application-specific CMC and facility clearance dossier was established in this run.,,APPROVED,MATCH,STRICT_ENGINE_EVALUATED_SOURCE_SCREENED,RETROSPECTIVE_DEVELOPMENT_NOT_BLIND,STRICT-126-20261006
AXSM|2022-08-22|dextromethorphan-bupropion,AXSM,2022-08-22,APPROVED,BROAD,REVIEW_NO_CALL_ANALYZED,REVIEW,Recorded model baseline 86.7%; 50% threshold gives APPROVED. Strict evidence remains incomplete.,application/review-cycle identity not verified | statistics/effectiveness gate unresolved | CMC/product-quality gate unresolved | manufacturing/facility gate unresolved | safety score missing | regulatory score missing | clinical score missing | clinical_meaningfulness score missing | benefit_risk score missing | decision-safe evidence freshness not verified,86.7,FROZEN_MODEL_FORCE,FDA-DIRECTIONAL-100-V1.9,dextromethorphan-bupropion: primary-source candidates were searched; candidate links and imported cutoffs require verification before they can pass a gate. No affirmative application-specific CMC and facility clearance dossier was established in this run.,,APPROVED,MATCH,STRICT_ENGINE_EVALUATED_SOURCE_SCREENED,RETROSPECTIVE_DEVELOPMENT_NOT_BLIND,STRICT-126-20261006
RVNC|2022-09-08|daxibotulinumtoxina-resubmission,RVNC,2022-09-08,APPROVED,BROAD,REVIEW_NO_CALL_ANALYZED,REVIEW,Verified prior-deficiency remediation rule overrides the baseline direction. Final assessed direction: APPROVED.,application/review-cycle identity not verified | statistics/effectiveness gate unresolved | CMC/product-quality gate unresolved | manufacturing/facility gate unresolved | safety score missing | regulatory score missing | clinical score missing | clinical_meaningfulness score missing | benefit_risk score missing | decision-safe evidence freshness not verified,19.7,VERIFIED_REMEDIATION_OVERRIDE,FDA-DIRECTIONAL-100-V1.9,daxibotulinumtoxina-resubmission: primary-source candidates were searched; candidate links and imported cutoffs require verification before they can pass a gate. No affirmative application-specific CMC and facility clearance dossier was established in this run.,,APPROVED,MATCH,STRICT_ENGINE_EVALUATED_SOURCE_SCREENED,RETROSPECTIVE_DEVELOPMENT_NOT_BLIND,STRICT-126-20261006
BLUE|2022-09-16|elivaldogene-autotemcel,BLUE,2022-09-16,APPROVED,BROAD,REVIEW_NO_CALL_ANALYZED,REVIEW,Recorded model baseline 92.2%; 50% threshold gives APPROVED. Strict evidence remains incomplete.,application/review-cycle identity not verified | statistics/effectiveness gate unresolved | CMC/product-quality gate unresolved | manufacturing/facility gate unresolved | safety score missing | regulatory score missing | clinical score missing | clinical_meaningfulness score missing | benefit_risk score missing | decision-safe evidence freshness not verified,92.2,FROZEN_MODEL_FORCE,FDA-DIRECTIONAL-100-V1.9,elivaldogene-autotemcel: primary-source candidates were searched; candidate links and imported cutoffs require verification before they can pass a gate. No affirmative application-specific CMC and facility clearance dossier was established in this run.,,APPROVED,MATCH,STRICT_ENGINE_EVALUATED_SOURCE_SCREENED,RETROSPECTIVE_DEVELOPMENT_NOT_BLIND,STRICT-126-20261006
AMLX|2022-09-29|sodium-phenylbutyrate-taurursodiol,AMLX,2022-09-29,APPROVED,BROAD,REVIEW_NO_CALL_ANALYZED,REVIEW,Recorded model baseline 98.6%; 50% threshold gives APPROVED. Strict evidence remains incomplete.,application/review-cycle identity not verified | statistics/effectiveness gate unresolved | CMC/product-quality gate unresolved | manufacturing/facility gate unresolved | safety score missing | regulatory score missing | clinical score missing | clinical_meaningfulness score missing | benefit_risk score missing | decision-safe evidence freshness not verified,98.6,FROZEN_MODEL_FORCE,FDA-DIRECTIONAL-100-V1.9,sodium-phenylbutyrate-taurursodiol: primary-source candidates were searched; candidate links and imported cutoffs require verification before they can pass a gate. No affirmative application-specific CMC and facility clearance dossier was established in this run.,,APPROVED,MATCH,STRICT_ENGINE_EVALUATED_SOURCE_SCREENED,RETROSPECTIVE_DEVELOPMENT_NOT_BLIND,STRICT-126-20261006
PRVB|2022-11-17|teplizumab-resubmission,PRVB,2022-11-17,APPROVED,BROAD,REVIEW_NO_CALL_ANALYZED,REVIEW,Recorded model baseline 95.1%; 50% threshold gives APPROVED. Strict evidence remains incomplete.,application/review-cycle identity not verified | statistics/effectiveness gate unresolved | CMC/product-quality gate unresolved | manufacturing/facility gate unresolved | safety score missing | regulatory score missing | clinical score missing | clinical_meaningfulness score missing | benefit_risk score missing | decision-safe evidence freshness not verified,95.1,FROZEN_MODEL_FORCE,FDA-DIRECTIONAL-100-V1.9,teplizumab-resubmission: primary-source candidates were searched; candidate links and imported cutoffs require verification before they can pass a gate. No affirmative application-specific CMC and facility clearance dossier was established in this run.,,APPROVED,MATCH,STRICT_ENGINE_EVALUATED_SOURCE_SCREENED,RETROSPECTIVE_DEVELOPMENT_NOT_BLIND,STRICT-126-20261006
MRTX|2022-12-14|adagrasib,MRTX,2022-12-14,APPROVED,BROAD,REVIEW_NO_CALL_ANALYZED,REVIEW,Recorded model baseline 92.2%; 50% threshold gives APPROVED. Strict evidence remains incomplete.,application/review-cycle identity not verified | statistics/effectiveness gate unresolved | CMC/product-quality gate unresolved | manufacturing/facility gate unresolved | safety score missing | regulatory score missing | clinical score missing | clinical_meaningfulness score missing | benefit_risk score missing | decision-safe evidence freshness not verified,92.2,FROZEN_MODEL_FORCE,FDA-DIRECTIONAL-100-V1.9,adagrasib: primary-source candidates were searched; candidate links and imported cutoffs require verification before they can pass a gate. No affirmative application-specific CMC and facility clearance dossier was established in this run.,,APPROVED,MATCH,STRICT_ENGINE_EVALUATED_SOURCE_SCREENED,RETROSPECTIVE_DEVELOPMENT_NOT_BLIND,STRICT-126-20261006
TGTX|2022-12-28|ublituximab,TGTX,2022-12-28,APPROVED,BROAD,REVIEW_NO_CALL_ANALYZED,REVIEW,Recorded model baseline 92.2%; 50% threshold gives APPROVED. Strict evidence remains incomplete.,application/review-cycle identity not verified | statistics/effectiveness gate unresolved | CMC/product-quality gate unresolved | manufacturing/facility gate unresolved | safety score missing | regulatory score missing | clinical score missing | clinical_meaningfulness score missing | benefit_risk score missing | decision-safe evidence freshness not verified,92.2,FROZEN_MODEL_FORCE,FDA-DIRECTIONAL-100-V1.9,ublituximab: primary-source candidates were searched; candidate links and imported cutoffs require verification before they can pass a gate. No affirmative application-specific CMC and facility clearance dossier was established in this run.,,APPROVED,MATCH,STRICT_ENGINE_EVALUATED_SOURCE_SCREENED,RETROSPECTIVE_DEVELOPMENT_NOT_BLIND,STRICT-126-20261006
PHAT|2023-02-07|vonoprazan,PHAT,2023-02-07,CRL,BROAD,REVIEW_NO_CALL_ANALYZED,REVIEW,Clinical/regulatory/CMC risk rule overrides the baseline direction. Final assessed direction: CRL.,application/review-cycle identity not verified | statistics/effectiveness gate unresolved | CMC/product-quality gate unresolved | manufacturing/facility gate unresolved | safety score missing | regulatory score missing | clinical score missing | clinical_meaningfulness score missing | benefit_risk score missing | decision-safe evidence freshness not verified,72.1,FDA_DOMAIN_RISK_OVERRIDE,FDA-DIRECTIONAL-100-V1.9,"January 3, 2023 sponsor release reports no action by the original January 11 goal date and a request for additional NVP impurity stability evidence. Insufficient stability evidence remains REVIEW; it is not an invented measured stability failure. Confirm the February event/action cutoff independently.",,CRL,MATCH,STRICT_ENGINE_EVALUATED_SOURCE_SCREENED,RETROSPECTIVE_DEVELOPMENT_NOT_BLIND,STRICT-126-20261006
TVTX|2023-02-17|sparsentan,TVTX,2023-02-17,APPROVED,BROAD,REVIEW_NO_CALL_ANALYZED,REVIEW,Recorded model baseline 86.7%; 50% threshold gives APPROVED. Strict evidence remains incomplete.,application/review-cycle identity not verified | statistics/effectiveness gate unresolved | CMC/product-quality gate unresolved | manufacturing/facility gate unresolved | safety score missing | regulatory score missing | clinical score missing | clinical_meaningfulness score missing | benefit_risk score missing | decision-safe evidence freshness not verified,86.7,FROZEN_MODEL_FORCE,FDA-DIRECTIONAL-100-V1.9,sparsentan: primary-source candidates were searched; candidate links and imported cutoffs require verification before they can pass a gate. No affirmative application-specific CMC and facility clearance dossier was established in this run.,,APPROVED,MATCH,STRICT_ENGINE_EVALUATED_SOURCE_SCREENED,RETROSPECTIVE_DEVELOPMENT_NOT_BLIND,STRICT-126-20261006
APLS|2023-02-26|pegcetacoplan,APLS,2023-02-26,APPROVED,BROAD,REVIEW_NO_CALL_ANALYZED,REVIEW,Recorded model baseline 86.7%; 50% threshold gives APPROVED. Strict evidence remains incomplete.,application/review-cycle identity not verified | statistics/effectiveness gate unresolved | CMC/product-quality gate unresolved | manufacturing/facility gate unresolved | safety score missing | regulatory score missing | clinical score missing | clinical_meaningfulness score missing | benefit_risk score missing | decision-safe evidence freshness not verified,86.7,FROZEN_MODEL_FORCE,FDA-DIRECTIONAL-100-V1.9,pegcetacoplan: primary-source candidates were searched; candidate links and imported cutoffs require verification before they can pass a gate. No affirmative application-specific CMC and facility clearance dossier was established in this run.,,APPROVED,MATCH,STRICT_ENGINE_EVALUATED_SOURCE_SCREENED,RETROSPECTIVE_DEVELOPMENT_NOT_BLIND,STRICT-126-20261006
CYTK|2023-02-28|omecamtiv-mecarbil,CYTK,2023-02-28,CRL,BROAD,REVIEW_NO_CALL_ANALYZED,REVIEW,Clinical/regulatory/CMC risk rule overrides the baseline direction. Final assessed direction: CRL.,application/review-cycle identity not verified | statistics/effectiveness gate unresolved | CMC/product-quality gate unresolved | manufacturing/facility gate unresolved | safety score missing | regulatory score missing | clinical score missing | clinical_meaningfulness score missing | benefit_risk score missing | decision-safe evidence freshness not verified,83.6,FDA_DOMAIN_RISK_OVERRIDE,FDA-DIRECTIONAL-100-V1.9,omecamtiv-mecarbil: primary-source candidates were searched; candidate links and imported cutoffs require verification before they can pass a gate. No affirmative application-specific CMC and facility clearance dossier was established in this run.,,CRL,MATCH,STRICT_ENGINE_EVALUATED_SOURCE_SCREENED,RETROSPECTIVE_DEVELOPMENT_NOT_BLIND,STRICT-126-20261006
RETA|2023-02-28|omaveloxolone,RETA,2023-02-28,APPROVED,BROAD,REVIEW_NO_CALL_ANALYZED,REVIEW,Recorded model baseline 92.2%; 50% threshold gives APPROVED. Strict evidence remains incomplete.,application/review-cycle identity not verified | statistics/effectiveness gate unresolved | CMC/product-quality gate unresolved | manufacturing/facility gate unresolved | safety score missing | regulatory score missing | clinical score missing | clinical_meaningfulness score missing | benefit_risk score missing | decision-safe evidence freshness not verified,92.2,FROZEN_MODEL_FORCE,FDA-DIRECTIONAL-100-V1.9,omaveloxolone: primary-source candidates were searched; candidate links and imported cutoffs require verification before they can pass a gate. No affirmative application-specific CMC and facility clearance dossier was established in this run.,,APPROVED,MATCH,STRICT_ENGINE_EVALUATED_SOURCE_SCREENED,RETROSPECTIVE_DEVELOPMENT_NOT_BLIND,STRICT-126-20261006
ACAD|2023-03-10|trofinetide,ACAD,2023-03-10,APPROVED,BROAD,REVIEW_NO_CALL_ANALYZED,REVIEW,Recorded model baseline 86.7%; 50% threshold gives APPROVED. Strict evidence remains incomplete.,application/review-cycle identity not verified | statistics/effectiveness gate unresolved | CMC/product-quality gate unresolved | manufacturing/facility gate unresolved | safety score missing | regulatory score missing | clinical score missing | clinical_meaningfulness score missing | benefit_risk score missing | decision-safe evidence freshness not verified,86.7,FROZEN_MODEL_FORCE,FDA-DIRECTIONAL-100-V1.9,trofinetide: primary-source candidates were searched; candidate links and imported cutoffs require verification before they can pass a gate. No affirmative application-specific CMC and facility clearance dossier was established in this run.,,APPROVED,MATCH,STRICT_ENGINE_EVALUATED_SOURCE_SCREENED,RETROSPECTIVE_DEVELOPMENT_NOT_BLIND,STRICT-126-20261006
MCRB|2023-04-26|vowst,MCRB,2023-04-26,APPROVED,BROAD,REVIEW_NO_CALL_ANALYZED,REVIEW,Recorded model baseline 86.7%; 50% threshold gives APPROVED. Strict evidence remains incomplete.,application/review-cycle identity not verified | statistics/effectiveness gate unresolved | CMC/product-quality gate unresolved | manufacturing/facility gate unresolved | safety score missing | regulatory score missing | clinical score missing | clinical_meaningfulness score missing | benefit_risk score missing | decision-safe evidence freshness not verified,86.7,FROZEN_MODEL_FORCE,FDA-DIRECTIONAL-100-V1.9,vowst: primary-source candidates were searched; candidate links and imported cutoffs require verification before they can pass a gate. No affirmative application-specific CMC and facility clearance dossier was established in this run.,,APPROVED,MATCH,STRICT_ENGINE_EVALUATED_SOURCE_SCREENED,RETROSPECTIVE_DEVELOPMENT_NOT_BLIND,STRICT-126-20261006
ASND|2023-04-30|transcon-pth,ASND,2023-04-30,CRL,BROAD,REVIEW_NO_CALL_ANALYZED,REVIEW,Clinical/regulatory/CMC risk rule overrides the baseline direction. Final assessed direction: CRL.,application/review-cycle identity not verified | statistics/effectiveness gate unresolved | CMC/product-quality gate unresolved | manufacturing/facility gate unresolved | safety score missing | regulatory score missing | clinical score missing | clinical_meaningfulness score missing | benefit_risk score missing | decision-safe evidence freshness not verified,61.7,FDA_DOMAIN_RISK_OVERRIDE,FDA-DIRECTIONAL-100-V1.9,"April 3, 2023 sponsor release reports unspecified FDA deficiencies precluding labeling discussions. The disclosed letter does not identify a failed discipline; retain REVIEW pending the deficiency and its closure evidence, plus CMC/facility clearance.",,CRL,MATCH,STRICT_ENGINE_EVALUATED_SOURCE_SCREENED,RETROSPECTIVE_DEVELOPMENT_NOT_BLIND,STRICT-126-20261006
KRYS|2023-05-19|vyjuvek,KRYS,2023-05-19,APPROVED,BROAD,REVIEW_NO_CALL_ANALYZED,REVIEW,Recorded model baseline 86.7%; 50% threshold gives APPROVED. Strict evidence remains incomplete.,application/review-cycle identity not verified | statistics/effectiveness gate unresolved | CMC/product-quality gate unresolved | manufacturing/facility gate unresolved | safety score missing | regulatory score missing | clinical score missing | clinical_meaningfulness score missing | benefit_risk score missing | decision-safe evidence freshness not verified,86.7,FROZEN_MODEL_FORCE,FDA-DIRECTIONAL-100-V1.9,vyjuvek: primary-source candidates were searched; candidate links and imported cutoffs require verification before they can pass a gate. No affirmative application-specific CMC and facility clearance dossier was established in this run.,,APPROVED,MATCH,STRICT_ENGINE_EVALUATED_SOURCE_SCREENED,RETROSPECTIVE_DEVELOPMENT_NOT_BLIND,STRICT-126-20261006
IBRX|2023-05-23|anktiva,IBRX,2023-05-23,APPROVED,BROAD,REVIEW_NO_CALL_ANALYZED,REVIEW,Recorded model baseline 86.7%; 50% threshold gives APPROVED. Strict evidence remains incomplete.,application/review-cycle identity not verified | statistics/effectiveness gate unresolved | CMC/product-quality gate unresolved | manufacturing/facility gate unresolved | safety score missing | regulatory score missing | clinical score missing | clinical_meaningfulness score missing | benefit_risk score missing | decision-safe evidence freshness not verified,86.7,FROZEN_MODEL_FORCE,FDA-DIRECTIONAL-100-V1.9,anktiva: primary-source candidates were searched; candidate links and imported cutoffs require verification before they can pass a gate. No affirmative application-specific CMC and facility clearance dossier was established in this run.,,CRL,MISS,STRICT_ENGINE_EVALUATED_SOURCE_SCREENED,RETROSPECTIVE_DEVELOPMENT_NOT_BLIND,STRICT-126-20261006
LXRX|2023-05-27|sotagliflozin,LXRX,2023-05-27,APPROVED,BROAD,REVIEW_NO_CALL_ANALYZED,REVIEW,Recorded directional model assessment. Final assessed direction: APPROVED.,application/review-cycle identity not verified | statistics/effectiveness gate unresolved | CMC/product-quality gate unresolved | manufacturing/facility gate unresolved | safety score missing | regulatory score missing | clinical score missing | clinical_meaningfulness score missing | benefit_risk score missing | decision-safe evidence freshness not verified,49.8,STRONG_NEW_INDICATION_EVIDENCE,FDA-DIRECTIONAL-100-V1.9,sotagliflozin: primary-source candidates were searched; candidate links and imported cutoffs require verification before they can pass a gate. No affirmative application-specific CMC and facility clearance dossier was established in this run.,,APPROVED,MATCH,STRICT_ENGINE_EVALUATED_SOURCE_SCREENED,RETROSPECTIVE_DEVELOPMENT_NOT_BLIND,STRICT-126-20261006
AVDL|2023-06-03|lumryz,AVDL,2023-06-03,APPROVED,BROAD,REVIEW_NO_CALL_ANALYZED,REVIEW,Recorded model baseline 86.7%; 50% threshold gives APPROVED. Strict evidence remains incomplete.,application/review-cycle identity not verified | statistics/effectiveness gate unresolved | CMC/product-quality gate unresolved | manufacturing/facility gate unresolved | safety score missing | regulatory score missing | clinical score missing | clinical_meaningfulness score missing | benefit_risk score missing | decision-safe evidence freshness not verified,86.7,FROZEN_MODEL_FORCE,FDA-DIRECTIONAL-100-V1.9,lumryz: primary-source candidates were searched; candidate links and imported cutoffs require verification before they can pass a gate. No affirmative application-specific CMC and facility clearance dossier was established in this run.,,APPROVED,MATCH,STRICT_ENGINE_EVALUATED_SOURCE_SCREENED,RETROSPECTIVE_DEVELOPMENT_NOT_BLIND,STRICT-126-20261006
ALDX|2023-06-21|adx-2191,ALDX,2023-06-21,CRL,BROAD,REVIEW_NO_CALL_ANALYZED,REVIEW,Clinical/regulatory/CMC risk rule overrides the baseline direction. Final assessed direction: CRL.,application/review-cycle identity not verified | statistics/effectiveness gate unresolved | CMC/product-quality gate unresolved | manufacturing/facility gate unresolved | safety score missing | regulatory score missing | clinical score missing | clinical_meaningfulness score missing | benefit_risk score missing | decision-safe evidence freshness not verified,76.0,FDA_DOMAIN_RISK_OVERRIDE,FDA-DIRECTIONAL-100-V1.9,adx-2191: primary-source candidates were searched; candidate links and imported cutoffs require verification before they can pass a gate. No affirmative application-specific CMC and facility clearance dossier was established in this run.,,CRL,MATCH,STRICT_ENGINE_EVALUATED_SOURCE_SCREENED,RETROSPECTIVE_DEVELOPMENT_NOT_BLIND,STRICT-126-20261006
ICPT|2023-06-22|obeticholic-acid,ICPT,2023-06-22,CRL,BROAD,REVIEW_NO_CALL_ANALYZED,REVIEW,Clinical/regulatory/CMC risk rule overrides the baseline direction. Final assessed direction: CRL.,application/review-cycle identity not verified | statistics/effectiveness gate unresolved | CMC/product-quality gate unresolved | manufacturing/facility gate unresolved | safety score missing | regulatory score missing | clinical score missing | clinical_meaningfulness score missing | benefit_risk score missing | decision-safe evidence freshness not verified,99.5,FDA_DOMAIN_RISK_OVERRIDE,FDA-DIRECTIONAL-100-V1.9,obeticholic-acid: primary-source candidates were searched; candidate links and imported cutoffs require verification before they can pass a gate. No affirmative application-specific CMC and facility clearance dossier was established in this run.,,CRL,MATCH,STRICT_ENGINE_EVALUATED_SOURCE_SCREENED,RETROSPECTIVE_DEVELOPMENT_NOT_BLIND,STRICT-126-20261006
MESO|2023-08-02|remestemcel-l,MESO,2023-08-02,CRL,BROAD,REVIEW_NO_CALL_ANALYZED,REVIEW,Recorded model baseline 16.0%; 50% threshold gives CRL. Strict evidence remains incomplete.,application/review-cycle identity not verified | statistics/effectiveness gate unresolved | CMC/product-quality gate unresolved | manufacturing/facility gate unresolved | safety score missing | regulatory score missing | clinical score missing | clinical_meaningfulness score missing | benefit_risk score missing | decision-safe evidence freshness not verified,16.0,FROZEN_MODEL_FORCE,FDA-DIRECTIONAL-100-V1.9,remestemcel-l: primary-source candidates were searched; candidate links and imported cutoffs require verification before they can pass a gate. No affirmative application-specific CMC and facility clearance dossier was established in this run.,,CRL,MATCH,STRICT_ENGINE_EVALUATED_SOURCE_SCREENED,RETROSPECTIVE_DEVELOPMENT_NOT_BLIND,STRICT-126-20261006
TARS|2023-08-25|lotilaner,TARS,2023-08-25,APPROVED,BROAD,REVIEW_NO_CALL_ANALYZED,REVIEW,Recorded model baseline 86.7%; 50% threshold gives APPROVED. Strict evidence remains incomplete.,application/review-cycle identity not verified | statistics/effectiveness gate unresolved | CMC/product-quality gate unresolved | manufacturing/facility gate unresolved | safety score missing | regulatory score missing | clinical score missing | clinical_meaningfulness score missing | benefit_risk score missing | decision-safe evidence freshness not verified,86.7,FROZEN_MODEL_FORCE,FDA-DIRECTIONAL-100-V1.9,lotilaner: primary-source candidates were searched; candidate links and imported cutoffs require verification before they can pass a gate. No affirmative application-specific CMC and facility clearance dossier was established in this run.,,APPROVED,MATCH,STRICT_ENGINE_EVALUATED_SOURCE_SCREENED,RETROSPECTIVE_DEVELOPMENT_NOT_BLIND,STRICT-126-20261006
SPRY|2023-09-19|neffy,SPRY,2023-09-19,APPROVED,BROAD,REVIEW_NO_CALL_ANALYZED,REVIEW,Recorded model baseline 98.6%; 50% threshold gives APPROVED. Strict evidence remains incomplete.,application/review-cycle identity not verified | statistics/effectiveness gate unresolved | CMC/product-quality gate unresolved | manufacturing/facility gate unresolved | safety score missing | regulatory score missing | clinical score missing | clinical_meaningfulness score missing | benefit_risk score missing | decision-safe evidence freshness not verified,98.6,FROZEN_MODEL_FORCE,FDA-DIRECTIONAL-100-V1.9,neffy: primary-source candidates were searched; candidate links and imported cutoffs require verification before they can pass a gate. No affirmative application-specific CMC and facility clearance dossier was established in this run.,,CRL,MISS,STRICT_ENGINE_EVALUATED_SOURCE_SCREENED,RETROSPECTIVE_DEVELOPMENT_NOT_BLIND,STRICT-126-20261006
ARDX|2023-10-17|tenapanor,ARDX,2023-10-17,APPROVED,STRICT,QUALIFIED,APPROVED,"The 2021 CRL explicitly stated no safety, clinical pharmacology/biopharmaceutics, CMC or nonclinical issues; three Phase 3 trials had met primary/key secondary endpoints; FDA's Office of New Drugs granted Ardelyx's appeal and directed the review division to work with Ardelyx on an appropriate label; the advisory committee had voted that benefits outweighed risks; no new unresolved manufacturing/inspection blocker was identified in the predecision company record.",Qualified strict direction from recorded public evidence.,91.6,VERIFIED_PREDECISION_PROMOTION,FDA-DIRECTIONAL-100-V1.9,"The 2021 CRL explicitly stated no safety, clinical pharmacology/biopharmaceutics, CMC or nonclinical issues; three Phase 3 trials had met primary/key secondary endpoints; FDA's Office of New Drugs granted Ardelyx's appeal and directed the review division to work with Ardelyx on an appropriate label; the advisory committee had voted that benefits outweighed risks; no new unresolved manufacturing/inspection blocker was identified in the predecision company record.",https://ir.ardelyx.com/news-releases/news-release-details/ardelyx-receives-complete-response-letter-us-fda-new-drug | https://ir.ardelyx.com/news-releases/news-release-details/fda-grants-appeal-ardelyxs-xphozahr-tenapanor | https://ir.ardelyx.com/news-releases/news-release-details/ardelyx-resubmits-new-drug-application-us-food-and-drug | https://ir.ardelyx.com/news-releases/news-release-details/ardelyx-announces-fda-acceptance-and-six-month-review,APPROVED,MATCH,ANALYZED_DIRECTION_RECORDED,RETROSPECTIVE_DEVELOPMENT_NOT_BLIND,
CPRX|2023-10-26|vamorolone,CPRX,2023-10-26,APPROVED,BROAD,REVIEW_NO_CALL_ANALYZED,REVIEW,Recorded model baseline 86.7%; 50% threshold gives APPROVED. Strict evidence remains incomplete.,application/review-cycle identity not verified | statistics/effectiveness gate unresolved | CMC/product-quality gate unresolved | manufacturing/facility gate unresolved | safety score missing | regulatory score missing | clinical score missing | clinical_meaningfulness score missing | benefit_risk score missing | decision-safe evidence freshness not verified,86.7,FROZEN_MODEL_FORCE,FDA-DIRECTIONAL-100-V1.9,vamorolone: primary-source candidates were searched; candidate links and imported cutoffs require verification before they can pass a gate. No affirmative application-specific CMC and facility clearance dossier was established in this run.,,APPROVED,MATCH,STRICT_ENGINE_EVALUATED_SOURCE_SCREENED,RETROSPECTIVE_DEVELOPMENT_NOT_BLIND,STRICT-126-20261006
PHAT|2023-11-17|vonoprazan-resubmission,PHAT,2023-11-17,APPROVED,STRICT,QUALIFIED,APPROVED,The February 2023 CRL identified the nitrosamine stability/control issue and the company stated no additional deficiencies were cited; the NDA was resubmitted as a complete Class 2 response; reformulated batches controlled NVP more than 10-fold below FDA's acceptable intake; six-month stability data were submitted before the PDUFA date and the company stated this satisfied FDA's additional-data request; labeling discussions were already near final.,Qualified strict direction from recorded public evidence.,49.8,VERIFIED_PREDECISION_PROMOTION,FDA-DIRECTIONAL-100-V1.9,The February 2023 CRL identified the nitrosamine stability/control issue and the company stated no additional deficiencies were cited; the NDA was resubmitted as a complete Class 2 response; reformulated batches controlled NVP more than 10-fold below FDA's acceptable intake; six-month stability data were submitted before the PDUFA date and the company stated this satisfied FDA's additional-data request; labeling discussions were already near final.,https://investors.phathompharma.com/news-releases/news-release-details/phathom-pharmaceuticals-provides-regulatory-updates/ | https://investors.phathompharma.com/news-releases/news-release-details/phathom-pharmaceuticals-resubmits-erosive-gerd-new-drug | https://investors.phathompharma.com/news-releases/news-release-details/phathom-pharmaceuticals-announces-fda-acceptance-nda | https://investors.phathompharma.com/news-releases/news-release-details/phathom-pharmaceuticals-announces-submission-six-month-stability/,APPROVED,MATCH,ANALYZED_DIRECTION_RECORDED,RETROSPECTIVE_DEVELOPMENT_NOT_BLIND,
SWTX|2023-11-27|nirogacestat,SWTX,2023-11-27,APPROVED,BROAD,REVIEW_NO_CALL_ANALYZED,REVIEW,Recorded model baseline 86.7%; 50% threshold gives APPROVED. Strict evidence remains incomplete.,application/review-cycle identity not verified | statistics/effectiveness gate unresolved | CMC/product-quality gate unresolved | manufacturing/facility gate unresolved | safety score missing | regulatory score missing | clinical score missing | clinical_meaningfulness score missing | benefit_risk score missing | decision-safe evidence freshness not verified,86.7,FROZEN_MODEL_FORCE,FDA-DIRECTIONAL-100-V1.9,nirogacestat: primary-source candidates were searched; candidate links and imported cutoffs require verification before they can pass a gate. No affirmative application-specific CMC and facility clearance dossier was established in this run.,,APPROVED,MATCH,STRICT_ENGINE_EVALUATED_SOURCE_SCREENED,RETROSPECTIVE_DEVELOPMENT_NOT_BLIND,STRICT-126-20261006
CRSP|2023-12-08|exa-cel-scd,CRSP,2023-12-08,APPROVED,BROAD,REVIEW_NO_CALL_ANALYZED,REVIEW,Recorded model baseline 99.2%; 50% threshold gives APPROVED. Strict evidence remains incomplete.,application/review-cycle identity not verified | statistics/effectiveness gate unresolved | CMC/product-quality gate unresolved | manufacturing/facility gate unresolved | safety score missing | regulatory score missing | clinical score missing | clinical_meaningfulness score missing | benefit_risk score missing | decision-safe evidence freshness not verified,99.2,FROZEN_MODEL_FORCE,FDA-DIRECTIONAL-100-V1.9,exa-cel-scd: primary-source candidates were searched; candidate links and imported cutoffs require verification before they can pass a gate. No affirmative application-specific CMC and facility clearance dossier was established in this run.,,APPROVED,MATCH,STRICT_ENGINE_EVALUATED_SOURCE_SCREENED,RETROSPECTIVE_DEVELOPMENT_NOT_BLIND,STRICT-126-20261006
BLUE|2023-12-20|lovo-cel,BLUE,2023-12-20,APPROVED,BROAD,REVIEW_NO_CALL_ANALYZED,REVIEW,Recorded model baseline 92.2%; 50% threshold gives APPROVED. Strict evidence remains incomplete.,application/review-cycle identity not verified | statistics/effectiveness gate unresolved | CMC/product-quality gate unresolved | manufacturing/facility gate unresolved | safety score missing | regulatory score missing | clinical score missing | clinical_meaningfulness score missing | benefit_risk score missing | decision-safe evidence freshness not verified,92.2,FROZEN_MODEL_FORCE,FDA-DIRECTIONAL-100-V1.9,lovo-cel: primary-source candidates were searched; candidate links and imported cutoffs require verification before they can pass a gate. No affirmative application-specific CMC and facility clearance dossier was established in this run.,,APPROVED,MATCH,STRICT_ENGINE_EVALUATED_SOURCE_SCREENED,RETROSPECTIVE_DEVELOPMENT_NOT_BLIND,STRICT-126-20261006
IONS|2023-12-22|eplontersen,IONS,2023-12-22,APPROVED,BROAD,REVIEW_NO_CALL_ANALYZED,REVIEW,Recorded model baseline 86.7%; 50% threshold gives APPROVED. Strict evidence remains incomplete.,application/review-cycle identity not verified | statistics/effectiveness gate unresolved | CMC/product-quality gate unresolved | manufacturing/facility gate unresolved | safety score missing | regulatory score missing | clinical score missing | clinical_meaningfulness score missing | benefit_risk score missing | decision-safe evidence freshness not verified,86.7,FROZEN_MODEL_FORCE,FDA-DIRECTIONAL-100-V1.9,eplontersen: primary-source candidates were searched; candidate links and imported cutoffs require verification before they can pass a gate. No affirmative application-specific CMC and facility clearance dossier was established in this run.,,APPROVED,MATCH,STRICT_ENGINE_EVALUATED_SOURCE_SCREENED,RETROSPECTIVE_DEVELOPMENT_NOT_BLIND,STRICT-126-20261006
LGND|2024-01-05,LGND,2024-01-05,APPROVED,BROAD,REVIEW_NO_CALL_ANALYZED,REVIEW,Recorded model baseline 89.3%; 50% threshold gives APPROVED. Strict evidence remains incomplete.,application/review-cycle identity not verified | statistics/effectiveness gate unresolved | CMC/product-quality gate unresolved | manufacturing/facility gate unresolved | safety score missing | regulatory score missing | clinical score missing | clinical_meaningfulness score missing | benefit_risk score missing | decision-safe evidence freshness not verified,89.3,FROZEN_MODEL_FORCE,FDA-DIRECTIONAL-100-V1.9,berdazimer / ZELSUVMI: primary-source candidates were searched; candidate links and imported cutoffs require verification before they can pass a gate. No affirmative application-specific CMC and facility clearance dossier was established in this run.,,APPROVED,MATCH,STRICT_ENGINE_EVALUATED_SOURCE_SCREENED,RETROSPECTIVE_DEVELOPMENT_NOT_BLIND,STRICT-126-20261006
IOVA|2024-02-24,IOVA,2024-02-24,APPROVED,BROAD,REVIEW_NO_CALL_ANALYZED,REVIEW,Recorded model baseline 93.0%; 50% threshold gives APPROVED. Strict evidence remains incomplete.,application/review-cycle identity not verified | statistics/effectiveness gate unresolved | CMC/product-quality gate unresolved | manufacturing/facility gate unresolved | safety score missing | regulatory score missing | clinical score missing | clinical_meaningfulness score missing | benefit_risk score missing | decision-safe evidence freshness not verified,93.0,FROZEN_MODEL_FORCE,FDA-DIRECTIONAL-100-V1.9,lifileucel / AMTAGVI: primary-source candidates were searched; candidate links and imported cutoffs require verification before they can pass a gate. No affirmative application-specific CMC and facility clearance dossier was established in this run.,,APPROVED,MATCH,STRICT_ENGINE_EVALUATED_SOURCE_SCREENED,RETROSPECTIVE_DEVELOPMENT_NOT_BLIND,STRICT-126-20261006
MDGL|2024-03-14,MDGL,2024-03-14,APPROVED,BROAD,REVIEW_NO_CALL_ANALYZED,REVIEW,Recorded model baseline 87.6%; 50% threshold gives APPROVED. Strict evidence remains incomplete.,application/review-cycle identity not verified | statistics/effectiveness gate unresolved | CMC/product-quality gate unresolved | manufacturing/facility gate unresolved | safety score missing | regulatory score missing | clinical score missing | clinical_meaningfulness score missing | benefit_risk score missing | decision-safe evidence freshness not verified,87.6,FROZEN_MODEL_FORCE,FDA-DIRECTIONAL-100-V1.9,resmetirom / REZDIFFRA: primary-source candidates were searched; candidate links and imported cutoffs require verification before they can pass a gate. No affirmative application-specific CMC and facility clearance dossier was established in this run.,,APPROVED,MATCH,STRICT_ENGINE_EVALUATED_SOURCE_SCREENED,RETROSPECTIVE_DEVELOPMENT_NOT_BLIND,STRICT-126-20261006
AKBA|2024-03-27,AKBA,2024-03-27,APPROVED,BROAD,REVIEW_NO_CALL_ANALYZED,REVIEW,Recorded model baseline 94.7%; 50% threshold gives APPROVED. Strict evidence remains incomplete.,application/review-cycle identity not verified | statistics/effectiveness gate unresolved | CMC/product-quality gate unresolved | manufacturing/facility gate unresolved | safety score missing | regulatory score missing | clinical score missing | clinical_meaningfulness score missing | benefit_risk score missing | decision-safe evidence freshness not verified,94.7,FROZEN_MODEL_FORCE,FDA-DIRECTIONAL-100-V1.9,vadadustat / VAFSEO: primary-source candidates were searched; candidate links and imported cutoffs require verification before they can pass a gate. No affirmative application-specific CMC and facility clearance dossier was established in this run.,,APPROVED,MATCH,STRICT_ENGINE_EVALUATED_SOURCE_SCREENED,RETROSPECTIVE_DEVELOPMENT_NOT_BLIND,STRICT-126-20261006
CRSP|2024-03-30,CRSP,2024-03-30,APPROVED,BROAD,REVIEW_NO_CALL_ANALYZED,REVIEW,Recorded model baseline 98.5%; 50% threshold gives APPROVED. Strict evidence remains incomplete.,application/review-cycle identity not verified | statistics/effectiveness gate unresolved | CMC/product-quality gate unresolved | manufacturing/facility gate unresolved | safety score missing | regulatory score missing | clinical score missing | clinical_meaningfulness score missing | benefit_risk score missing | decision-safe evidence freshness not verified,98.5,FROZEN_MODEL_FORCE,FDA-DIRECTIONAL-100-V1.9,exa-cel / CASGEVY TDT: primary-source candidates were searched; candidate links and imported cutoffs require verification before they can pass a gate. No affirmative application-specific CMC and facility clearance dossier was established in this run.,,APPROVED,MATCH,STRICT_ENGINE_EVALUATED_SOURCE_SCREENED,RETROSPECTIVE_DEVELOPMENT_NOT_BLIND,STRICT-126-20261006
SUPN|2024-04-05,SUPN,2024-04-05,CRL,BROAD,REVIEW_NO_CALL_ANALYZED,REVIEW,Late-cycle regulatory risk rule overrides the baseline direction. Final assessed direction: CRL.,application/review-cycle identity not verified | statistics/effectiveness gate unresolved | CMC/product-quality gate unresolved | manufacturing/facility gate unresolved | safety score missing | regulatory score missing | clinical score missing | clinical_meaningfulness score missing | benefit_risk score missing | decision-safe evidence freshness not verified,68.7,EVENT_RISK_OVERRIDE,FDA-DIRECTIONAL-100-V1.9,SPN-830: primary-source candidates were searched; candidate links and imported cutoffs require verification before they can pass a gate. No affirmative application-specific CMC and facility clearance dossier was established in this run.,,CRL,MATCH,STRICT_ENGINE_EVALUATED_SOURCE_SCREENED,RETROSPECTIVE_DEVELOPMENT_NOT_BLIND,STRICT-126-20261006
IBRX|2024-04-23,IBRX,2024-04-23,APPROVED,BROAD,REVIEW_NO_CALL_ANALYZED,REVIEW,Verified prior-deficiency remediation rule overrides the baseline direction. Final assessed direction: APPROVED.,application/review-cycle identity not verified | statistics/effectiveness gate unresolved | CMC/product-quality gate unresolved | manufacturing/facility gate unresolved | safety score missing | regulatory score missing | clinical score missing | clinical_meaningfulness score missing | benefit_risk score missing | decision-safe evidence freshness not verified,42.1,VERIFIED_REMEDIATION_OVERRIDE,FDA-DIRECTIONAL-100-V1.9,nogapendekin alfa inbakicept / ANKTIVA: primary-source candidates were searched; candidate links and imported cutoffs require verification before they can pass a gate. No affirmative application-specific CMC and facility clearance dossier was established in this run.,,APPROVED,MATCH,STRICT_ENGINE_EVALUATED_SOURCE_SCREENED,RETROSPECTIVE_DEVELOPMENT_NOT_BLIND,STRICT-126-20261006
DAWN|2024-04-30|tovorafenib,DAWN,2024-04-30,APPROVED,BROAD,REVIEW_NO_CALL_ANALYZED,REVIEW,Recorded model baseline 86.7%; 50% threshold gives APPROVED. Strict evidence remains incomplete.,application/review-cycle identity not verified | statistics/effectiveness gate unresolved | CMC/product-quality gate unresolved | manufacturing/facility gate unresolved | safety score missing | regulatory score missing | clinical score missing | clinical_meaningfulness score missing | benefit_risk score missing | decision-safe evidence freshness not verified,86.7,FROZEN_MODEL_FORCE,FDA-DIRECTIONAL-100-V1.9,tovorafenib: primary-source candidates were searched; candidate links and imported cutoffs require verification before they can pass a gate. No affirmative application-specific CMC and facility clearance dossier was established in this run.,,APPROVED,MATCH,STRICT_ENGINE_EVALUATED_SOURCE_SCREENED,RETROSPECTIVE_DEVELOPMENT_NOT_BLIND,STRICT-126-20261006
GERN|2024-06-16,GERN,2024-06-16,APPROVED,BROAD,REVIEW_NO_CALL_ANALYZED,REVIEW,Recorded model baseline 99.9%; 50% threshold gives APPROVED. Strict evidence remains incomplete.,application/review-cycle identity not verified | statistics/effectiveness gate unresolved | CMC/product-quality gate unresolved | manufacturing/facility gate unresolved | safety score missing | regulatory score missing | clinical score missing | clinical_meaningfulness score missing | benefit_risk score missing | decision-safe evidence freshness not verified,99.9,FROZEN_MODEL_FORCE,FDA-DIRECTIONAL-100-V1.9,imetelstat / RYTELO: primary-source candidates were searched; candidate links and imported cutoffs require verification before they can pass a gate. No affirmative application-specific CMC and facility clearance dossier was established in this run.,,APPROVED,MATCH,STRICT_ENGINE_EVALUATED_SOURCE_SCREENED,RETROSPECTIVE_DEVELOPMENT_NOT_BLIND,STRICT-126-20261006
VRNA|2024-06-26|ensifentrine,VRNA,2024-06-26,APPROVED,BROAD,REVIEW_NO_CALL_ANALYZED,REVIEW,Recorded model baseline 86.7%; 50% threshold gives APPROVED. Strict evidence remains incomplete.,application/review-cycle identity not verified | statistics/effectiveness gate unresolved | CMC/product-quality gate unresolved | manufacturing/facility gate unresolved | safety score missing | regulatory score missing | clinical score missing | clinical_meaningfulness score missing | benefit_risk score missing | decision-safe evidence freshness not verified,86.7,FROZEN_MODEL_FORCE,FDA-DIRECTIONAL-100-V1.9,ensifentrine: primary-source candidates were searched; candidate links and imported cutoffs require verification before they can pass a gate. No affirmative application-specific CMC and facility clearance dossier was established in this run.,,APPROVED,MATCH,STRICT_ENGINE_EVALUATED_SOURCE_SCREENED,RETROSPECTIVE_DEVELOPMENT_NOT_BLIND,STRICT-126-20261006
RCKT|2024-06-30,RCKT,2024-06-30,CRL,BROAD,REVIEW_NO_CALL_ANALYZED,REVIEW,Late-cycle regulatory risk rule overrides the baseline direction. Final assessed direction: CRL.,application/review-cycle identity not verified | statistics/effectiveness gate unresolved | CMC/product-quality gate unresolved | manufacturing/facility gate unresolved | safety score missing | regulatory score missing | clinical score missing | clinical_meaningfulness score missing | benefit_risk score missing | decision-safe evidence freshness not verified,86.8,EVENT_RISK_OVERRIDE,FDA-DIRECTIONAL-100-V1.9,marnetegragene autotemcel / KRESLADI: primary-source candidates were searched; candidate links and imported cutoffs require verification before they can pass a gate. No affirmative application-specific CMC and facility clearance dossier was established in this run.,,CRL,MATCH,STRICT_ENGINE_EVALUATED_SOURCE_SCREENED,RETROSPECTIVE_DEVELOPMENT_NOT_BLIND,STRICT-126-20261006
PHAT|2024-07-19,PHAT,2024-07-19,APPROVED,BROAD,REVIEW_NO_CALL_ANALYZED,REVIEW,Recorded model baseline 84.1%; 50% threshold gives APPROVED. Strict evidence remains incomplete.,application/review-cycle identity not verified | statistics/effectiveness gate unresolved | CMC/product-quality gate unresolved | manufacturing/facility gate unresolved | safety score missing | regulatory score missing | clinical score missing | clinical_meaningfulness score missing | benefit_risk score missing | decision-safe evidence freshness not verified,84.1,FROZEN_MODEL_FORCE,FDA-DIRECTIONAL-100-V1.9,vonoprazan / VOQUEZNA non-erosive GERD: primary-source candidates were searched; candidate links and imported cutoffs require verification before they can pass a gate. No affirmative application-specific CMC and facility clearance dossier was established in this run.,,APPROVED,MATCH,STRICT_ENGINE_EVALUATED_SOURCE_SCREENED,RETROSPECTIVE_DEVELOPMENT_NOT_BLIND,STRICT-126-20261006
HUMA|2024-08-10,HUMA,2024-08-10,APPROVED,BROAD,REVIEW_NO_CALL_ANALYZED,REVIEW,Recorded model baseline 92.0%; 50% threshold gives APPROVED. Strict evidence remains incomplete.,application/review-cycle identity not verified | statistics/effectiveness gate unresolved | CMC/product-quality gate unresolved | manufacturing/facility gate unresolved | safety score missing | regulatory score missing | clinical score missing | clinical_meaningfulness score missing | benefit_risk score missing | decision-safe evidence freshness not verified,92.0,FROZEN_MODEL_FORCE,FDA-DIRECTIONAL-100-V1.9,acellular tissue engineered vessel / SYMVESS: primary-source candidates were searched; candidate links and imported cutoffs require verification before they can pass a gate. No affirmative application-specific CMC and facility clearance dossier was established in this run.,,APPROVED,MATCH,STRICT_ENGINE_EVALUATED_SOURCE_SCREENED,RETROSPECTIVE_DEVELOPMENT_NOT_BLIND,STRICT-126-20261006
ASND|2024-08-14,ASND,2024-08-14,APPROVED,BROAD,REVIEW_NO_CALL_ANALYZED,REVIEW,Recorded model baseline 99.9%; 50% threshold gives APPROVED. Strict evidence remains incomplete.,application/review-cycle identity not verified | statistics/effectiveness gate unresolved | CMC/product-quality gate unresolved | manufacturing/facility gate unresolved | safety score missing | regulatory score missing | clinical score missing | clinical_meaningfulness score missing | benefit_risk score missing | decision-safe evidence freshness not verified,99.9,FROZEN_MODEL_FORCE,FDA-DIRECTIONAL-100-V1.9,palopegteriparatide / YORVIPATH: primary-source candidates were searched; candidate links and imported cutoffs require verification before they can pass a gate. No affirmative application-specific CMC and facility clearance dossier was established in this run.,,APPROVED,MATCH,STRICT_ENGINE_EVALUATED_SOURCE_SCREENED,RETROSPECTIVE_DEVELOPMENT_NOT_BLIND,STRICT-126-20261006
AGIO|2024-08-20,AGIO,2024-08-20,APPROVED,BROAD,REVIEW_NO_CALL_ANALYZED,REVIEW,Recorded model baseline 95.8%; 50% threshold gives APPROVED. Strict evidence remains incomplete.,application/review-cycle identity not verified | statistics/effectiveness gate unresolved | CMC/product-quality gate unresolved | manufacturing/facility gate unresolved | safety score missing | regulatory score missing | clinical score missing | clinical_meaningfulness score missing | benefit_risk score missing | decision-safe evidence freshness not verified,95.8,FROZEN_MODEL_FORCE,FDA-DIRECTIONAL-100-V1.9,vorasidenib / VORANIGO: primary-source candidates were searched; candidate links and imported cutoffs require verification before they can pass a gate. No affirmative application-specific CMC and facility clearance dossier was established in this run.,,APPROVED,MATCH,STRICT_ENGINE_EVALUATED_SOURCE_SCREENED,RETROSPECTIVE_DEVELOPMENT_NOT_BLIND,STRICT-126-20261006
SNDX|2024-08-28,SNDX,2024-08-28,APPROVED,BROAD,REVIEW_NO_CALL_ANALYZED,REVIEW,Recorded model baseline 98.7%; 50% threshold gives APPROVED. Strict evidence remains incomplete.,application/review-cycle identity not verified | statistics/effectiveness gate unresolved | CMC/product-quality gate unresolved | manufacturing/facility gate unresolved | safety score missing | regulatory score missing | clinical score missing | clinical_meaningfulness score missing | benefit_risk score missing | decision-safe evidence freshness not verified,98.7,FROZEN_MODEL_FORCE,FDA-DIRECTIONAL-100-V1.9,axatilimab / NIKTIMVO: primary-source candidates were searched; candidate links and imported cutoffs require verification before they can pass a gate. No affirmative application-specific CMC and facility clearance dossier was established in this run.,,APPROVED,MATCH,STRICT_ENGINE_EVALUATED_SOURCE_SCREENED,RETROSPECTIVE_DEVELOPMENT_NOT_BLIND,STRICT-126-20261006
ZVRA|2024-09-21,ZVRA,2024-09-21,APPROVED,BROAD,REVIEW_NO_CALL_ANALYZED,REVIEW,Recorded model baseline 98.8%; 50% threshold gives APPROVED. Strict evidence remains incomplete.,application/review-cycle identity not verified | statistics/effectiveness gate unresolved | CMC/product-quality gate unresolved | manufacturing/facility gate unresolved | safety score missing | regulatory score missing | clinical score missing | clinical_meaningfulness score missing | benefit_risk score missing | decision-safe evidence freshness not verified,98.8,FROZEN_MODEL_FORCE,FDA-DIRECTIONAL-100-V1.9,arimoclomol / MIPLYFFA: primary-source candidates were searched; candidate links and imported cutoffs require verification before they can pass a gate. No affirmative application-specific CMC and facility clearance dossier was established in this run.,,APPROVED,MATCH,STRICT_ENGINE_EVALUATED_SOURCE_SCREENED,RETROSPECTIVE_DEVELOPMENT_NOT_BLIND,STRICT-126-20261006
SPRY|2024-10-02,SPRY,2024-10-02,APPROVED,BROAD,REVIEW_NO_CALL_ANALYZED,REVIEW,Recorded model baseline 96.7%; 50% threshold gives APPROVED. Strict evidence remains incomplete.,application/review-cycle identity not verified | statistics/effectiveness gate unresolved | CMC/product-quality gate unresolved | manufacturing/facility gate unresolved | safety score missing | regulatory score missing | clinical score missing | clinical_meaningfulness score missing | benefit_risk score missing | decision-safe evidence freshness not verified,96.7,FROZEN_MODEL_FORCE,FDA-DIRECTIONAL-100-V1.9,epinephrine nasal spray / neffy: primary-source candidates were searched; candidate links and imported cutoffs require verification before they can pass a gate. No affirmative application-specific CMC and facility clearance dossier was established in this run.,,APPROVED,MATCH,STRICT_ENGINE_EVALUATED_SOURCE_SCREENED,RETROSPECTIVE_DEVELOPMENT_NOT_BLIND,STRICT-126-20261006
PTCT|2024-11-13,PTCT,2024-11-13,APPROVED,BROAD,REVIEW_NO_CALL_ANALYZED,REVIEW,Recorded model baseline 90.0%; 50% threshold gives APPROVED. Strict evidence remains incomplete.,application/review-cycle identity not verified | statistics/effectiveness gate unresolved | CMC/product-quality gate unresolved | manufacturing/facility gate unresolved | safety score missing | regulatory score missing | clinical score missing | clinical_meaningfulness score missing | benefit_risk score missing | decision-safe evidence freshness not verified,90.0,FROZEN_MODEL_FORCE,FDA-DIRECTIONAL-100-V1.9,eladocagene exuparvovec / KEBILIDI: primary-source candidates were searched; candidate links and imported cutoffs require verification before they can pass a gate. No affirmative application-specific CMC and facility clearance dossier was established in this run.,,APPROVED,MATCH,STRICT_ENGINE_EVALUATED_SOURCE_SCREENED,RETROSPECTIVE_DEVELOPMENT_NOT_BLIND,STRICT-126-20261006
AUTL|2024-11-16,AUTL,2024-11-16,APPROVED,BROAD,REVIEW_NO_CALL_ANALYZED,REVIEW,Recorded model baseline 95.9%; 50% threshold gives APPROVED. Strict evidence remains incomplete.,application/review-cycle identity not verified | statistics/effectiveness gate unresolved | CMC/product-quality gate unresolved | manufacturing/facility gate unresolved | safety score missing | regulatory score missing | clinical score missing | clinical_meaningfulness score missing | benefit_risk score missing | decision-safe evidence freshness not verified,95.9,FROZEN_MODEL_FORCE,FDA-DIRECTIONAL-100-V1.9,obecabtagene autoleucel / AUCATZYL: primary-source candidates were searched; candidate links and imported cutoffs require verification before they can pass a gate. No affirmative application-specific CMC and facility clearance dossier was established in this run.,,APPROVED,MATCH,STRICT_ENGINE_EVALUATED_SOURCE_SCREENED,RETROSPECTIVE_DEVELOPMENT_NOT_BLIND,STRICT-126-20261006
APLT|2024-11-28|govorestat,APLT,2024-11-28,CRL,BROAD,REVIEW_NO_CALL_ANALYZED,REVIEW,Clinical/regulatory/CMC risk rule overrides the baseline direction. Final assessed direction: CRL.,application/review-cycle identity not verified | statistics/effectiveness gate unresolved | CMC/product-quality gate unresolved | manufacturing/facility gate unresolved | safety score missing | regulatory score missing | clinical score missing | clinical_meaningfulness score missing | benefit_risk score missing | decision-safe evidence freshness not verified,76.0,FDA_DOMAIN_RISK_OVERRIDE,FDA-DIRECTIONAL-100-V1.9,govorestat: primary-source candidates were searched; candidate links and imported cutoffs require verification before they can pass a gate. No affirmative application-specific CMC and facility clearance dossier was established in this run.,,CRL,MATCH,STRICT_ENGINE_EVALUATED_SOURCE_SCREENED,RETROSPECTIVE_DEVELOPMENT_NOT_BLIND,STRICT-126-20261006
BBIO|2024-11-29,BBIO,2024-11-29,APPROVED,BROAD,REVIEW_NO_CALL_ANALYZED,REVIEW,Recorded model baseline 96.9%; 50% threshold gives APPROVED. Strict evidence remains incomplete.,application/review-cycle identity not verified | statistics/effectiveness gate unresolved | CMC/product-quality gate unresolved | manufacturing/facility gate unresolved | safety score missing | regulatory score missing | clinical score missing | clinical_meaningfulness score missing | benefit_risk score missing | decision-safe evidence freshness not verified,96.9,FROZEN_MODEL_FORCE,FDA-DIRECTIONAL-100-V1.9,acoramidis / ATTRUBY: primary-source candidates were searched; candidate links and imported cutoffs require verification before they can pass a gate. No affirmative application-specific CMC and facility clearance dossier was established in this run.,,APPROVED,MATCH,STRICT_ENGINE_EVALUATED_SOURCE_SCREENED,RETROSPECTIVE_DEVELOPMENT_NOT_BLIND,STRICT-126-20261006
JAZZ|2024-11-29,JAZZ,2024-11-29,APPROVED,BROAD,REVIEW_NO_CALL_ANALYZED,REVIEW,Recorded model baseline 88.5%; 50% threshold gives APPROVED. Strict evidence remains incomplete.,application/review-cycle identity not verified | statistics/effectiveness gate unresolved | CMC/product-quality gate unresolved | manufacturing/facility gate unresolved | safety score missing | regulatory score missing | clinical score missing | clinical_meaningfulness score missing | benefit_risk score missing | decision-safe evidence freshness not verified,88.5,FROZEN_MODEL_FORCE,FDA-DIRECTIONAL-100-V1.9,zanidatamab / ZIIHERA: primary-source candidates were searched; candidate links and imported cutoffs require verification before they can pass a gate. No affirmative application-specific CMC and facility clearance dossier was established in this run.,,APPROVED,MATCH,STRICT_ENGINE_EVALUATED_SOURCE_SCREENED,RETROSPECTIVE_DEVELOPMENT_NOT_BLIND,STRICT-126-20261006
IONS|2024-12-19,IONS,2024-12-19,APPROVED,BROAD,REVIEW_NO_CALL_ANALYZED,REVIEW,Recorded model baseline 96.7%; 50% threshold gives APPROVED. Strict evidence remains incomplete.,application/review-cycle identity not verified | statistics/effectiveness gate unresolved | CMC/product-quality gate unresolved | manufacturing/facility gate unresolved | safety score missing | regulatory score missing | clinical score missing | clinical_meaningfulness score missing | benefit_risk score missing | decision-safe evidence freshness not verified,96.7,FROZEN_MODEL_FORCE,FDA-DIRECTIONAL-100-V1.9,olezarsen / TRYNGOLZA: primary-source candidates were searched; candidate links and imported cutoffs require verification before they can pass a gate. No affirmative application-specific CMC and facility clearance dossier was established in this run.,,APPROVED,MATCH,STRICT_ENGINE_EVALUATED_SOURCE_SCREENED,RETROSPECTIVE_DEVELOPMENT_NOT_BLIND,STRICT-126-20261006
ZEAL|2024-12-22|glepaglutide,ZEAL,2024-12-22,CRL,BROAD,REVIEW_NO_CALL_ANALYZED,REVIEW,Late-cycle regulatory risk rule overrides the baseline direction. Final assessed direction: CRL.,application/review-cycle identity not verified | statistics/effectiveness gate unresolved | CMC/product-quality gate unresolved | manufacturing/facility gate unresolved | safety score missing | regulatory score missing | clinical score missing | clinical_meaningfulness score missing | benefit_risk score missing | decision-safe evidence freshness not verified,91.3,EVENT_RISK_OVERRIDE,FDA-DIRECTIONAL-100-V1.9,glepaglutide: primary-source candidates were searched; candidate links and imported cutoffs require verification before they can pass a gate. No affirmative application-specific CMC and facility clearance dossier was established in this run.,,CRL,MATCH,STRICT_ENGINE_EVALUATED_SOURCE_SCREENED,RETROSPECTIVE_DEVELOPMENT_NOT_BLIND,STRICT-126-20261006
SNDX|2024-12-26,SNDX,2024-12-26,APPROVED,BROAD,REVIEW_NO_CALL_ANALYZED,REVIEW,Recorded model baseline 98.8%; 50% threshold gives APPROVED. Strict evidence remains incomplete.,application/review-cycle identity not verified | statistics/effectiveness gate unresolved | CMC/product-quality gate unresolved | manufacturing/facility gate unresolved | safety score missing | regulatory score missing | clinical score missing | clinical_meaningfulness score missing | benefit_risk score missing | decision-safe evidence freshness not verified,98.8,FROZEN_MODEL_FORCE,FDA-DIRECTIONAL-100-V1.9,revumenib / REVUFORJ: primary-source candidates were searched; candidate links and imported cutoffs require verification before they can pass a gate. No affirmative application-specific CMC and facility clearance dossier was established in this run.,,APPROVED,MATCH,STRICT_ENGINE_EVALUATED_SOURCE_SCREENED,RETROSPECTIVE_DEVELOPMENT_NOT_BLIND,STRICT-126-20261006
NVAX|2025-04-01,NVAX,2025-04-01,APPROVED,STRICT,QUALIFIED,APPROVED,Robust Phase 3 BLA; no disclosed blocking deficiency at cutoff; postmarketing-data discussion rather than approvability failure.,Qualified strict direction from recorded public evidence.,83.7,PHASE_A_PUBLIC,FDA-DIRECTIONAL-100-V1.9,Robust Phase 3 BLA; no disclosed blocking deficiency at cutoff; postmarketing-data discussion rather than approvability failure.,,APPROVED,MATCH,ANALYZED_DIRECTION_RECORDED,RETROSPECTIVE_DEVELOPMENT_NOT_BLIND,
LQDA|2025-05-24,LQDA,2025-05-24,APPROVED,BROAD,REVIEW_NO_CALL_ANALYZED,REVIEW,Recorded model baseline 98.6%; 50% threshold gives APPROVED. Strict evidence remains incomplete.,application/review-cycle identity not verified | statistics/effectiveness gate unresolved | CMC/product-quality gate unresolved | manufacturing/facility gate unresolved | safety score missing | regulatory score missing | clinical score missing | clinical_meaningfulness score missing | benefit_risk score missing | decision-safe evidence freshness not verified,98.6,FROZEN_MODEL_FORCE,FDA-DIRECTIONAL-100-V1.9,treprostinil YUTREPIA: primary-source candidates were searched; candidate links and imported cutoffs require verification before they can pass a gate. No affirmative application-specific CMC and facility clearance dossier was established in this run.,,APPROVED,MATCH,STRICT_ENGINE_EVALUATED_SOURCE_SCREENED,RETROSPECTIVE_DEVELOPMENT_NOT_BLIND,STRICT-126-20261006
ETON|2025-05-28,ETON,2025-05-28,APPROVED,BROAD,REVIEW_NO_CALL_ANALYZED,REVIEW,Recorded model baseline 71.6%; 50% threshold gives APPROVED. Strict evidence remains incomplete.,application/review-cycle identity not verified | statistics/effectiveness gate unresolved | CMC/product-quality gate unresolved | manufacturing/facility gate unresolved | safety score missing | regulatory score missing | clinical score missing | clinical_meaningfulness score missing | benefit_risk score missing | decision-safe evidence freshness not verified,71.6,FROZEN_MODEL_FORCE,FDA-DIRECTIONAL-100-V1.9,hydrocortisone KHINDIVI: primary-source candidates were searched; candidate links and imported cutoffs require verification before they can pass a gate. No affirmative application-specific CMC and facility clearance dossier was established in this run.,,APPROVED,MATCH,STRICT_ENGINE_EVALUATED_SOURCE_SCREENED,RETROSPECTIVE_DEVELOPMENT_NOT_BLIND,STRICT-126-20261006
UNCY|2025-06-28,UNCY,2025-06-28,CRL,STRICT,QUALIFIED,CRL,FDA publicly identified cGMP deficiencies at third-party manufacturing vendor and precluded label discussions before PDUFA.,Qualified strict direction from recorded public evidence.,91.0,PHASE_A_PUBLIC,FDA-DIRECTIONAL-100-V1.9,FDA publicly identified cGMP deficiencies at third-party manufacturing vendor and precluded label discussions before PDUFA.,,CRL,MATCH,ANALYZED_DIRECTION_RECORDED,RETROSPECTIVE_DEVELOPMENT_NOT_BLIND,
TNXP|2025-08-15,TNXP,2025-08-15,APPROVED,STRICT,QUALIFIED,APPROVED,Accepted NDA; Fast Track; two statistically significant Phase 3 trials with no new safety signal.,Qualified strict direction from recorded public evidence.,100.0,PHASE_A_PUBLIC,FDA-DIRECTIONAL-100-V1.9,Accepted NDA; Fast Track; two statistically significant Phase 3 trials with no new safety signal.,,APPROVED,MATCH,ANALYZED_DIRECTION_RECORDED,RETROSPECTIVE_DEVELOPMENT_NOT_BLIND,
CAPR|2025-08-31,CAPR,2025-08-31,CRL,BROAD,REVIEW_NO_CALL_ANALYZED,REVIEW,Late-cycle regulatory risk rule overrides the baseline direction. Final assessed direction: CRL.,application/review-cycle identity not verified | statistics/effectiveness gate unresolved | CMC/product-quality gate unresolved | manufacturing/facility gate unresolved | safety score missing | regulatory score missing | clinical score missing | clinical_meaningfulness score missing | benefit_risk score missing | decision-safe evidence freshness not verified,88.4,EVENT_RISK_OVERRIDE,FDA-DIRECTIONAL-100-V1.9,deramiocel: primary-source candidates were searched; candidate links and imported cutoffs require verification before they can pass a gate. No affirmative application-specific CMC and facility clearance dossier was established in this run.,,CRL,MATCH,STRICT_ENGINE_EVALUATED_SOURCE_SCREENED,RETROSPECTIVE_DEVELOPMENT_NOT_BLIND,STRICT-126-20261006
BCRX|2025-12-12,BCRX,2025-12-12,APPROVED,STRICT,QUALIFIED,APPROVED,Approved parent product; pediatric oral formulation supported by sustained pediatric HAE data; no blocking public deficiency.,Qualified strict direction from recorded public evidence.,88.5,PHASE_A_PUBLIC,FDA-DIRECTIONAL-100-V1.9,Approved parent product; pediatric oral formulation supported by sustained pediatric HAE data; no blocking public deficiency.,,APPROVED,MATCH,ANALYZED_DIRECTION_RECORDED,RETROSPECTIVE_DEVELOPMENT_NOT_BLIND,
CYTK|2025-12-26,CYTK,2025-12-26,APPROVED,BROAD,REVIEW_NO_CALL_ANALYZED,REVIEW,Recorded model baseline 99.8%; 50% threshold gives APPROVED. Strict evidence remains incomplete.,application/review-cycle identity not verified | statistics/effectiveness gate unresolved | CMC/product-quality gate unresolved | manufacturing/facility gate unresolved | safety score missing | regulatory score missing | clinical score missing | clinical_meaningfulness score missing | benefit_risk score missing | decision-safe evidence freshness not verified,99.8,FROZEN_MODEL_FORCE,FDA-DIRECTIONAL-100-V1.9,aficamten: primary-source candidates were searched; candidate links and imported cutoffs require verification before they can pass a gate. No affirmative application-specific CMC and facility clearance dossier was established in this run.,,APPROVED,MATCH,STRICT_ENGINE_EVALUATED_SOURCE_SCREENED,RETROSPECTIVE_DEVELOPMENT_NOT_BLIND,STRICT-126-20261006
CORT|2025-12-30,CORT,2025-12-30,CRL,BROAD,REVIEW_NO_CALL_ANALYZED,REVIEW,Clinical/regulatory/CMC risk rule overrides the baseline direction. Final assessed direction: CRL.,application/review-cycle identity not verified | statistics/effectiveness gate unresolved | CMC/product-quality gate unresolved | manufacturing/facility gate unresolved | safety score missing | regulatory score missing | clinical score missing | clinical_meaningfulness score missing | benefit_risk score missing | decision-safe evidence freshness not verified,94.7,FDA_DOMAIN_RISK_OVERRIDE,FDA-DIRECTIONAL-100-V1.9,relacorilant: primary-source candidates were searched; candidate links and imported cutoffs require verification before they can pass a gate. No affirmative application-specific CMC and facility clearance dossier was established in this run.,,CRL,MATCH,STRICT_ENGINE_EVALUATED_SOURCE_SCREENED,RETROSPECTIVE_DEVELOPMENT_NOT_BLIND,STRICT-126-20261006
VNDA|2025-12-30,VNDA,2025-12-30,APPROVED,STRICT,QUALIFIED,APPROVED,Accepted NDA; active FDA labeling discussions and collaborative review framework immediately before PDUFA.,Qualified strict direction from recorded public evidence.,97.3,PHASE_A_PUBLIC,FDA-DIRECTIONAL-100-V1.9,Accepted NDA; active FDA labeling discussions and collaborative review framework immediately before PDUFA.,,APPROVED,MATCH,ANALYZED_DIRECTION_RECORDED,RETROSPECTIVE_DEVELOPMENT_NOT_BLIND,
RGNX|2026-02-08|rgx-121 seeking accelerated approval was submitted to the fda in march 2025,RGNX,2026-02-08,CRL,BROAD,REVIEW_NO_CALL_ANALYZED,REVIEW,Late-cycle regulatory risk rule overrides the baseline direction. Final assessed direction: CRL.,application/review-cycle identity not verified | statistics/effectiveness gate unresolved | CMC/product-quality gate unresolved | manufacturing/facility gate unresolved | safety score missing | regulatory score missing | clinical score missing | clinical_meaningfulness score missing | benefit_risk score missing | decision-safe evidence freshness not verified,88.9,EVENT_RISK_OVERRIDE,FDA-DIRECTIONAL-100-V1.9,"January 28, 2026 sponsor release verifies a clinical hold on RGX-121 itself, extending shared-risk concerns from RGX-111; causality was not established. This is a material safety warning. No numerical safety score or categorical engine failure is invented; safety, benefit-risk, CMC and facility gates remain unresolved.",,CRL,MATCH,STRICT_ENGINE_EVALUATED_SOURCE_SCREENED,RETROSPECTIVE_DEVELOPMENT_NOT_BLIND,STRICT-126-20261006
VNDA|2026-02-21|bysanti,VNDA,2026-02-21,APPROVED,BROAD,REVIEW_NO_CALL_ANALYZED,REVIEW,Recorded model baseline 93.6%; 50% threshold gives APPROVED. Strict evidence remains incomplete.,application/review-cycle identity not verified | statistics/effectiveness gate unresolved | CMC/product-quality gate unresolved | manufacturing/facility gate unresolved | safety score missing | regulatory score missing | clinical score missing | clinical_meaningfulness score missing | benefit_risk score missing | decision-safe evidence freshness not verified,93.6,FROZEN_MODEL_FORCE,FDA-DIRECTIONAL-100-V1.9,bysanti: primary-source candidates were searched; candidate links and imported cutoffs require verification before they can pass a gate. No affirmative application-specific CMC and facility clearance dossier was established in this run.,,APPROVED,MATCH,STRICT_ENGINE_EVALUATED_SOURCE_SCREENED,RETROSPECTIVE_DEVELOPMENT_NOT_BLIND,STRICT-126-20261006
ETON|2026-02-25|et-600,ETON,2026-02-25,APPROVED,STRICT,QUALIFIED,APPROVED,Accepted NDA for pediatric desmopressin oral solution addressing dosing need; no disclosed blocking deficiency.,Qualified strict direction from recorded public evidence.,80.6,PHASE_A_PUBLIC,FDA-DIRECTIONAL-100-V1.9,Accepted NDA for pediatric desmopressin oral solution addressing dosing need; no disclosed blocking deficiency.,,APPROVED,MATCH,ANALYZED_DIRECTION_RECORDED,RETROSPECTIVE_DEVELOPMENT_NOT_BLIND,
ALDX|2026-03-16|reproxalap,ALDX,2026-03-16,CRL,STRICT,QUALIFIED,CRL,Multiple prior CRLs for efficacy; FDA requested added field-trial CSR and extended review; public efficacy inconsistency risk remained high.,Qualified strict direction from recorded public evidence.,28.6,PHASE_A_PUBLIC,FDA-DIRECTIONAL-100-V1.9,Multiple prior CRLs for efficacy; FDA requested added field-trial CSR and extended review; public efficacy inconsistency risk remained high.,,CRL,MATCH,ANALYZED_DIRECTION_RECORDED,RETROSPECTIVE_DEVELOPMENT_NOT_BLIND,
RYTM|2026-03-20|obesity,RYTM,2026-03-20,APPROVED,STRICT,QUALIFIED,APPROVED,Commercial setmelanotide franchise plus strongly positive Phase 3 TRANSCEND data before PDUFA.,Qualified strict direction from recorded public evidence.,84.2,PHASE_A_PUBLIC,FDA-DIRECTIONAL-100-V1.9,Commercial setmelanotide franchise plus strongly positive Phase 3 TRANSCEND data before PDUFA.,,APPROVED,MATCH,ANALYZED_DIRECTION_RECORDED,RETROSPECTIVE_DEVELOPMENT_NOT_BLIND,
RCKT|2026-03-28|kresladi,RCKT,2026-03-28,APPROVED,BROAD,REVIEW_NO_CALL_ANALYZED,REVIEW,Recorded model baseline 77.2%; 50% threshold gives APPROVED. Strict evidence remains incomplete.,application/review-cycle identity not verified | statistics/effectiveness gate unresolved | CMC/product-quality gate unresolved | manufacturing/facility gate unresolved | safety score missing | regulatory score missing | clinical score missing | clinical_meaningfulness score missing | benefit_risk score missing | decision-safe evidence freshness not verified,77.2,FROZEN_MODEL_FORCE,FDA-DIRECTIONAL-100-V1.9,kresladi: primary-source candidates were searched; candidate links and imported cutoffs require verification before they can pass a gate. No affirmative application-specific CMC and facility clearance dossier was established in this run.,,APPROVED,MATCH,STRICT_ENGINE_EVALUATED_SOURCE_SCREENED,RETROSPECTIVE_DEVELOPMENT_NOT_BLIND,STRICT-126-20261006
DNLI|2026-04-05|tividenofusp-alfa,DNLI,2026-04-05,APPROVED,BROAD,REVIEW_NO_CALL_ANALYZED,REVIEW,Recorded model baseline 79.1%; 50% threshold gives APPROVED. Strict evidence remains incomplete.,application/review-cycle identity not verified | statistics/effectiveness gate unresolved | CMC/product-quality gate unresolved | manufacturing/facility gate unresolved | safety score missing | regulatory score missing | clinical score missing | clinical_meaningfulness score missing | benefit_risk score missing | decision-safe evidence freshness not verified,79.1,FROZEN_MODEL_FORCE,FDA-DIRECTIONAL-100-V1.9,tividenofusp-alfa: primary-source candidates were searched; candidate links and imported cutoffs require verification before they can pass a gate. No affirmative application-specific CMC and facility clearance dossier was established in this run.,,APPROVED,MATCH,STRICT_ENGINE_EVALUATED_SOURCE_SCREENED,RETROSPECTIVE_DEVELOPMENT_NOT_BLIND,STRICT-126-20261006
TVTX|2026-04-13|glomerulosclerosis,TVTX,2026-04-13,APPROVED,STRICT,QUALIFIED,APPROVED,Existing approved FILSPARI franchise; FDA extension tied to characterization of benefit with no new safety/manufacturing request.,Qualified strict direction from recorded public evidence.,96.7,PHASE_A_PUBLIC,FDA-DIRECTIONAL-100-V1.9,Existing approved FILSPARI franchise; FDA extension tied to characterization of benefit with no new safety/manufacturing request.,,APPROVED,MATCH,ANALYZED_DIRECTION_RECORDED,RETROSPECTIVE_DEVELOPMENT_NOT_BLIND,
MNKD|2026-05-29|sbla,MNKD,2026-05-29,APPROVED,STRICT,QUALIFIED,APPROVED,Existing approved Afrezza; pediatric sBLA supported by Phase 3 INHALE-1 and extensive prior safety/efficacy experience.,Qualified strict direction from recorded public evidence.,68.1,PHASE_A_PUBLIC,FDA-DIRECTIONAL-100-V1.9,Existing approved Afrezza; pediatric sBLA supported by Phase 3 INHALE-1 and extensive prior safety/efficacy experience.,,APPROVED,MATCH,ANALYZED_DIRECTION_RECORDED,RETROSPECTIVE_DEVELOPMENT_NOT_BLIND,
ARVN|2026-06-05|vepdegestrant,ARVN,2026-06-05,APPROVED,BROAD,REVIEW_NO_CALL_ANALYZED,REVIEW,Recorded model baseline 98.5%; 50% threshold gives APPROVED. Strict evidence remains incomplete.,application/review-cycle identity not verified | statistics/effectiveness gate unresolved | CMC/product-quality gate unresolved | manufacturing/facility gate unresolved | safety score missing | regulatory score missing | clinical score missing | clinical_meaningfulness score missing | benefit_risk score missing | decision-safe evidence freshness not verified,98.5,FROZEN_MODEL_FORCE,FDA-DIRECTIONAL-100-V1.9,vepdegestrant: primary-source candidates were searched; candidate links and imported cutoffs require verification before they can pass a gate. No affirmative application-specific CMC and facility clearance dossier was established in this run.,,APPROVED,MATCH,STRICT_ENGINE_EVALUATED_SOURCE_SCREENED,RETROSPECTIVE_DEVELOPMENT_NOT_BLIND,STRICT-126-20261006
ARQT|2026-06-29|treatment,ARQT,2026-06-29,APPROVED,STRICT,QUALIFIED,APPROVED,Existing ZORYVE franchise with multiple prior approvals; pediatric label expansion accepted with no disclosed blocking issue.,Qualified strict direction from recorded public evidence.,81.9,PHASE_A_PUBLIC,FDA-DIRECTIONAL-100-V1.9,Existing ZORYVE franchise with multiple prior approvals; pediatric label expansion accepted with no disclosed blocking issue.,,APPROVED,MATCH,ANALYZED_DIRECTION_RECORDED,RETROSPECTIVE_DEVELOPMENT_NOT_BLIND,
LNTH|2026-06-29|lnth-2501,LNTH,2026-06-29,CRL,BROAD,REVIEW_NO_CALL_ANALYZED,REVIEW,Late-cycle regulatory risk rule overrides the baseline direction. Final assessed direction: CRL.,application/review-cycle identity not verified | statistics/effectiveness gate unresolved | CMC/product-quality gate unresolved | manufacturing/facility gate unresolved | safety score missing | regulatory score missing | clinical score missing | clinical_meaningfulness score missing | benefit_risk score missing | decision-safe evidence freshness not verified,85.8,EVENT_RISK_OVERRIDE,FDA-DIRECTIONAL-100-V1.9,lnth-2501: primary-source candidates were searched; candidate links and imported cutoffs require verification before they can pass a gate. No affirmative application-specific CMC and facility clearance dossier was established in this run.,,CRL,MATCH,STRICT_ENGINE_EVALUATED_SOURCE_SCREENED,RETROSPECTIVE_DEVELOPMENT_NOT_BLIND,STRICT-126-20261006
VRDN|2026-06-30|veligrotug to the fda in october 2025,VRDN,2026-06-30,APPROVED,BROAD,REVIEW_NO_CALL_ANALYZED,REVIEW,Recorded model baseline 91.3%; 50% threshold gives APPROVED. Strict evidence remains incomplete.,application/review-cycle identity not verified | statistics/effectiveness gate unresolved | CMC/product-quality gate unresolved | manufacturing/facility gate unresolved | safety score missing | regulatory score missing | clinical score missing | clinical_meaningfulness score missing | benefit_risk score missing | decision-safe evidence freshness not verified,91.3,FROZEN_MODEL_FORCE,FDA-DIRECTIONAL-100-V1.9,veligrotug: primary-source candidates were searched; candidate links and imported cutoffs require verification before they can pass a gate. No affirmative application-specific CMC and facility clearance dossier was established in this run.,,APPROVED,MATCH,STRICT_ENGINE_EVALUATED_SOURCE_SCREENED,RETROSPECTIVE_DEVELOPMENT_NOT_BLIND,STRICT-126-20261006
MNKD|2026-07-26|sbla,MNKD,2026-07-26,APPROVED,BROAD,REVIEW_NO_CALL_ANALYZED,REVIEW,Recorded model baseline 81.5%; 50% threshold gives APPROVED. Strict evidence remains incomplete.,application/review-cycle identity not verified | statistics/effectiveness gate unresolved | CMC/product-quality gate unresolved | manufacturing/facility gate unresolved | safety score missing | regulatory score missing | clinical score missing | clinical_meaningfulness score missing | benefit_risk score missing | decision-safe evidence freshness not verified,81.5,FROZEN_MODEL_FORCE,FDA-DIRECTIONAL-100-V1.9,Afrezza pediatric sBLA: primary-source candidates were searched; candidate links and imported cutoffs require verification before they can pass a gate. No affirmative application-specific CMC and facility clearance dossier was established in this run.,,APPROVED,MATCH,STRICT_ENGINE_EVALUATED_SOURCE_SCREENED,RETROSPECTIVE_DEVELOPMENT_NOT_BLIND,STRICT-126-20261006
LNTH|2026-08-13|mk-6240,LNTH,2026-08-13,APPROVED,STRICT,QUALIFIED,APPROVED,FDA-accepted NDA; Fast Track diagnostic agent; strong public registrational imaging evidence and no disclosed blocking deficiency.,Qualified strict direction from recorded public evidence.,17.9,PHASE_A_PUBLIC,FDA-DIRECTIONAL-100-V1.9,FDA-accepted NDA; Fast Track diagnostic agent; strong public registrational imaging evidence and no disclosed blocking deficiency.,,APPROVED,MATCH,ANALYZED_DIRECTION_RECORDED,RETROSPECTIVE_DEVELOPMENT_NOT_BLIND,
RARE|2026-08-23|dtx401,RARE,2026-08-23,APPROVED,BROAD,REVIEW_NO_CALL_ANALYZED,REVIEW,Recorded model baseline 70.6%; 50% threshold gives APPROVED. Strict evidence remains incomplete.,application/review-cycle identity not verified | statistics/effectiveness gate unresolved | CMC/product-quality gate unresolved | manufacturing/facility gate unresolved | safety score missing | regulatory score missing | clinical score missing | clinical_meaningfulness score missing | benefit_risk score missing | decision-safe evidence freshness not verified,70.6,FROZEN_MODEL_FORCE,FDA-DIRECTIONAL-100-V1.9,dtx401: primary-source candidates were searched; candidate links and imported cutoffs require verification before they can pass a gate. No affirmative application-specific CMC and facility clearance dossier was established in this run.,,APPROVED,MATCH,STRICT_ENGINE_EVALUATED_SOURCE_SCREENED,RETROSPECTIVE_DEVELOPMENT_NOT_BLIND,STRICT-126-20261006
ZYME|2026-08-25|tevimbra,ZYME,2026-08-25,APPROVED,STRICT,QUALIFIED,APPROVED,"Strong Phase 3 first-line HER2+ GEA evidence, existing zanidatamab franchise approval, accepted PDUFA submission.",Qualified strict direction from recorded public evidence.,59.5,PHASE_A_PUBLIC,FDA-DIRECTIONAL-100-V1.9,"Strong Phase 3 first-line HER2+ GEA evidence, existing zanidatamab franchise approval, accepted PDUFA submission.",,APPROVED,MATCH,ANALYZED_DIRECTION_RECORDED,RETROSPECTIVE_DEVELOPMENT_NOT_BLIND,
TLX|2026-09-11|tlx101-px,TLX,2026-09-11,APPROVED,BROAD,REVIEW_NO_CALL_ANALYZED,REVIEW,Recorded model baseline 96.6%; 50% threshold gives APPROVED. Strict evidence remains incomplete.,application/review-cycle identity not verified | statistics/effectiveness gate unresolved | CMC/product-quality gate unresolved | manufacturing/facility gate unresolved | safety score missing | regulatory score missing | clinical score missing | clinical_meaningfulness score missing | benefit_risk score missing | decision-safe evidence freshness not verified,96.6,FROZEN_MODEL_FORCE,FDA-DIRECTIONAL-100-V1.9,tlx101-px: primary-source candidates were searched; candidate links and imported cutoffs require verification before they can pass a gate. No affirmative application-specific CMC and facility clearance dossier was established in this run.,,APPROVED,MATCH,STRICT_ENGINE_EVALUATED_SOURCE_SCREENED,RETROSPECTIVE_DEVELOPMENT_NOT_BLIND,STRICT-126-20261006
IONS|2026-09-22|alexander,IONS,2026-09-22,APPROVED,BROAD,REVIEW_NO_CALL_ANALYZED,REVIEW,Recorded model baseline 95.9%; 50% threshold gives APPROVED. Strict evidence remains incomplete.,application/review-cycle identity not verified | statistics/effectiveness gate unresolved | CMC/product-quality gate unresolved | manufacturing/facility gate unresolved | safety score missing | regulatory score missing | clinical score missing | clinical_meaningfulness score missing | benefit_risk score missing | decision-safe evidence freshness not verified,95.9,FROZEN_MODEL_FORCE,FDA-DIRECTIONAL-100-V1.9,zilganersen Alexander disease: primary-source candidates were searched; candidate links and imported cutoffs require verification before they can pass a gate. No affirmative application-specific CMC and facility clearance dossier was established in this run.,,APPROVED,MATCH,STRICT_ENGINE_EVALUATED_SOURCE_SCREENED,RETROSPECTIVE_DEVELOPMENT_NOT_BLIND,STRICT-126-20261006
SRRK|2026-09-30|apitegromab,SRRK,2026-09-30,APPROVED,BROAD,REVIEW_NO_CALL_ANALYZED,REVIEW,Recorded model baseline 89.2%; 50% threshold gives APPROVED. Strict evidence remains incomplete.,application/review-cycle identity not verified | statistics/effectiveness gate unresolved | CMC/product-quality gate unresolved | manufacturing/facility gate unresolved | safety score missing | regulatory score missing | clinical score missing | clinical_meaningfulness score missing | benefit_risk score missing | decision-safe evidence freshness not verified,89.2,FROZEN_MODEL_FORCE,FDA-DIRECTIONAL-100-V1.9,apitegromab: primary-source candidates were searched; candidate links and imported cutoffs require verification before they can pass a gate. No affirmative application-specific CMC and facility clearance dossier was established in this run.,,APPROVED,MATCH,STRICT_ENGINE_EVALUATED_SOURCE_SCREENED,RETROSPECTIVE_DEVELOPMENT_NOT_BLIND,STRICT-126-20261006
