ticker,company,candidate_drug_name,identity_status,phase3_trial_count,indications,nct_ids,source_urls,first_result_date,last_result_date,notes
ABBV,AbbVie Inc.,2 daa | rbv,PROVISIONAL_SINGLE_INTERVENTION,1,Genotype 4 | HCV | Hepatitis C Infection,NCT02247401,https://clinicaltrials.gov/study/NCT02247401,2017-07-27,2017-07-27,"Not an independently verified unique active drug; requires alias, arm and regimen review."
ABBV,AbbVie Inc.,abatacept | placebo for abatacept (0.9% sodium chloride injection or solution for infusion) | placebo for upadacitinib | upadacitinib,PROVISIONAL_SINGLE_INTERVENTION,1,Rheumatoid Arthritis (RA),NCT03086343,https://clinicaltrials.gov/study/NCT03086343,2020-06-04,2020-06-04,"Not an independently verified unique active drug; requires alias, arm and regimen review."
ABBV,AbbVie Inc.,abbv-444,PROVISIONAL_SINGLE_INTERVENTION,1,Dry Eye Syndrome,NCT05878067,https://clinicaltrials.gov/study/NCT05878067,2024-10-15,2024-10-15,"Not an independently verified unique active drug; requires alias, arm and regimen review."
ABBV,AbbVie Inc.,abbv-951,PROVISIONAL_SINGLE_INTERVENTION,1,Parkinson's Disease (PD),NCT03781167,https://clinicaltrials.gov/study/NCT03781167,2023-10-23,2023-10-23,"Not an independently verified unique active drug; requires alias, arm and regimen review."
ABBV,AbbVie Inc.,abbv-951 | levodopa/carbidopa (ld/cd) | placebo for abbv-951 | placebo for levodopa/carbidopa (ld/cd),PROVISIONAL_SINGLE_INTERVENTION,1,Parkinson's Disease (PD),NCT04380142,https://clinicaltrials.gov/study/NCT04380142,2022-11-18,2022-11-18,"Not an independently verified unique active drug; requires alias, arm and regimen review."
ABBV,AbbVie Inc.,abt-333 | abt-450/r/abt-267 | ribavirin,PROVISIONAL_SINGLE_INTERVENTION,2,Chronic Hepatitis C Virus (HCV) | Chronic Hepatitis C | Compensated Cirrhosis and Non-cirrhotics | Hepatitis C Virus Infection | Human Immunodeficiency Virus Infection,NCT01939197 | NCT02517528,https://clinicaltrials.gov/study/NCT01939197 | https://clinicaltrials.gov/study/NCT02517528,2017-11-17,2018-10-09,"Not an independently verified unique active drug; requires alias, arm and regimen review."
ABBV,AbbVie Inc.,abt-333 | abt-450/r/abt-267 | ribavirin (rbv),PROVISIONAL_SINGLE_INTERVENTION,2,Chronic Hepatitis C Virus (HCV) Infection Genotype 1,NCT02167945 | NCT02219490,https://clinicaltrials.gov/study/NCT02167945 | https://clinicaltrials.gov/study/NCT02219490,2022-04-06,2023-04-07,"Not an independently verified unique active drug; requires alias, arm and regimen review."
ABBV,AbbVie Inc.,abt-450/r/abt-267 | placebo,PROVISIONAL_SINGLE_INTERVENTION,1,Chronic Hepatitis C Infection,NCT02023099,https://clinicaltrials.gov/study/NCT02023099,2015-11-26,2015-11-26,"Not an independently verified unique active drug; requires alias, arm and regimen review."
ABBV,AbbVie Inc.,abt-450/r/abt-267 | ribavirin,PROVISIONAL_SINGLE_INTERVENTION,1,Hepatitis C Virus,NCT02023112,https://clinicaltrials.gov/study/NCT02023112,2016-05-13,2016-05-13,"Not an independently verified unique active drug; requires alias, arm and regimen review."
ABBV,AbbVie Inc.,"abt-450/r/abt-267, abt-333 | pegylated interferon a-2a (peginf) | ribavirin | telaprevir",PROVISIONAL_SINGLE_INTERVENTION,1,Chronic Hepatitis C Infection,NCT01854528,https://clinicaltrials.gov/study/NCT01854528,2016-02-11,2016-02-11,"Not an independently verified unique active drug; requires alias, arm and regimen review."
ABBV,AbbVie Inc.,"abt-450/r/abt-267, abt-333 | pegylated interferon alpha 2-a (pegifn) | ribavirin | telaprevir",PROVISIONAL_SINGLE_INTERVENTION,1,Chronic Hepatitis C Infection,NCT01854697,https://clinicaltrials.gov/study/NCT01854697,2016-02-22,2016-02-22,"Not an independently verified unique active drug; requires alias, arm and regimen review."
ABBV,AbbVie Inc.,"abt-450/r/abt-267, abt-333 | placebo for ribavirin | ribavirin",PROVISIONAL_SINGLE_INTERVENTION,1,Chronic Hepatitis C Infection,NCT01833533,https://clinicaltrials.gov/study/NCT01833533,2015-01-06,2015-01-06,"Not an independently verified unique active drug; requires alias, arm and regimen review."
ABBV,AbbVie Inc.,abt-493 coformulated with abt-530,PROVISIONAL_SINGLE_INTERVENTION,1,Chronic Hepatitis C | Compensated Cirrhosis and Non-cirrhotics | Hepatitis C Virus Infection | Human Immunodeficiency Virus Infection,NCT02738138,https://clinicaltrials.gov/study/NCT02738138,2018-05-09,2018-05-09,"Not an independently verified unique active drug; requires alias, arm and regimen review."
ABBV,AbbVie Inc.,abt-493 | abt-493/abt-530 | abt-530 | ribavirin (rbv),PROVISIONAL_SINGLE_INTERVENTION,1,Chronic Hepatitis C | Hepatitis C Virus,NCT02243293,https://clinicaltrials.gov/study/NCT02243293,2017-10-02,2017-10-02,"Not an independently verified unique active drug; requires alias, arm and regimen review."
ABBV,AbbVie Inc.,abt-493 | abt-530,PROVISIONAL_SINGLE_INTERVENTION,1,Hepatitis C,NCT02441283,https://clinicaltrials.gov/study/NCT02441283,2020-09-21,2020-09-21,"Not an independently verified unique active drug; requires alias, arm and regimen review."
ABBV,AbbVie Inc.,"abt-493, abt-530 | abt-493/abt-530 | ribavirin (rbv)",PROVISIONAL_SINGLE_INTERVENTION,1,Chronic Hepatitis C | Direct-Acting Antiviral Agent (DAA)-Experienced | HCV | Hepatitis C Virus,NCT02446717,https://clinicaltrials.gov/study/NCT02446717,2017-09-15,2017-09-15,"Not an independently verified unique active drug; requires alias, arm and regimen review."
ABBV,AbbVie Inc.,abt-493/abt-530,PROVISIONAL_SINGLE_INTERVENTION,4,Chronic Hepatitis C Virus (HCV) Infection | Chronic Hepatitis C | Compensated Cirrhosis | Hepatitis C Virus Infection | Chronic Hepatitis C | HCV | Hepatitis C Virus | Hepatitis C Virus,NCT02604017 | NCT02636595 | NCT02642432 | NCT02651194,https://clinicaltrials.gov/study/NCT02604017 | https://clinicaltrials.gov/study/NCT02636595 | https://clinicaltrials.gov/study/NCT02642432 | https://clinicaltrials.gov/study/NCT02651194,2017-09-14,2017-10-16,"Not an independently verified unique active drug; requires alias, arm and regimen review."
ABBV,AbbVie Inc.,abt-493/abt-530 | daclatasvir | sofosbuvir,PROVISIONAL_SINGLE_INTERVENTION,1,Chronic Hepatitis C | Genotype 3 Hepatitis C Virus | Hepatitis C Virus,NCT02640157,https://clinicaltrials.gov/study/NCT02640157,2017-09-15,2017-09-15,"Not an independently verified unique active drug; requires alias, arm and regimen review."
ABBV,AbbVie Inc.,abt-493/abt-530 | obv/ptv/r,PROVISIONAL_SINGLE_INTERVENTION,1,Chronic Hepatitis C Virus | Hepatitis C Virus,NCT02707952,https://clinicaltrials.gov/study/NCT02707952,2018-07-23,2018-07-23,"Not an independently verified unique active drug; requires alias, arm and regimen review."
ABBV,AbbVie Inc.,abt-493/abt-530 | placebo for abt-493/abt-530,PROVISIONAL_SINGLE_INTERVENTION,1,Chronic Hepatitis C Virus (HCV) Infection,NCT02640482,https://clinicaltrials.gov/study/NCT02640482,2017-09-18,2017-09-18,"Not an independently verified unique active drug; requires alias, arm and regimen review."
ABBV,AbbVie Inc.,abt-493/abt-530 | ribavirin (rbv) | sofosbuvir (sof),PROVISIONAL_SINGLE_INTERVENTION,1,Chronic Hepatitis C Virus | Hepatitis C Virus,NCT02723084,https://clinicaltrials.gov/study/NCT02723084,2019-02-15,2019-02-15,"Not an independently verified unique active drug; requires alias, arm and regimen review."
ABBV,AbbVie Inc.,adalimumab,PROVISIONAL_SINGLE_INTERVENTION,9,Adalimumab | Generalized Pustular Psoriasis (GPP) | Japanese | Crohn's Disease | Hidradenitis Suppurativa | Nail Psoriasis | Plaque Psoriasis | Ulcerative Colitis | Ulcerative Colitis (UC) | Uveitis,NCT01148225 | NCT01958827 | NCT02016482 | NCT02065622 | NCT02185014 | NCT02499783 | NCT02533375 | NCT02632175 | NCT02904902,https://clinicaltrials.gov/study/NCT01148225 | https://clinicaltrials.gov/study/NCT01958827 | https://clinicaltrials.gov/study/NCT02016482 | https://clinicaltrials.gov/study/NCT02065622 | https://clinicaltrials.gov/study/NCT02185014 | https://clinicaltrials.gov/study/NCT02499783 | https://clinicaltrials.gov/study/NCT02533375 | https://clinicaltrials.gov/study/NCT02632175 | https://clinicaltrials.gov/study/NCT02904902,2016-04-12,2025-10-16,"Not an independently verified unique active drug; requires alias, arm and regimen review."
ABBV,AbbVie Inc.,adalimumab | methotrexate,PROVISIONAL_SINGLE_INTERVENTION,1,Psoriasis,NCT02196701,https://clinicaltrials.gov/study/NCT02196701,2018-03-19,2018-03-19,"Not an independently verified unique active drug; requires alias, arm and regimen review."
ABBV,AbbVie Inc.,adalimumab | placebo,PROVISIONAL_SINGLE_INTERVENTION,2,Crohn's Disease | Ulcerative Colitis,NCT02065557 | NCT02065570,https://clinicaltrials.gov/study/NCT02065557 | https://clinicaltrials.gov/study/NCT02065570,2020-10-05,2021-02-18,"Not an independently verified unique active drug; requires alias, arm and regimen review."
ABBV,AbbVie Inc.,adalimumab | placebo for adalimumab | placebo for risankizumab | risankizumab,PROVISIONAL_SINGLE_INTERVENTION,1,Psoriasis,NCT02694523,https://clinicaltrials.gov/study/NCT02694523,2019-05-28,2019-05-28,"Not an independently verified unique active drug; requires alias, arm and regimen review."
ABBV,AbbVie Inc.,adalimumab | placebo for adalimumab | placebo for upadacitinib | upadacitinib,PROVISIONAL_SINGLE_INTERVENTION,1,Rheumatoid Arthritis,NCT02629159,https://clinicaltrials.gov/study/NCT02629159,2019-10-07,2019-10-07,"Not an independently verified unique active drug; requires alias, arm and regimen review."
ABBV,AbbVie Inc.,adalimumab | placebo to adalimumab | placebo to upadacitinib | upadacitinib,PROVISIONAL_SINGLE_INTERVENTION,1,Psoriatic Arthritis,NCT03104400,https://clinicaltrials.gov/study/NCT03104400,2022-01-25,2022-01-25,"Not an independently verified unique active drug; requires alias, arm and regimen review."
ABBV,AbbVie Inc.,agn-151586,PROVISIONAL_SINGLE_INTERVENTION,1,Glabellar Lines,NCT05248893,https://clinicaltrials.gov/study/NCT05248893,2026-09-25,2026-09-25,"Not an independently verified unique active drug; requires alias, arm and regimen review."
ABBV,AbbVie Inc.,agn-151586 | placebo,PROVISIONAL_SINGLE_INTERVENTION,2,Glabellar Lines,NCT05248867 | NCT05248880,https://clinicaltrials.gov/study/NCT05248867 | https://clinicaltrials.gov/study/NCT05248880,2024-05-24,2026-02-18,"Not an independently verified unique active drug; requires alias, arm and regimen review."
ABBV,AbbVie Inc.,agn-190584 | vehicle,PROVISIONAL_SINGLE_INTERVENTION,1,Presbyopia,NCT04837482,https://clinicaltrials.gov/study/NCT04837482,2024-10-10,2024-10-10,"Not an independently verified unique active drug; requires alias, arm and regimen review."
ABBV,AbbVie Inc.,antidepressant therapy (adt) | cariprazine | placebo,PROVISIONAL_SINGLE_INTERVENTION,1,Major Depressive Disorder,NCT03739203,https://clinicaltrials.gov/study/NCT03739203,2022-09-21,2022-09-21,"Not an independently verified unique active drug; requires alias, arm and regimen review."
ABBV,AbbVie Inc.,atogepant,PROVISIONAL_SINGLE_INTERVENTION,1,Chronic Migraine,NCT05216263,https://clinicaltrials.gov/study/NCT05216263,2026-06-16,2026-06-16,"Not an independently verified unique active drug; requires alias, arm and regimen review."
ABBV,AbbVie Inc.,atogepant 60 mg,PROVISIONAL_SINGLE_INTERVENTION,1,Chronic Migraine | Episodic Migraine,NCT04437433,https://clinicaltrials.gov/study/NCT04437433,2025-07-22,2025-07-22,"Not an independently verified unique active drug; requires alias, arm and regimen review."
ABBV,AbbVie Inc.,atogepant | placebo for atogepant,PROVISIONAL_SINGLE_INTERVENTION,1,Migraine,NCT05861427,https://clinicaltrials.gov/study/NCT05861427,2026-06-11,2026-06-11,"Not an independently verified unique active drug; requires alias, arm and regimen review."
ABBV,AbbVie Inc.,atogepant | placebo for atogepant | placebo for topiramate | topiramate,PROVISIONAL_SINGLE_INTERVENTION,1,Migraine,NCT05748483,https://clinicaltrials.gov/study/NCT05748483,2026-07-02,2026-07-02,"Not an independently verified unique active drug; requires alias, arm and regimen review."
ABBV,AbbVie Inc.,atrasentan | placebo,PROVISIONAL_SINGLE_INTERVENTION,1,Diabetic Nephropathy,NCT01858532,https://clinicaltrials.gov/study/NCT01858532,2019-04-24,2019-04-24,"Not an independently verified unique active drug; requires alias, arm and regimen review."
ABBV,AbbVie Inc.,azacitidine | decitabine | venetoclax,PROVISIONAL_SINGLE_INTERVENTION,1,Acute Myeloid Leukemia (AML) | Cancer,NCT03941964,https://clinicaltrials.gov/study/NCT03941964,2023-03-20,2023-03-20,"Not an independently verified unique active drug; requires alias, arm and regimen review."
ABBV,AbbVie Inc.,azacitidine | placebo | venetoclax,PROVISIONAL_SINGLE_INTERVENTION,1,Acute Myeloid Leukemia (AML),NCT02993523,https://clinicaltrials.gov/study/NCT02993523,2023-01-27,2023-01-27,"Not an independently verified unique active drug; requires alias, arm and regimen review."
ABBV,AbbVie Inc.,azacitidine | venetoclax,PROVISIONAL_SINGLE_INTERVENTION,2,Acute Myeloid Leukemia (AML) | Acute Myeloid Leukemia (AML) | Cancer,NCT04102020 | NCT04161885,https://clinicaltrials.gov/study/NCT04102020 | https://clinicaltrials.gov/study/NCT04161885,2025-08-20,2026-06-04,"Not an independently verified unique active drug; requires alias, arm and regimen review."
ABBV,AbbVie Inc.,bendamustine | obinutuzumab | venetoclax,PROVISIONAL_SINGLE_INTERVENTION,1,Chronic Lymphocytic Leukemia (CLL) | Small Lymphocytic Lymphoma (SLL),NCT03406156,https://clinicaltrials.gov/study/NCT03406156,2022-11-03,2022-11-03,"Not an independently verified unique active drug; requires alias, arm and regimen review."
ABBV,AbbVie Inc.,bimatoprost sr | lumigan,PROVISIONAL_SINGLE_INTERVENTION,1,Ocular Hypertension | Open-Angle Glaucoma,NCT04285580,https://clinicaltrials.gov/study/NCT04285580,2023-06-08,2023-06-08,"Not an independently verified unique active drug; requires alias, arm and regimen review."
ABBV,AbbVie Inc.,bimatoprost sr | sham bimatoprost sr,PROVISIONAL_SINGLE_INTERVENTION,1,"Glaucoma, Open-Angle | Ocular Hypertension",NCT02507687,https://clinicaltrials.gov/study/NCT02507687,2024-05-10,2024-05-10,"Not an independently verified unique active drug; requires alias, arm and regimen review."
ABBV,AbbVie Inc.,bortezomib | dexamethasone | placebo for venetoclax | venetoclax,PROVISIONAL_SINGLE_INTERVENTION,1,Relapsed/Refractory Multiple Myeloma,NCT02755597,https://clinicaltrials.gov/study/NCT02755597,2023-08-22,2023-08-22,"Not an independently verified unique active drug; requires alias, arm and regimen review."
ABBV,AbbVie Inc.,botox | placebo,PROVISIONAL_SINGLE_INTERVENTION,1,Episodic Migraine,NCT05028569,https://clinicaltrials.gov/study/NCT05028569,2025-12-09,2025-12-09,"Not an independently verified unique active drug; requires alias, arm and regimen review."
ABBV,AbbVie Inc.,botulinum toxin type a,PROVISIONAL_SINGLE_INTERVENTION,1,Masseter Muscle Prominence,NCT04073303,https://clinicaltrials.gov/study/NCT04073303,2025-05-06,2025-05-06,"Not an independently verified unique active drug; requires alias, arm and regimen review."
ABBV,AbbVie Inc.,carboplatin | cisplatin | paclitaxel | pemetrexed | veliparib,PROVISIONAL_SINGLE_INTERVENTION,1,Non-squamous Non-small Cell Lung Cancer,NCT02264990,https://clinicaltrials.gov/study/NCT02264990,2021-02-26,2021-02-26,"Not an independently verified unique active drug; requires alias, arm and regimen review."
ABBV,AbbVie Inc.,carboplatin | paclitaxel | veliparib,PROVISIONAL_SINGLE_INTERVENTION,1,Ovarian Cancer | Ovarian Neoplasm,NCT02470585,https://clinicaltrials.gov/study/NCT02470585,2020-09-14,2020-09-14,"Not an independently verified unique active drug; requires alias, arm and regimen review."
ABBV,AbbVie Inc.,carboplatin | paclitaxel | veliparib | veliparib placebo,PROVISIONAL_SINGLE_INTERVENTION,1,Metastatic Breast Cancer,NCT02163694,https://clinicaltrials.gov/study/NCT02163694,2022-04-04,2022-04-04,"Not an independently verified unique active drug; requires alias, arm and regimen review."
ABBV,AbbVie Inc.,cariprazine | placebo,PROVISIONAL_SINGLE_INTERVENTION,4,Bipolar I Disorder | Depression | Mania | Major Depressive Disorder | Schizophrenia,NCT03573297 | NCT03593213 | NCT03738215 | NCT05368558,https://clinicaltrials.gov/study/NCT03573297 | https://clinicaltrials.gov/study/NCT03593213 | https://clinicaltrials.gov/study/NCT03738215 | https://clinicaltrials.gov/study/NCT05368558,2022-03-08,2025-10-20,"Not an independently verified unique active drug; requires alias, arm and regimen review."
ABBV,AbbVie Inc.,cefadroxil | clindamycin | dalbavancin | flucloxacillin | oxacillin | vancomycin,PROVISIONAL_SINGLE_INTERVENTION,1,Bacterial Infections | Methicillin-Resistant Staphylococcus Aureus | Staphylococcal Skin Infections,NCT02814916,https://clinicaltrials.gov/study/NCT02814916,2024-09-19,2024-09-19,"Not an independently verified unique active drug; requires alias, arm and regimen review."
ABBV,AbbVie Inc.,corticosteroid (cs) | upadacitinib,PROVISIONAL_SINGLE_INTERVENTION,1,Giant Cell Arteritis (GCA),NCT03725202,https://clinicaltrials.gov/study/NCT03725202,2025-03-07,2025-03-07,"Not an independently verified unique active drug; requires alias, arm and regimen review."
ABBV,AbbVie Inc.,cytarabine | placebo | venetoclax,PROVISIONAL_SINGLE_INTERVENTION,1,Acute Myeloid Leukemia (AML),NCT03069352,https://clinicaltrials.gov/study/NCT03069352,2020-02-28,2020-02-28,"Not an independently verified unique active drug; requires alias, arm and regimen review."
ABBV,AbbVie Inc.,dasabuvir | dasabuvir mini tablet | ombitasvir mini tablet | ombitasvir/paritaprevir/ritonavir | paritaprevir mini tablet | ribavirin | ribavirin solution | ritonavir mini tablet,PROVISIONAL_SINGLE_INTERVENTION,1,Chronic Hepatitis C Infection,NCT02486406,https://clinicaltrials.gov/study/NCT02486406,2021-10-05,2021-10-05,"Not an independently verified unique active drug; requires alias, arm and regimen review."
ABBV,AbbVie Inc.,dasabuvir | ombitasvir/paritaprevir/ritonavir,PROVISIONAL_SINGLE_INTERVENTION,2,Chronic Hepatitis C Infection | Compensated Cirrhosis | Hepatitis C Infection | Hepatitis C Virus,NCT02219503 | NCT02582632,https://clinicaltrials.gov/study/NCT02219503 | https://clinicaltrials.gov/study/NCT02582632,2016-06-29,2017-12-13,"Not an independently verified unique active drug; requires alias, arm and regimen review."
ABBV,AbbVie Inc.,dasabuvir | ombitasvir/paritaprevir/ritonavir | ribavirin,PROVISIONAL_SINGLE_INTERVENTION,2,Chronic Hepatitis C | Decompensated Cirrhosis | Hepatitis C Virus | Chronic Hepatitis C | Hepatitis C (HCV) | Hepatitis C Genotype 1a,NCT02219477 | NCT02476617,https://clinicaltrials.gov/study/NCT02219477 | https://clinicaltrials.gov/study/NCT02476617,2017-07-11,2017-09-05,"Not an independently verified unique active drug; requires alias, arm and regimen review."
ABBV,AbbVie Inc.,dasabuvir | ombitasvir/paritaprevir/ritonavir | ribavirin (rbv),PROVISIONAL_SINGLE_INTERVENTION,1,Chronic Hepatitis C Virus (HCV) Infection,NCT02216422,https://clinicaltrials.gov/study/NCT02216422,2016-06-29,2016-06-29,"Not an independently verified unique active drug; requires alias, arm and regimen review."
ABBV,AbbVie Inc.,depatuxizumab mafodotin | ophthalmic steroid ointment | steroid eye drops | temozolomide | vasoconstrictor eye drops,PROVISIONAL_SINGLE_INTERVENTION,1,Glioblastoma Multiforme,NCT03419403,https://clinicaltrials.gov/study/NCT03419403,2021-04-14,2021-04-14,"Not an independently verified unique active drug; requires alias, arm and regimen review."
ABBV,AbbVie Inc.,depatuxizumab mafodotin | placebo for abt-414 | temozolomide,PROVISIONAL_SINGLE_INTERVENTION,1,Glioblastoma | Gliosarcoma,NCT02573324,https://clinicaltrials.gov/study/NCT02573324,2023-05-11,2023-05-11,"Not an independently verified unique active drug; requires alias, arm and regimen review."
ABBV,AbbVie Inc.,dexamethasone,PROVISIONAL_SINGLE_INTERVENTION,1,Macular Edema,NCT04976777,https://clinicaltrials.gov/study/NCT04976777,2023-02-28,2023-02-28,"Not an independently verified unique active drug; requires alias, arm and regimen review."
ABBV,AbbVie Inc.,dexamethasone | placebo for dexamethasone | placebo for rovalpituzumab tesirine | rovalpituzumab tesirine,PROVISIONAL_SINGLE_INTERVENTION,1,Small Cell Lung Cancer,NCT03033511,https://clinicaltrials.gov/study/NCT03033511,2020-12-21,2020-12-21,"Not an independently verified unique active drug; requires alias, arm and regimen review."
ABBV,AbbVie Inc.,dexamethasone | rovalpituzumab tesirine | topotecan,PROVISIONAL_SINGLE_INTERVENTION,1,Small Cell Lung Cancer,NCT03061812,https://clinicaltrials.gov/study/NCT03061812,2021-02-23,2021-02-23,"Not an independently verified unique active drug; requires alias, arm and regimen review."
ABBV,AbbVie Inc.,dupilumab | placebo to dupilumab | placebo to upadacitinib | upadacitinib,PROVISIONAL_SINGLE_INTERVENTION,1,Atopic Dermatitis,NCT03738397,https://clinicaltrials.gov/study/NCT03738397,2022-02-02,2022-02-02,"Not an independently verified unique active drug; requires alias, arm and regimen review."
ABBV,AbbVie Inc.,dupilumab | upadacitinib,PROVISIONAL_SINGLE_INTERVENTION,1,Atopic Dermatitis,NCT05601882,https://clinicaltrials.gov/study/NCT05601882,2025-02-14,2025-02-14,"Not an independently verified unique active drug; requires alias, arm and regimen review."
ABBV,AbbVie Inc.,elagolix,PROVISIONAL_SINGLE_INTERVENTION,3,Endometriosis,NCT01760954 | NCT01931670 | NCT02143713,https://clinicaltrials.gov/study/NCT01760954 | https://clinicaltrials.gov/study/NCT01931670 | https://clinicaltrials.gov/study/NCT02143713,2018-09-06,2018-09-07,"Not an independently verified unique active drug; requires alias, arm and regimen review."
ABBV,AbbVie Inc.,elagolix | estradiol /norethindrone acetate (e2/neta),PROVISIONAL_SINGLE_INTERVENTION,1,Heavy Menstrual Bleeding | Uterine Fibroids,NCT03271489,https://clinicaltrials.gov/study/NCT03271489,2025-07-22,2025-07-22,"Not an independently verified unique active drug; requires alias, arm and regimen review."
ABBV,AbbVie Inc.,elagolix | estradiol/norethindrone acetate,PROVISIONAL_SINGLE_INTERVENTION,1,Heavy Menstrual Bleeding | Uterine Fibroids,NCT02925494,https://clinicaltrials.gov/study/NCT02925494,2020-06-30,2020-06-30,"Not an independently verified unique active drug; requires alias, arm and regimen review."
ABBV,AbbVie Inc.,elagolix | estradiol/norethindrone acetate (e2/neta),PROVISIONAL_SINGLE_INTERVENTION,1,Endometriosis,NCT03343067,https://clinicaltrials.gov/study/NCT03343067,2019-11-27,2019-11-27,"Not an independently verified unique active drug; requires alias, arm and regimen review."
ABBV,AbbVie Inc.,elagolix | estradiol/norethindrone acetate | placebo for e2/neta | placebo for elagolix,PROVISIONAL_SINGLE_INTERVENTION,1,Endometriosis,NCT03213457,https://clinicaltrials.gov/study/NCT03213457,2021-04-20,2021-04-20,"Not an independently verified unique active drug; requires alias, arm and regimen review."
ABBV,AbbVie Inc.,elagolix | estradiol/norethindrone acetate | placebo for elagolix | placebo for estradiol/norethindrone acetate,PROVISIONAL_SINGLE_INTERVENTION,2,Heavy Menstrual Bleeding | Uterine Fibroids,NCT02654054 | NCT02691494,https://clinicaltrials.gov/study/NCT02654054 | https://clinicaltrials.gov/study/NCT02691494,2020-06-29,2020-06-30,"Not an independently verified unique active drug; requires alias, arm and regimen review."
ABBV,AbbVie,etentamig,PROVISIONAL_SINGLE_INTERVENTION,0,Relapsed/refractory multiple myeloma,,https://www.prnewswire.com/news-releases/abbvie-announces-positive-topline-results-from-the-phase-3-cervino-trial-showing-etentamig-significantly-improved-response-rate-and-progression-free-survival-in-patients-with-relapsedrefractory-multiple-myeloma-302868290.html,2026-09-03,2026-09-03,"Not an independently verified unique active drug; requires alias, arm and regimen review."
ABBV,AbbVie Inc.,fluvoxamine maleate | placebo,PROVISIONAL_SINGLE_INTERVENTION,1,Obsessive Compulsive Disorder,NCT01933919,https://clinicaltrials.gov/study/NCT01933919,2017-12-04,2017-12-04,"Not an independently verified unique active drug; requires alias, arm and regimen review."
ABBV,AbbVie Inc.,fumaderm | risankizumab,PROVISIONAL_SINGLE_INTERVENTION,1,Psoriasis,NCT03255382,https://clinicaltrials.gov/study/NCT03255382,2019-09-13,2019-09-13,"Not an independently verified unique active drug; requires alias, arm and regimen review."
ABBV,AbbVie Inc.,functional constipation (fc) participants (lin-md-62 and lin-md-64 completers) | irritable bowel syndrome with constipation (ibs-c) participants (lin-md-63 and lin-md-64 completers),PROVISIONAL_SINGLE_INTERVENTION,1,Functional Constipation | Irritable Bowel Syndrome With Constipation,NCT04166058,https://clinicaltrials.gov/study/NCT04166058,2026-01-06,2026-01-06,"Not an independently verified unique active drug; requires alias, arm and regimen review."
ABBV,AbbVie Inc.,glecaprevir + pibrentasvir pediatric formulation | glecaprevir/pibrentasvir adult formulation,PROVISIONAL_SINGLE_INTERVENTION,1,Hepatitis C Virus (HCV),NCT03067129,https://clinicaltrials.gov/study/NCT03067129,2021-07-13,2021-07-13,"Not an independently verified unique active drug; requires alias, arm and regimen review."
ABBV,AbbVie Inc.,glecaprevir/pibrentasvir,PROVISIONAL_SINGLE_INTERVENTION,7,Chronic Hepatitis C | HCV | Hepatitis C Virus | Hepatitis C Virus (HCV),NCT02692703 | NCT02966795 | NCT03069365 | NCT03089944 | NCT03212521 | NCT03219216 | NCT03235349,https://clinicaltrials.gov/study/NCT02692703 | https://clinicaltrials.gov/study/NCT02966795 | https://clinicaltrials.gov/study/NCT03069365 | https://clinicaltrials.gov/study/NCT03089944 | https://clinicaltrials.gov/study/NCT03212521 | https://clinicaltrials.gov/study/NCT03219216 | https://clinicaltrials.gov/study/NCT03235349,2018-04-04,2020-07-13,"Not an independently verified unique active drug; requires alias, arm and regimen review."
ABBV,AbbVie Inc.,glecaprevir/pibrentasvir (gle/pib),PROVISIONAL_SINGLE_INTERVENTION,1,Hepatitis C Virus (HCV),NCT04903626,https://clinicaltrials.gov/study/NCT04903626,2025-04-06,2025-04-06,"Not an independently verified unique active drug; requires alias, arm and regimen review."
ABBV,AbbVie Inc.,glecaprevir/pibrentasvir | placebo,PROVISIONAL_SINGLE_INTERVENTION,1,Hepatitis C Virus (HCV),NCT03222583,https://clinicaltrials.gov/study/NCT03222583,2019-12-23,2019-12-23,"Not an independently verified unique active drug; requires alias, arm and regimen review."
ABBV,AbbVie Inc.,glecaprevir/pibrentasvir | ribavirin | sofosbuvir,PROVISIONAL_SINGLE_INTERVENTION,1,Hepatitis C Virus Infection,NCT02939989,https://clinicaltrials.gov/study/NCT02939989,2022-05-04,2022-05-04,"Not an independently verified unique active drug; requires alias, arm and regimen review."
ABBV,AbbVie Inc.,leuprolide acetate (la),PROVISIONAL_SINGLE_INTERVENTION,1,Central Precocious Puberty (CPP),NCT03695237,https://clinicaltrials.gov/study/NCT03695237,2023-05-16,2023-05-16,"Not an independently verified unique active drug; requires alias, arm and regimen review."
ABBV,AbbVie Inc.,levodopa-carbidopa intestinal gel,PROVISIONAL_SINGLE_INTERVENTION,1,Advanced Parkinson's Disease,NCT01960842,https://clinicaltrials.gov/study/NCT01960842,2016-04-20,2016-04-20,"Not an independently verified unique active drug; requires alias, arm and regimen review."
ABBV,AbbVie Inc.,levodopa-carbidopa intestinal gel (lcig),PROVISIONAL_SINGLE_INTERVENTION,1,Advanced Parkinson's Disease,NCT00660673,https://clinicaltrials.gov/study/NCT00660673,2022-12-02,2022-12-02,"Not an independently verified unique active drug; requires alias, arm and regimen review."
ABBV,AbbVie Inc.,levodopa-carbidopa intestinal gel (lcig) | optimized antiparkinsonian treatment,PROVISIONAL_SINGLE_INTERVENTION,1,Parkinson's Disease (PD),NCT02799381,https://clinicaltrials.gov/study/NCT02799381,2020-08-18,2020-08-18,"Not an independently verified unique active drug; requires alias, arm and regimen review."
ABBV,AbbVie Inc.,levodopa-carbidopa intestinal gel | optimized medical treatment,PROVISIONAL_SINGLE_INTERVENTION,1,Advanced Parkinson's Disease,NCT02549092,https://clinicaltrials.gov/study/NCT02549092,2021-06-03,2021-06-03,"Not an independently verified unique active drug; requires alias, arm and regimen review."
ABBV,AbbVie Inc.,linaclotide | placebo,PROVISIONAL_SINGLE_INTERVENTION,1,Functional Constipation | Irritable Bowel Syndrome With Constipation,NCT04026113,https://clinicaltrials.gov/study/NCT04026113,2024-11-26,2024-11-26,"Not an independently verified unique active drug; requires alias, arm and regimen review."
ABBV,AbbVie Inc.,linaclotide | placebo for linaclotide,PROVISIONAL_SINGLE_INTERVENTION,1,Chronic Idiopathic Constipation (CIC) | Functional Constipation (FC),NCT05652205,https://clinicaltrials.gov/study/NCT05652205,2026-05-14,2026-05-14,"Not an independently verified unique active drug; requires alias, arm and regimen review."
ABBV,AbbVie Inc.,matching placebo for upadacitinib | upadacitinib,PROVISIONAL_SINGLE_INTERVENTION,1,Crohn's Disease,NCT03345836,https://clinicaltrials.gov/study/NCT03345836,2022-08-15,2022-08-15,"Not an independently verified unique active drug; requires alias, arm and regimen review."
ABBV,AbbVie Inc.,methotrexate | placebo methotrexate | placebo upadacitinib | upadacitinib,PROVISIONAL_SINGLE_INTERVENTION,1,Rheumatoid Arthritis,NCT02706951,https://clinicaltrials.gov/study/NCT02706951,2019-10-07,2019-10-07,"Not an independently verified unique active drug; requires alias, arm and regimen review."
ABBV,AbbVie Inc.,methotrexate | placebo to methotrexate | placebo to upadacitinib | upadacitinib,PROVISIONAL_SINGLE_INTERVENTION,1,Rheumatoid Arthritis,NCT02706873,https://clinicaltrials.gov/study/NCT02706873,2019-10-04,2019-10-04,"Not an independently verified unique active drug; requires alias, arm and regimen review."
ABBV,AbbVie Inc.,mirvetuximab soravtansine | paclitaxel | pegylated liposomal doxorubicin | topotecan,PROVISIONAL_SINGLE_INTERVENTION,1,Epithelial Ovarian Cancer | Fallopian Tube Cancer | Peritoneal Cancer,NCT04209855,https://clinicaltrials.gov/study/NCT04209855,2024-08-01,2024-08-01,"Not an independently verified unique active drug; requires alias, arm and regimen review."
ABBV,AbbVie Inc.,navitoclax | placebo for navitoclax | ruxolitinib,PROVISIONAL_SINGLE_INTERVENTION,1,Myelofibrosis (MF),NCT04472598,https://clinicaltrials.gov/study/NCT04472598,2026-03-23,2026-03-23,"Not an independently verified unique active drug; requires alias, arm and regimen review."
ABBV,AbbVie Inc.,ombitasvir/paritaprevir/ritonavir and dasabuvir | ribavirin,PROVISIONAL_SINGLE_INTERVENTION,2,Chronic Hepatitis C Infection | Hepatitis C Virus (HCV),NCT02442271 | NCT02609659,https://clinicaltrials.gov/study/NCT02442271 | https://clinicaltrials.gov/study/NCT02609659,2017-08-01,2017-10-18,"Not an independently verified unique active drug; requires alias, arm and regimen review."
ABBV,AbbVie Inc.,ombitasvir/paritaprevir/ritonavir | ombitasvir/paritaprevir/ritonavir and dasabuvir,PROVISIONAL_SINGLE_INTERVENTION,1,Hepatitis C Virus (HCV),NCT02487199,https://clinicaltrials.gov/study/NCT02487199,2017-12-04,2017-12-04,"Not an independently verified unique active drug; requires alias, arm and regimen review."
ABBV,AbbVie Inc.,ombitasvir/paritaprevir/ritonavir | ombitasvir/paritaprevir/ritonavir and dasabuvir | ribavirin,PROVISIONAL_SINGLE_INTERVENTION,1,Chronic Hepatitis C Infection,NCT02504099,https://clinicaltrials.gov/study/NCT02504099,2017-12-12,2017-12-12,"Not an independently verified unique active drug; requires alias, arm and regimen review."
ABBV,AbbVie Inc.,ombitasvir/paritaprevir/ritonavir | ribavirin,PROVISIONAL_SINGLE_INTERVENTION,1,Hepatitis C Virus,NCT02265237,https://clinicaltrials.gov/study/NCT02265237,2017-08-31,2017-08-31,"Not an independently verified unique active drug; requires alias, arm and regimen review."
ABBV,AbbVie Inc.,"ombitasvir/paritaprevir/ritonavir, dasabuvir | ribavirin (rbv) | sofosbuvir (sof)",PROVISIONAL_SINGLE_INTERVENTION,1,Chronic Hepatitis C Virus (HCV Infection Genotype 1),NCT02399345,https://clinicaltrials.gov/study/NCT02399345,2016-12-12,2016-12-12,"Not an independently verified unique active drug; requires alias, arm and regimen review."
ABBV,AbbVie Inc.,onabotulinumtoxina,PROVISIONAL_SINGLE_INTERVENTION,1,Platysma Prominence,NCT05134649,https://clinicaltrials.gov/study/NCT05134649,2024-12-05,2024-12-05,"Not an independently verified unique active drug; requires alias, arm and regimen review."
ABBV,AbbVie Inc.,onabotulinumtoxina | placebo,PROVISIONAL_SINGLE_INTERVENTION,2,Platysma Prominence,NCT04949399 | NCT04994535,https://clinicaltrials.gov/study/NCT04949399 | https://clinicaltrials.gov/study/NCT04994535,2024-08-20,2024-11-20,"Not an independently verified unique active drug; requires alias, arm and regimen review."
ABBV,AbbVie Inc.,palivizumab,PROVISIONAL_SINGLE_INTERVENTION,1,Respiratory Syncytial Virus (RSV),NCT02968173,https://clinicaltrials.gov/study/NCT02968173,2018-03-13,2018-03-13,"Not an independently verified unique active drug; requires alias, arm and regimen review."
ABBV,AbbVie Inc.,paricalcitol,PROVISIONAL_SINGLE_INTERVENTION,1,Chronic Kidney Disease (CKD) | Secondary Hyperparathyroidism (SHPT),NCT04064827,https://clinicaltrials.gov/study/NCT04064827,2026-06-15,2026-06-15,"Not an independently verified unique active drug; requires alias, arm and regimen review."
ABBV,AbbVie Inc.,placebo for ombitasvir/paritaprevir/ritonavir and dasabuvir | ombitasvir/paritaprevir/ritonavir and dasabuvir,PROVISIONAL_SINGLE_INTERVENTION,1,Hepatitis C Virus (HCV),NCT02517515,https://clinicaltrials.gov/study/NCT02517515,2017-10-27,2017-10-27,"Not an independently verified unique active drug; requires alias, arm and regimen review."
ABBV,AbbVie Inc.,placebo for risankizumab iv | risankizumab iv | risankizumab sc,PROVISIONAL_SINGLE_INTERVENTION,1,Crohn's Disease,NCT03104413,https://clinicaltrials.gov/study/NCT03104413,2022-06-14,2022-06-14,"Not an independently verified unique active drug; requires alias, arm and regimen review."
ABBV,AbbVie Inc.,placebo for risankizumab | placebo for ustekinumab | risankizumab | ustekinumab,PROVISIONAL_SINGLE_INTERVENTION,2,Psoriasis,NCT02684357 | NCT02684370,https://clinicaltrials.gov/study/NCT02684357 | https://clinicaltrials.gov/study/NCT02684370,2019-06-18,2019-07-15,"Not an independently verified unique active drug; requires alias, arm and regimen review."
ABBV,AbbVie Inc.,placebo for risankizumab | risankizumab,PROVISIONAL_SINGLE_INTERVENTION,1,Psoriasis,NCT04713592,https://clinicaltrials.gov/study/NCT04713592,2024-06-14,2024-06-14,"Not an independently verified unique active drug; requires alias, arm and regimen review."
ABBV,AbbVie Inc.,placebo for risankizumab | risankizumab iv | risankizumab sc,PROVISIONAL_SINGLE_INTERVENTION,2,Crohn's Disease | Ulcerative Colitis (UC),NCT03105128 | NCT03398148,https://clinicaltrials.gov/study/NCT03105128 | https://clinicaltrials.gov/study/NCT03398148,2022-07-06,2025-01-16,"Not an independently verified unique active drug; requires alias, arm and regimen review."
ABBV,AbbVie Inc.,placebo for upadacitinib | upadacitinib,PROVISIONAL_SINGLE_INTERVENTION,3,Atopic Dermatitis | Crohn's Disease,NCT03345849 | NCT03569293 | NCT03607422,https://clinicaltrials.gov/study/NCT03345849 | https://clinicaltrials.gov/study/NCT03569293 | https://clinicaltrials.gov/study/NCT03607422,2022-02-03,2022-11-23,"Not an independently verified unique active drug; requires alias, arm and regimen review."
ABBV,AbbVie Inc.,placebo solution for risankizumab | risankizumab,PROVISIONAL_SINGLE_INTERVENTION,1,Psoriasis,NCT03875482,https://clinicaltrials.gov/study/NCT03875482,2021-03-16,2021-03-16,"Not an independently verified unique active drug; requires alias, arm and regimen review."
ABBV,AbbVie Inc.,placebo | adalimumab,PROVISIONAL_SINGLE_INTERVENTION,1,Axial Spondyloarthritis,NCT01808118,https://clinicaltrials.gov/study/NCT01808118,2018-04-30,2018-04-30,"Not an independently verified unique active drug; requires alias, arm and regimen review."
ABBV,AbbVie Inc.,placebo | risankizumab,PROVISIONAL_SINGLE_INTERVENTION,3,Psoriasis | Psoriatic Arthritis | Psoriatic Arthritis (PsA),NCT02672852 | NCT03671148 | NCT03675308,https://clinicaltrials.gov/study/NCT02672852 | https://clinicaltrials.gov/study/NCT03671148 | https://clinicaltrials.gov/study/NCT03675308,2019-05-28,2022-03-02,"Not an independently verified unique active drug; requires alias, arm and regimen review."
ABBV,AbbVie Inc.,placebo | tavapadon,PROVISIONAL_SINGLE_INTERVENTION,3,Parkinson Disease,NCT04201093 | NCT04223193 | NCT04542499,https://clinicaltrials.gov/study/NCT04201093 | https://clinicaltrials.gov/study/NCT04223193 | https://clinicaltrials.gov/study/NCT04542499,2025-03-25,2025-11-21,"Not an independently verified unique active drug; requires alias, arm and regimen review."
ABBV,AbbVie Inc.,placebo | topical corticosteroids (tcs) | upadacitinib,PROVISIONAL_SINGLE_INTERVENTION,1,Atopic Dermatitis,NCT03568318,https://clinicaltrials.gov/study/NCT03568318,2022-03-31,2022-03-31,"Not an independently verified unique active drug; requires alias, arm and regimen review."
ABBV,AbbVie Inc.,placebo | ubrogepant 100 mg,PROVISIONAL_SINGLE_INTERVENTION,1,Migraine,NCT04492020,https://clinicaltrials.gov/study/NCT04492020,2023-05-31,2023-05-31,"Not an independently verified unique active drug; requires alias, arm and regimen review."
ABBV,AbbVie Inc.,placebo | upadacitinib,PROVISIONAL_SINGLE_INTERVENTION,8,Psoriatic Arthritis | Rheumatoid Arthritis | Rheumatoid Arthritis (RA) | Spondyloarthritis | Ulcerative Colitis (UC),NCT02675426 | NCT02706847 | NCT02720523 | NCT02819635 | NCT02955212 | NCT03104374 | NCT03653026 | NCT04169373,https://clinicaltrials.gov/study/NCT02675426 | https://clinicaltrials.gov/study/NCT02706847 | https://clinicaltrials.gov/study/NCT02720523 | https://clinicaltrials.gov/study/NCT02819635 | https://clinicaltrials.gov/study/NCT02955212 | https://clinicaltrials.gov/study/NCT03104374 | https://clinicaltrials.gov/study/NCT03653026 | https://clinicaltrials.gov/study/NCT04169373,2019-10-07,2022-09-21,"Not an independently verified unique active drug; requires alias, arm and regimen review."
ABBV,AbbVie Inc.,ribavirin | dasabuvir | ombitasvir/paritaprevir/ritonavir,PROVISIONAL_SINGLE_INTERVENTION,1,Chronic Hepatitis C | Compensated Cirrhosis | End-stage Renal Disease | Hepatitis C Virus | Severe Renal Impairment,NCT02207088,https://clinicaltrials.gov/study/NCT02207088,2017-11-09,2017-11-09,"Not an independently verified unique active drug; requires alias, arm and regimen review."
ABBV,AbbVie Inc.,ribavirin | ombitasvir/paritaprevir/ritonavir and dasabuvir,PROVISIONAL_SINGLE_INTERVENTION,1,Chronic Hepatitis C | Cirrhosis | Hepatitis C Virus,NCT02442284,https://clinicaltrials.gov/study/NCT02442284,2017-08-30,2017-08-30,"Not an independently verified unique active drug; requires alias, arm and regimen review."
ABBV,AbbVie Inc.,risankizumab,PROVISIONAL_SINGLE_INTERVENTION,4,Plaque Psoriasis | Psoriasis,NCT03022045 | NCT03047395 | NCT03875508 | NCT04102007,https://clinicaltrials.gov/study/NCT03022045 | https://clinicaltrials.gov/study/NCT03047395 | https://clinicaltrials.gov/study/NCT03875508 | https://clinicaltrials.gov/study/NCT04102007,2019-02-06,2024-12-11,"Not an independently verified unique active drug; requires alias, arm and regimen review."
ABBV,AbbVie Inc.,risankizumab | secukinumab,PROVISIONAL_SINGLE_INTERVENTION,1,Psoriasis,NCT03478787,https://clinicaltrials.gov/study/NCT03478787,2021-07-13,2021-07-13,"Not an independently verified unique active drug; requires alias, arm and regimen review."
ABBV,AbbVie Inc.,risankizumab | ustekinumab,PROVISIONAL_SINGLE_INTERVENTION,1,Psoriasis,NCT04435600,https://clinicaltrials.gov/study/NCT04435600,2025-05-20,2025-05-20,"Not an independently verified unique active drug; requires alias, arm and regimen review."
ABBV,AbbVie Inc.,upadacitinib,PROVISIONAL_SINGLE_INTERVENTION,1,Atopic Dermatitis,NCT04195698,https://clinicaltrials.gov/study/NCT04195698,2025-01-09,2025-01-09,"Not an independently verified unique active drug; requires alias, arm and regimen review."
ABBV,AbbVie Inc.,venetoclax,PROVISIONAL_SINGLE_INTERVENTION,2,Chronic Lymphocytic Leukemia | Chronic Lymphocytic Leukemia (CLL),NCT02756611 | NCT02980731,https://clinicaltrials.gov/study/NCT02756611 | https://clinicaltrials.gov/study/NCT02980731,2020-05-04,2023-02-22,"Not an independently verified unique active drug; requires alias, arm and regimen review."
ABVX,Abivax S.A.,abx464 | placebo,PROVISIONAL_SINGLE_INTERVENTION,3,COVID-19 | Ulcerative Colitis,NCT04393038 | NCT05507203 | NCT05507216,https://clinicaltrials.gov/study/NCT04393038 | https://clinicaltrials.gov/study/NCT05507203 | https://clinicaltrials.gov/study/NCT05507216,2025-11-26,2026-09-10,"Not an independently verified unique active drug; requires alias, arm and regimen review."
ACAD,ACADIA PHARMACEUTICALS INC,pimavanserin,PROVISIONAL_SINGLE_INTERVENTION,4,Adjunctive Treatment of Major Depressive Disorder | Irritability Associated With Autism Spectrum Disorder | Neuropsychiatric Symptoms Related to Neurodegenerative Disease | Schizophrenia,NCT03121586 | NCT03623321 | NCT04000009 | NCT05555615,https://clinicaltrials.gov/study/NCT03121586 | https://clinicaltrials.gov/study/NCT03623321 | https://clinicaltrials.gov/study/NCT04000009 | https://clinicaltrials.gov/study/NCT05555615,2022-04-05,2025-12-03,"Not an independently verified unique active drug; requires alias, arm and regimen review."
ACAD,ACADIA PHARMACEUTICALS INC,pimavanserin 20 mg | pimavanserin 34 mg | placebo,PROVISIONAL_SINGLE_INTERVENTION,1,Dementia-related Psychosis,NCT03325556,https://clinicaltrials.gov/study/NCT03325556,2021-06-21,2021-06-21,"Not an independently verified unique active drug; requires alias, arm and regimen review."
ACAD,ACADIA PHARMACEUTICALS INC,pimavanserin tartrate (acp-103),PROVISIONAL_SINGLE_INTERVENTION,2,Parkinson's Disease Psychosis,NCT00550238 | NCT00658567,https://clinicaltrials.gov/study/NCT00550238 | https://clinicaltrials.gov/study/NCT00658567,2014-09-09,2019-06-24,"Not an independently verified unique active drug; requires alias, arm and regimen review."
ACAD,ACADIA PHARMACEUTICALS INC,pimavanserin tartrate (acp-103) | placebo,PROVISIONAL_SINGLE_INTERVENTION,1,Parkinson's Disease Psychosis,NCT00477672,https://clinicaltrials.gov/study/NCT00477672,2014-03-26,2014-03-26,"Not an independently verified unique active drug; requires alias, arm and regimen review."
ACAD,ACADIA PHARMACEUTICALS INC,pimavanserin tartrate | placebo,PROVISIONAL_SINGLE_INTERVENTION,1,Parkinson's Disease Psychosis,NCT01174004,https://clinicaltrials.gov/study/NCT01174004,2014-03-26,2014-03-26,"Not an independently verified unique active drug; requires alias, arm and regimen review."
ACAD,ACADIA PHARMACEUTICALS INC,pimavanserin | placebo,PROVISIONAL_SINGLE_INTERVENTION,5,Adjunctive Treatment of Major Depressive Disorder | Irritability Associated With Autism Spectrum Disorder | Neuropsychiatric Symptoms Related to Neurodegenerative Disease | Schizophrenia,NCT02970292 | NCT03575052 | NCT03968159 | NCT04531982 | NCT05523895,https://clinicaltrials.gov/study/NCT02970292 | https://clinicaltrials.gov/study/NCT03575052 | https://clinicaltrials.gov/study/NCT03968159 | https://clinicaltrials.gov/study/NCT04531982 | https://clinicaltrials.gov/study/NCT05523895,2020-06-17,2025-08-24,"Not an independently verified unique active drug; requires alias, arm and regimen review."
ACAD,ACADIA PHARMACEUTICALS INC,trofinetide,PROVISIONAL_SINGLE_INTERVENTION,4,Rett Syndrome,NCT04181723 | NCT04279314 | NCT04776746 | NCT04988867,https://clinicaltrials.gov/study/NCT04181723 | https://clinicaltrials.gov/study/NCT04279314 | https://clinicaltrials.gov/study/NCT04776746 | https://clinicaltrials.gov/study/NCT04988867,2024-04-08,2024-09-27,"Not an independently verified unique active drug; requires alias, arm and regimen review."
ACHV,"ACHIEVE LIFE SCIENCES, INC.",cytisinicline | placebo,PROVISIONAL_SINGLE_INTERVENTION,2,Smoking Cessation,NCT04576949 | NCT05206370,https://clinicaltrials.gov/study/NCT04576949 | https://clinicaltrials.gov/study/NCT05206370,2024-11-14,2026-01-14,"Not an independently verified unique active drug; requires alias, arm and regimen review."
ACRS,"Aclaris Therapeutics, Inc.",a-101,PROVISIONAL_SINGLE_INTERVENTION,2,Common Wart,NCT03687372 | NCT03812510,https://clinicaltrials.gov/study/NCT03687372 | https://clinicaltrials.gov/study/NCT03812510,2020-10-05,2020-11-23,"Not an independently verified unique active drug; requires alias, arm and regimen review."
ACRS,"Aclaris Therapeutics, Inc.",a-101 solution,PROVISIONAL_SINGLE_INTERVENTION,3,Seborrheic Keratosis,NCT02667236 | NCT02667275 | NCT02667288,https://clinicaltrials.gov/study/NCT02667236 | https://clinicaltrials.gov/study/NCT02667275 | https://clinicaltrials.gov/study/NCT02667288,2017-11-13,2017-11-17,"Not an independently verified unique active drug; requires alias, arm and regimen review."
ACRS,"Aclaris Therapeutics, Inc.",active,PROVISIONAL_SINGLE_INTERVENTION,1,Common Wart,NCT03691831,https://clinicaltrials.gov/study/NCT03691831,2020-10-05,2020-10-05,"Not an independently verified unique active drug; requires alias, arm and regimen review."
ADMA,"ADMA BIOLOGICS, INC.",nabi-igiv 10% [immune globulin intravenous (human). 10%],PROVISIONAL_SINGLE_INTERVENTION,1,Primary Immune Deficiency Disorders (PIDD),NCT00538915,https://clinicaltrials.gov/study/NCT00538915,2012-03-26,2012-03-26,"Not an independently verified unique active drug; requires alias, arm and regimen review."
ADMA,"ADMA BIOLOGICS, INC.",ri-002,PROVISIONAL_SINGLE_INTERVENTION,1,Primary Immune Deficiency Disorder,NCT01814800,https://clinicaltrials.gov/study/NCT01814800,2016-10-05,2016-10-05,"Not an independently verified unique active drug; requires alias, arm and regimen review."
AGIO,"AGIOS PHARMACEUTICALS, INC.",ag-348,PROVISIONAL_SINGLE_INTERVENTION,1,"Anemia, Hemolytic | Pyruvate Kinase Deficiency",NCT03559699,https://clinicaltrials.gov/study/NCT03559699,2021-12-10,2021-12-10,"Not an independently verified unique active drug; requires alias, arm and regimen review."
AGIO,"AGIOS PHARMACEUTICALS, INC.",ag-348 | placebo,PROVISIONAL_SINGLE_INTERVENTION,1,"Anemia, Hemolytic | Pyruvate Kinase Deficiency",NCT03548220,https://clinicaltrials.gov/study/NCT03548220,2022-05-24,2022-05-24,"Not an independently verified unique active drug; requires alias, arm and regimen review."
AGIO,"AGIOS PHARMACEUTICALS, INC.",mitapivat,PROVISIONAL_SINGLE_INTERVENTION,1,Pyruvate Kinase Deficiency,NCT03853798,https://clinicaltrials.gov/study/NCT03853798,2025-11-18,2025-11-18,"Not an independently verified unique active drug; requires alias, arm and regimen review."
AGIO,"AGIOS PHARMACEUTICALS, INC.",mitapivat | placebo matching mitapivat,PROVISIONAL_SINGLE_INTERVENTION,2,Non-Transfusion-dependent Alpha-Thalassemia | Non-Transfusion-dependent Beta-Thalassemia | Transfusion-dependent Alpha-Thalassemia | Transfusion-dependent Beta-Thalassemia,NCT04770753 | NCT04770779,https://clinicaltrials.gov/study/NCT04770753 | https://clinicaltrials.gov/study/NCT04770779,2025-01-24,2025-05-25,"Not an independently verified unique active drug; requires alias, arm and regimen review."
AKBA,"Akebia Therapeutics, Inc.",darbepoetin alfa | vadadustat,PROVISIONAL_SINGLE_INTERVENTION,5,Anemia | Anemia | Dialysis-Dependent Chronic Kidney Disease | Anemia | Non-Dialysis-Dependent Chronic Kidney Disease,NCT02648347 | NCT02680574 | NCT02865850 | NCT02892149 | NCT04313153,https://clinicaltrials.gov/study/NCT02648347 | https://clinicaltrials.gov/study/NCT02680574 | https://clinicaltrials.gov/study/NCT02865850 | https://clinicaltrials.gov/study/NCT02892149 | https://clinicaltrials.gov/study/NCT04313153,2022-06-27,2025-05-22,"Not an independently verified unique active drug; requires alias, arm and regimen review."
AKBA,"Akebia Therapeutics, Inc.",mircera® | vadadustat,PROVISIONAL_SINGLE_INTERVENTION,1,Anemia Associated With Chronic Kidney Disease (CKD),NCT04707768,https://clinicaltrials.gov/study/NCT04707768,2025-01-15,2025-01-15,"Not an independently verified unique active drug; requires alias, arm and regimen review."
AKTX,Akari Therapeutics Plc,nomacopan (rva576),PROVISIONAL_SINGLE_INTERVENTION,1,Thrombotic Microangiopathies,NCT04784455,https://clinicaltrials.gov/study/NCT04784455,2025-05-15,2025-05-15,"Not an independently verified unique active drug; requires alias, arm and regimen review."
AKTX,Akari Therapeutics Plc,rva576,PROVISIONAL_SINGLE_INTERVENTION,1,Paroxysmal Nocturnal Hemoglobinuria,NCT03829449,https://clinicaltrials.gov/study/NCT03829449,2025-03-12,2025-03-12,"Not an independently verified unique active drug; requires alias, arm and regimen review."
ALDX,"Aldeyra Therapeutics, Inc.",adx-102 1% topical dermal cream (reproxalap) | vehicle of adx-102 topical dermal cream,PROVISIONAL_SINGLE_INTERVENTION,1,Sjogren-Larsson Syndrome,NCT03445650,https://clinicaltrials.gov/study/NCT03445650,2023-02-09,2023-02-09,"Not an independently verified unique active drug; requires alias, arm and regimen review."
ALDX,"Aldeyra Therapeutics, Inc.",adx-102 ophthalmic solution (0.5%) | vehicle of adx-102 ophthalmic solution,PROVISIONAL_SINGLE_INTERVENTION,1,Non-infectious Anterior Uveitis,NCT03131154,https://clinicaltrials.gov/study/NCT03131154,2025-02-10,2025-02-10,"Not an independently verified unique active drug; requires alias, arm and regimen review."
ALDX,"Aldeyra Therapeutics, Inc.",adx-2191 (intravitreal methotrexate 0.8%),PROVISIONAL_SINGLE_INTERVENTION,1,Proliferative Vitreoretinopathy,NCT04136366,https://clinicaltrials.gov/study/NCT04136366,2025-07-09,2025-07-09,"Not an independently verified unique active drug; requires alias, arm and regimen review."
ALDX,"Aldeyra Therapeutics, Inc.",placebo comparator | reproxalap ophthalmic solution (0.25%),PROVISIONAL_SINGLE_INTERVENTION,1,Dry Eye Disease,NCT04735393,https://clinicaltrials.gov/study/NCT04735393,2025-11-26,2025-11-26,"Not an independently verified unique active drug; requires alias, arm and regimen review."
ALDX,"Aldeyra Therapeutics, Inc.",reproxalap ophthalmic solution (0.25%) qid | reproxalap ophthalmic solution (0.25%) qid to bid | vehicle ophthalmic solution qid | vehicle ophthalmic solution qid to bid,PROVISIONAL_SINGLE_INTERVENTION,1,Dry Eye,NCT03879863,https://clinicaltrials.gov/study/NCT03879863,2025-01-23,2025-01-23,"Not an independently verified unique active drug; requires alias, arm and regimen review."
ALDX,"Aldeyra Therapeutics, Inc.",reproxalap ophthalmic solution (0.25%) | reproxalap ophthalmic solution (0.5%) | vehicle ophthalmic solution,PROVISIONAL_SINGLE_INTERVENTION,1,Allergic Conjunctivitis,NCT03494504,https://clinicaltrials.gov/study/NCT03494504,2025-02-11,2025-02-11,"Not an independently verified unique active drug; requires alias, arm and regimen review."
ALDX,"Aldeyra Therapeutics, Inc.",reproxalap ophthalmic solution (0.25%) | vehicle ophthalmic solution,PROVISIONAL_SINGLE_INTERVENTION,3,Allergic Conjunctivitis | Dry Eye,NCT04207736 | NCT05062330 | NCT05234554,https://clinicaltrials.gov/study/NCT04207736 | https://clinicaltrials.gov/study/NCT05062330 | https://clinicaltrials.gov/study/NCT05234554,2024-11-20,2026-05-14,"Not an independently verified unique active drug; requires alias, arm and regimen review."
ALDX,"Aldeyra Therapeutics, Inc.",reproxalap ophthalmic solution (0.25%) | vehicle opthalmic solution,PROVISIONAL_SINGLE_INTERVENTION,1,Dry Eye | Dry Eye Syndromes,NCT04674358,https://clinicaltrials.gov/study/NCT04674358,2025-03-19,2025-03-19,"Not an independently verified unique active drug; requires alias, arm and regimen review."
ALEC,"Alector, Inc.",part 1 blinded - al001 | part 1 blinded - placebo | part 2 (ole treatment) - al001 | part 2 (ole treatment) - placebo switched to al001,PROVISIONAL_SINGLE_INTERVENTION,1,Frontotemporal Dementia,NCT04374136,https://clinicaltrials.gov/study/NCT04374136,2026-09-21,2026-09-21,"Not an independently verified unique active drug; requires alias, arm and regimen review."
ALKS,Alkermes plc.,alk3831 | olanzapine | placebo,PROVISIONAL_SINGLE_INTERVENTION,1,Schizophrenia,NCT02634346,https://clinicaltrials.gov/study/NCT02634346,2018-06-27,2018-06-27,"Not an independently verified unique active drug; requires alias, arm and regimen review."
ALKS,Alkermes plc.,alks 3831,PROVISIONAL_SINGLE_INTERVENTION,3,Bipolar I Disorder | Schizophrenia | Schizophreniform Disorder | Schizophrenia,NCT02669758 | NCT02873208 | NCT03201757,https://clinicaltrials.gov/study/NCT02669758 | https://clinicaltrials.gov/study/NCT02873208 | https://clinicaltrials.gov/study/NCT03201757,2019-07-09,2024-09-26,"Not an independently verified unique active drug; requires alias, arm and regimen review."
ALKS,Alkermes plc.,alks 3831 | olanzapine,PROVISIONAL_SINGLE_INTERVENTION,2,Bipolar I Disorder | Schizophrenia | Schizophreniform Disorders | Schizophrenia,NCT02694328 | NCT03187769,https://clinicaltrials.gov/study/NCT02694328 | https://clinicaltrials.gov/study/NCT03187769,2020-02-10,2023-01-19,"Not an independently verified unique active drug; requires alias, arm and regimen review."
ALKS,Alkermes plc.,alks 5461,PROVISIONAL_SINGLE_INTERVENTION,3,Major Depressive Disorder | Refractory Major Depressive Disorder,NCT02085135 | NCT02141399 | NCT03610048,https://clinicaltrials.gov/study/NCT02085135 | https://clinicaltrials.gov/study/NCT02141399 | https://clinicaltrials.gov/study/NCT03610048,2018-12-14,2021-07-16,"Not an independently verified unique active drug; requires alias, arm and regimen review."
ALKS,Alkermes plc.,alks 5461 | alks 5461 placebo,PROVISIONAL_SINGLE_INTERVENTION,1,Major Depressive Disorder,NCT03188185,https://clinicaltrials.gov/study/NCT03188185,2021-03-15,2021-03-15,"Not an independently verified unique active drug; requires alias, arm and regimen review."
ALKS,Alkermes plc.,alks 5461 | placebo,PROVISIONAL_SINGLE_INTERVENTION,2,Major Depressive Disorder,NCT02158546 | NCT02218008,https://clinicaltrials.gov/study/NCT02158546 | https://clinicaltrials.gov/study/NCT02218008,2019-03-27,2019-06-25,"Not an independently verified unique active drug; requires alias, arm and regimen review."
ALKS,Alkermes plc.,alks 9072 | placebo,PROVISIONAL_SINGLE_INTERVENTION,1,Schizophrenia,NCT01469039,https://clinicaltrials.gov/study/NCT01469039,2016-01-22,2016-01-22,"Not an independently verified unique active drug; requires alias, arm and regimen review."
ALKS,Alkermes plc.,"alks 9072, high dose | alks 9072, low dose",PROVISIONAL_SINGLE_INTERVENTION,1,Schizophrenia,NCT01895452,https://clinicaltrials.gov/study/NCT01895452,2017-08-25,2017-08-25,"Not an independently verified unique active drug; requires alias, arm and regimen review."
ALKS,Alkermes plc.,"alks 9072, high | alks 9072, low",PROVISIONAL_SINGLE_INTERVENTION,1,Schizophrenia,NCT01626456,https://clinicaltrials.gov/study/NCT01626456,2016-10-27,2016-10-27,"Not an independently verified unique active drug; requires alias, arm and regimen review."
ALKS,Alkermes plc.,buprenorphine | naltrexone | placebo,PROVISIONAL_SINGLE_INTERVENTION,1,Opioid Use Disorder,NCT02696434,https://clinicaltrials.gov/study/NCT02696434,2019-02-12,2019-02-12,"Not an independently verified unique active drug; requires alias, arm and regimen review."
ALKS,Alkermes plc.,high dose alks 5461 | low dose alks 5461 | placebo,PROVISIONAL_SINGLE_INTERVENTION,1,Major Depressive Disorder,NCT02158533,https://clinicaltrials.gov/study/NCT02158533,2019-03-27,2019-03-27,"Not an independently verified unique active drug; requires alias, arm and regimen review."
ALKS,Alkermes plc.,medisorb naltrexone 190 mg | medisorb naltrexone 380 mg,PROVISIONAL_SINGLE_INTERVENTION,2,Alcohol Dependence | Alcoholism,NCT00156923 | NCT01218971,https://clinicaltrials.gov/study/NCT00156923 | https://clinicaltrials.gov/study/NCT01218971,2010-12-03,2010-12-08,"Not an independently verified unique active drug; requires alias, arm and regimen review."
ALKS,Alkermes plc.,medisorb naltrexone 190 mg | medisorb naltrexone 380 mg | placebo matching medisorb naltrexone 190 mg | placebo matching medisorb naltrexone 380 mg,PROVISIONAL_SINGLE_INTERVENTION,1,Alcoholism,NCT01218958,https://clinicaltrials.gov/study/NCT01218958,2010-12-07,2010-12-07,"Not an independently verified unique active drug; requires alias, arm and regimen review."
ALKS,Alkermes plc.,medisorb naltrexone 380 mg,PROVISIONAL_SINGLE_INTERVENTION,1,Opiate Dependence,NCT00834080,https://clinicaltrials.gov/study/NCT00834080,2013-07-29,2013-07-29,"Not an independently verified unique active drug; requires alias, arm and regimen review."
ALKS,Alkermes plc.,medisorb naltrexone 380 mg | oral naltrexone 50 mg,PROVISIONAL_SINGLE_INTERVENTION,1,Alcoholism,NCT01218997,https://clinicaltrials.gov/study/NCT01218997,2010-12-13,2010-12-13,"Not an independently verified unique active drug; requires alias, arm and regimen review."
ALKS,Alkermes plc.,medisorb naltrexone 380 mg | oral naltrexone to medisorb naltrexone 380 mg,PROVISIONAL_SINGLE_INTERVENTION,1,Alcoholism | Opiate Dependence,NCT00156936,https://clinicaltrials.gov/study/NCT00156936,2010-11-03,2010-11-03,"Not an independently verified unique active drug; requires alias, arm and regimen review."
ALKS,Alkermes plc.,ntx/bup | ntx/pbo-b | pbo-n/pbo-b,PROVISIONAL_SINGLE_INTERVENTION,1,Opioid Use Disorder,NCT02537574,https://clinicaltrials.gov/study/NCT02537574,2019-01-09,2019-01-09,"Not an independently verified unique active drug; requires alias, arm and regimen review."
ALKS,Alkermes plc.,paliperidone palmitate,PROVISIONAL_SINGLE_INTERVENTION,1,Schizophrenia,NCT03345979,https://clinicaltrials.gov/study/NCT03345979,2020-08-11,2020-08-11,"Not an independently verified unique active drug; requires alias, arm and regimen review."
ALKS,Alkermes plc.,placebo for vivitrol 380 mg | vivitrol 380 mg,PROVISIONAL_SINGLE_INTERVENTION,1,Alcohol Dependence,NCT00501631,https://clinicaltrials.gov/study/NCT00501631,2011-04-13,2011-04-13,"Not an independently verified unique active drug; requires alias, arm and regimen review."
ALKS,Alkermes plc.,placebo | vivitrol® 380 mg,PROVISIONAL_SINGLE_INTERVENTION,1,Opiate Dependence,NCT00678418,https://clinicaltrials.gov/study/NCT00678418,2011-01-21,2011-01-21,"Not an independently verified unique active drug; requires alias, arm and regimen review."
ALNY,"ALNYLAM PHARMACEUTICALS, INC.",givosiran | placebo,PROVISIONAL_SINGLE_INTERVENTION,1,"ALA Dehydratase Deficient Porphyria (ADP) | Acute Hepatic Porphyria | Acute Intermittent Porphyria | Acute Porphyria | Hereditary Coproporphyria (HCP) | Porphyria, Acute Intermittent | Variegate Porphyria (VP)",NCT03338816,https://clinicaltrials.gov/study/NCT03338816,2020-02-11,2020-02-11,"Not an independently verified unique active drug; requires alias, arm and regimen review."
ALNY,"ALNYLAM PHARMACEUTICALS, INC.",lumasiran,PROVISIONAL_SINGLE_INTERVENTION,2,Primary Hyperoxaluria | Primary Hyperoxaluria Type 1 | Primary Hyperoxaluria | Primary Hyperoxaluria Type 1 (PH1),NCT03905694 | NCT04152200,https://clinicaltrials.gov/study/NCT03905694 | https://clinicaltrials.gov/study/NCT04152200,2021-07-19,2022-07-12,"Not an independently verified unique active drug; requires alias, arm and regimen review."
ALNY,"ALNYLAM PHARMACEUTICALS, INC.",lumasiran | placebo,PROVISIONAL_SINGLE_INTERVENTION,1,Primary Hyperoxaluria Type 1 (PH1),NCT03681184,https://clinicaltrials.gov/study/NCT03681184,2021-01-19,2021-01-19,"Not an independently verified unique active drug; requires alias, arm and regimen review."
ALNY,"ALNYLAM PHARMACEUTICALS, INC.",patisiran,PROVISIONAL_SINGLE_INTERVENTION,2,"Amyloidosis | Amyloidosis, Familial | Transthyretin Amyloidosis",NCT02510261 | NCT03862807,https://clinicaltrials.gov/study/NCT02510261 | https://clinicaltrials.gov/study/NCT03862807,2021-12-21,2023-12-06,"Not an independently verified unique active drug; requires alias, arm and regimen review."
ALNY,"ALNYLAM PHARMACEUTICALS, INC.",patisiran | placebo,PROVISIONAL_SINGLE_INTERVENTION,1,Transthyretin Amyloidosis (ATTR) With Cardiomyopathy,NCT03997383,https://clinicaltrials.gov/study/NCT03997383,2023-10-18,2023-10-18,"Not an independently verified unique active drug; requires alias, arm and regimen review."
ALNY,"ALNYLAM PHARMACEUTICALS, INC.",patisiran | vutrisiran,PROVISIONAL_SINGLE_INTERVENTION,1,"Amyloidosis, Hereditary | Transthyretin Amyloidosis",NCT03759379,https://clinicaltrials.gov/study/NCT03759379,2022-08-11,2022-08-11,"Not an independently verified unique active drug; requires alias, arm and regimen review."
ALNY,"ALNYLAM PHARMACEUTICALS, INC.",revusiran (aln-ttrsc) | sterile normal saline (0.9% nacl),PROVISIONAL_SINGLE_INTERVENTION,1,"Amyloid Neuropathies | Amyloid Neuropathies, Familial | Amyloidosis, Hereditary | Amyloidosis, Hereditary, Transthyretin-Related | Familial Transthyretin Cardiac Amyloidosis | Transthyretin (TTR) Mediated Familial Amyloidotic Cardiomyopathy (FAC)",NCT02319005,https://clinicaltrials.gov/study/NCT02319005,2018-07-18,2018-07-18,"Not an independently verified unique active drug; requires alias, arm and regimen review."
ALNY,"ALNYLAM PHARMACEUTICALS, INC.",sterile normal saline (0.9% nacl) | patisiran (aln-ttr02),PROVISIONAL_SINGLE_INTERVENTION,1,"Amyloid Neuropathies | Amyloid Neuropathies, Familial | Amyloidosis, Hereditary | Amyloidosis, Hereditary, Transthyretin-Related | Familial Amyloid Polyneuropathies | TTR-mediated Amyloidosis",NCT01960348,https://clinicaltrials.gov/study/NCT01960348,2018-09-06,2018-09-06,"Not an independently verified unique active drug; requires alias, arm and regimen review."
ALNY,"ALNYLAM PHARMACEUTICALS, INC.",sterile normal saline (0.9% nacl) | vutrisiran,PROVISIONAL_SINGLE_INTERVENTION,1,Transthyretin Amyloidosis (ATTR) With Cardiomyopathy,NCT04153149,https://clinicaltrials.gov/study/NCT04153149,2025-10-21,2025-10-21,"Not an independently verified unique active drug; requires alias, arm and regimen review."
AMGN,AMGEN INC,1=etanercept | 2=clobetasol propionate foam,PROVISIONAL_SINGLE_INTERVENTION,1,Psoriasis,NCT01235442,https://clinicaltrials.gov/study/NCT01235442,2013-10-31,2013-10-31,"Not an independently verified unique active drug; requires alias, arm and regimen review."
AMGN,AMGEN INC,60 mg denosumab,PROVISIONAL_SINGLE_INTERVENTION,1,Low Bone Mass | Low Bone Mineral Density | Males With Osteoporosis | Osteopenia | Osteoporosis,NCT00980174,https://clinicaltrials.gov/study/NCT00980174,2012-11-29,2012-11-29,"Not an independently verified unique active drug; requires alias, arm and regimen review."
AMGN,AMGEN INC,abp 215 | bevacizumab | carboplatin | paclitaxel,PROVISIONAL_SINGLE_INTERVENTION,1,Non-small Cell Lung Cancer Metastatic,NCT01966003,https://clinicaltrials.gov/study/NCT01966003,2017-10-19,2017-10-19,"Not an independently verified unique active drug; requires alias, arm and regimen review."
AMGN,AMGEN INC,abp 501,PROVISIONAL_SINGLE_INTERVENTION,1,"Arthritis, Rheumatoid",NCT02114931,https://clinicaltrials.gov/study/NCT02114931,2017-04-24,2017-04-24,"Not an independently verified unique active drug; requires alias, arm and regimen review."
AMGN,AMGEN INC,abp 501 | adalimumab,PROVISIONAL_SINGLE_INTERVENTION,3,"Arthritis, Rheumatoid | Plaque Psoriasis | Psoriasis",NCT01970475 | NCT01970488 | NCT05073315,https://clinicaltrials.gov/study/NCT01970475 | https://clinicaltrials.gov/study/NCT01970488 | https://clinicaltrials.gov/study/NCT05073315,2016-12-13,2024-02-09,"Not an independently verified unique active drug; requires alias, arm and regimen review."
AMGN,AMGEN INC,abp 654 | ustekinumab,PROVISIONAL_SINGLE_INTERVENTION,2,Plaque Psoriasis | Psoriasis,NCT04607980 | NCT04761627,https://clinicaltrials.gov/study/NCT04607980 | https://clinicaltrials.gov/study/NCT04761627,2023-12-15,2024-01-11,"Not an independently verified unique active drug; requires alias, arm and regimen review."
AMGN,AMGEN INC,abp 710 | infliximab,PROVISIONAL_SINGLE_INTERVENTION,1,"Arthritis, Rheumatoid",NCT02937701,https://clinicaltrials.gov/study/NCT02937701,2019-08-28,2019-08-28,"Not an independently verified unique active drug; requires alias, arm and regimen review."
AMGN,AMGEN INC,abp 798 | rituximab,PROVISIONAL_SINGLE_INTERVENTION,1,"Lymphoma, Non-Hodgkin",NCT02747043,https://clinicaltrials.gov/study/NCT02747043,2020-08-18,2020-08-18,"Not an independently verified unique active drug; requires alias, arm and regimen review."
AMGN,AMGEN INC,abp 798 | rituximab (eu) | rituximab (us),PROVISIONAL_SINGLE_INTERVENTION,1,"Arthritis, Rheumatoid",NCT02792699,https://clinicaltrials.gov/study/NCT02792699,2019-10-23,2019-10-23,"Not an independently verified unique active drug; requires alias, arm and regimen review."
AMGN,AMGEN INC,abp 938 | aflibercept,PROVISIONAL_SINGLE_INTERVENTION,2,Chorioretinal Vascular Disease | Neovascular (Wet) Age-related Macular Degeneration (AMD),NCT04270747 | NCT05704725,https://clinicaltrials.gov/study/NCT04270747 | https://clinicaltrials.gov/study/NCT05704725,2024-01-05,2025-02-14,"Not an independently verified unique active drug; requires alias, arm and regimen review."
AMGN,AMGEN INC,abp 959 | eculizumab,PROVISIONAL_SINGLE_INTERVENTION,1,Paroxysmal Nocturnal Hemoglobinuria,NCT03818607,https://clinicaltrials.gov/study/NCT03818607,2023-05-23,2023-05-23,"Not an independently verified unique active drug; requires alias, arm and regimen review."
AMGN,AMGEN INC,abp 980 | paclitaxel | trastuzumab,PROVISIONAL_SINGLE_INTERVENTION,1,Breast Cancer,NCT01901146,https://clinicaltrials.gov/study/NCT01901146,2019-08-07,2019-08-07,"Not an independently verified unique active drug; requires alias, arm and regimen review."
AMGN,AMGEN INC,actonel® | denosumab,PROVISIONAL_SINGLE_INTERVENTION,1,Osteoporosis,NCT00919711,https://clinicaltrials.gov/study/NCT00919711,2012-12-12,2012-12-12,"Not an independently verified unique active drug; requires alias, arm and regimen review."
AMGN,AMGEN INC,aeroquin | placebo,PROVISIONAL_SINGLE_INTERVENTION,1,Cystic Fibrosis,NCT01180634,https://clinicaltrials.gov/study/NCT01180634,2024-04-30,2024-04-30,"Not an independently verified unique active drug; requires alias, arm and regimen review."
AMGN,AMGEN INC,alendronate | denosumab,PROVISIONAL_SINGLE_INTERVENTION,2,Osteopenia | Osteoporosis | Osteoporosis,NCT00330460 | NCT00518531,https://clinicaltrials.gov/study/NCT00330460 | https://clinicaltrials.gov/study/NCT00518531,2010-07-19,2014-01-07,"Not an independently verified unique active drug; requires alias, arm and regimen review."
AMGN,AMGEN INC,alendronate | placebo to alendronate | placebo to romosozumab | romosozumab,PROVISIONAL_SINGLE_INTERVENTION,1,Postmenopausal Women With Osteoporosis,NCT01631214,https://clinicaltrials.gov/study/NCT01631214,2018-12-12,2018-12-12,"Not an independently verified unique active drug; requires alias, arm and regimen review."
AMGN,AMGEN INC,alternative osteoporosis medications | denosumab,PROVISIONAL_SINGLE_INTERVENTION,1,Osteogenesis Imperfecta (OI),NCT03638128,https://clinicaltrials.gov/study/NCT03638128,2022-12-20,2022-12-20,"Not an independently verified unique active drug; requires alias, arm and regimen review."
AMGN,AMGEN INC,amg 162,PROVISIONAL_SINGLE_INTERVENTION,2,Bone Metastases in Men With Hormone-Refractory Prostate Cancer | Bone Metastases in Subjects With Advanced Breast Cancer | Bone Metastases in Subjects With Advanced Cancer or Multiple Myeloma | Low Bone Mineral Density,NCT00325468 | NCT00950911,https://clinicaltrials.gov/study/NCT00325468 | https://clinicaltrials.gov/study/NCT00950911,2013-07-30,2014-02-11,"Not an independently verified unique active drug; requires alias, arm and regimen review."
AMGN,AMGEN INC,amg 162 / denosumab | placebo,PROVISIONAL_SINGLE_INTERVENTION,1,Breast Cancer | Low Bone Mineral Density | Osteopenia,NCT00089661,https://clinicaltrials.gov/study/NCT00089661,2010-01-26,2010-01-26,"Not an independently verified unique active drug; requires alias, arm and regimen review."
AMGN,AMGEN INC,amg 162 | placebo,PROVISIONAL_SINGLE_INTERVENTION,2,Postmenopausal Osteoporosis | Prostate Cancer,NCT00089674 | NCT00091793,https://clinicaltrials.gov/study/NCT00089674 | https://clinicaltrials.gov/study/NCT00091793,2010-01-26,2014-06-03,"Not an independently verified unique active drug; requires alias, arm and regimen review."
AMGN,AMGEN INC,amg 510 | docetaxel,PROVISIONAL_SINGLE_INTERVENTION,1,"KRAS p, G12c Mutated /Advanced Metastatic NSCLC",NCT04303780,https://clinicaltrials.gov/study/NCT04303780,2023-05-10,2023-05-10,"Not an independently verified unique active drug; requires alias, arm and regimen review."
AMGN,AMGEN INC,amg 531 | placebo,PROVISIONAL_SINGLE_INTERVENTION,1,Idiopathic Thrombocytopenic Purpura,NCT00603642,https://clinicaltrials.gov/study/NCT00603642,2010-12-10,2010-12-10,"Not an independently verified unique active drug; requires alias, arm and regimen review."
AMGN,AMGEN INC,amrubicin | lurbinectedin | tarlatamab | topotecan,PROVISIONAL_SINGLE_INTERVENTION,1,Small Cell Lung Cancer (SCLC),NCT05740566,https://clinicaltrials.gov/study/NCT05740566,2026-01-05,2026-01-05,"Not an independently verified unique active drug; requires alias, arm and regimen review."
AMGN,AMGEN INC,apremilast,PROVISIONAL_SINGLE_INTERVENTION,3,Psoriasis,NCT03123471 | NCT03721172 | NCT03777436,https://clinicaltrials.gov/study/NCT03123471 | https://clinicaltrials.gov/study/NCT03721172 | https://clinicaltrials.gov/study/NCT03777436,2019-09-04,2022-12-15,"Not an independently verified unique active drug; requires alias, arm and regimen review."
AMGN,AMGEN INC,apremilast (cc-10004),PROVISIONAL_SINGLE_INTERVENTION,1,Psoriasis,NCT03701763,https://clinicaltrials.gov/study/NCT03701763,2023-12-07,2023-12-07,"Not an independently verified unique active drug; requires alias, arm and regimen review."
AMGN,AMGEN INC,apremilast 20mg | apremilast 30mg | placebo,PROVISIONAL_SINGLE_INTERVENTION,2,Psoriatic Arthritis,NCT01212770 | NCT01307423,https://clinicaltrials.gov/study/NCT01212770 | https://clinicaltrials.gov/study/NCT01307423,2014-05-20,2014-08-15,"Not an independently verified unique active drug; requires alias, arm and regimen review."
AMGN,AMGEN INC,apremilast 20mg | apremilast 30mg | placebo + 20 mg apremilast | placebo + 30 mg apremilast,PROVISIONAL_SINGLE_INTERVENTION,2,Psoriatic Arthritis,NCT01172938 | NCT01212757,https://clinicaltrials.gov/study/NCT01172938 | https://clinicaltrials.gov/study/NCT01212757,2014-05-19,2014-05-20,"Not an independently verified unique active drug; requires alias, arm and regimen review."
AMGN,AMGEN INC,apremilast 30 mg | placebo,PROVISIONAL_SINGLE_INTERVENTION,1,Psoriatic Arthritis,NCT01925768,https://clinicaltrials.gov/study/NCT01925768,2016-06-13,2016-06-13,"Not an independently verified unique active drug; requires alias, arm and regimen review."
AMGN,AMGEN INC,apremilast tablet 20 mg | apremilast tablet 30 mg bid | placebo,PROVISIONAL_SINGLE_INTERVENTION,1,Ankylosing Spondyloarthritis,NCT01583374,https://clinicaltrials.gov/study/NCT01583374,2015-03-17,2015-03-17,"Not an independently verified unique active drug; requires alias, arm and regimen review."
AMGN,AMGEN INC,apremilast | apremilast placebo | lanadelumab | lanadelumab placebo | standard of care | zilucoplan | zilucoplan placebo,PROVISIONAL_SINGLE_INTERVENTION,1,COVID-19,NCT04590586,https://clinicaltrials.gov/study/NCT04590586,2022-06-29,2022-06-29,"Not an independently verified unique active drug; requires alias, arm and regimen review."
AMGN,AMGEN INC,apremilast | etanercept | placebo injection | placebo tablet,PROVISIONAL_SINGLE_INTERVENTION,1,Psoriasis | Psoriatic Arthritis,NCT01690299,https://clinicaltrials.gov/study/NCT01690299,2015-08-04,2015-08-04,"Not an independently verified unique active drug; requires alias, arm and regimen review."
AMGN,AMGEN INC,apremilast | placebo,PROVISIONAL_SINGLE_INTERVENTION,3,Behçet's Syndrome | Palmoplantar Pustulosis | Plaque Psoriasis,NCT01232283 | NCT02307513 | NCT05174065,https://clinicaltrials.gov/study/NCT01232283 | https://clinicaltrials.gov/study/NCT02307513 | https://clinicaltrials.gov/study/NCT05174065,2014-11-05,2025-04-09,"Not an independently verified unique active drug; requires alias, arm and regimen review."
AMGN,AMGEN INC,apremilast | placebo | topical treatments or phototherapy,PROVISIONAL_SINGLE_INTERVENTION,1,Plaque Psoriasis,NCT01194219,https://clinicaltrials.gov/study/NCT01194219,2014-11-05,2014-11-05,"Not an independently verified unique active drug; requires alias, arm and regimen review."
AMGN,AMGEN INC,apremilast | topical therapy,PROVISIONAL_SINGLE_INTERVENTION,1,Plaque Psoriasis,NCT03930186,https://clinicaltrials.gov/study/NCT03930186,2022-01-20,2022-01-20,"Not an independently verified unique active drug; requires alias, arm and regimen review."
AMGN,AMGEN INC,arm 1 | arm 2,PROVISIONAL_SINGLE_INTERVENTION,1,Recurrent and/or Metastatic Head and Neck Cancer,NCT00460265,https://clinicaltrials.gov/study/NCT00460265,2011-06-14,2011-06-14,"Not an independently verified unique active drug; requires alias, arm and regimen review."
AMGN,AMGEN INC,atorvastatin | evolocumab,PROVISIONAL_SINGLE_INTERVENTION,2,"Diabetes, Hyperlipidemia, Mixed Dyslipidemia | Hyperlipidemia or Mixed Dyslipidemia at High Risk for Cardiovascular Events",NCT01953328 | NCT02662569,https://clinicaltrials.gov/study/NCT01953328 | https://clinicaltrials.gov/study/NCT02662569,2015-12-23,2019-01-11,"Not an independently verified unique active drug; requires alias, arm and regimen review."
AMGN,AMGEN INC,atorvastatin | evolocumab | ezetimibe | placebo,PROVISIONAL_SINGLE_INTERVENTION,1,Hypercholesterolemia,NCT01516879,https://clinicaltrials.gov/study/NCT01516879,2015-09-29,2015-09-29,"Not an independently verified unique active drug; requires alias, arm and regimen review."
AMGN,AMGEN INC,atorvastatin | evolocumab | ezetimibe | placebo to atorvastatin,PROVISIONAL_SINGLE_INTERVENTION,1,Hyperlipidemia,NCT01984424,https://clinicaltrials.gov/study/NCT01984424,2018-03-13,2018-03-13,"Not an independently verified unique active drug; requires alias, arm and regimen review."
AMGN,AMGEN INC,atorvastatin | evolocumab | ezetimibe | placebo to evolocumab | placebo to ezetimibe | rosuvastatin | simvastatin,PROVISIONAL_SINGLE_INTERVENTION,1,Hyperlipidemia,NCT01763866,https://clinicaltrials.gov/study/NCT01763866,2015-12-22,2015-12-22,"Not an independently verified unique active drug; requires alias, arm and regimen review."
AMGN,AMGEN INC,atorvastatin | evolocumab | placebo to atorvastatin | placebo to evolocumab,PROVISIONAL_SINGLE_INTERVENTION,1,Primary Hyperlipidemia and Mixed Dyslipidemia,NCT02189837,https://clinicaltrials.gov/study/NCT02189837,2016-08-31,2016-08-31,"Not an independently verified unique active drug; requires alias, arm and regimen review."
AMGN,AMGEN INC,avacopan | azathioprine | cyclophosphamide | prednisone | rituximab,PROVISIONAL_SINGLE_INTERVENTION,1,ANCA-Associated Vasculitis,NCT02994927,https://clinicaltrials.gov/study/NCT02994927,2022-09-09,2022-09-09,"Not an independently verified unique active drug; requires alias, arm and regimen review."
AMGN,AMGEN INC,background statin therapy | evolocumab | placebo,PROVISIONAL_SINGLE_INTERVENTION,1,Dyslipidemia,NCT02207634,https://clinicaltrials.gov/study/NCT02207634,2018-01-16,2018-01-16,"Not an independently verified unique active drug; requires alias, arm and regimen review."
AMGN,AMGEN INC,best supportive care | carfilzomib,PROVISIONAL_SINGLE_INTERVENTION,1,Multiple Myeloma,NCT01302392,https://clinicaltrials.gov/study/NCT01302392,2015-08-04,2015-08-04,"Not an independently verified unique active drug; requires alias, arm and regimen review."
AMGN,AMGEN INC,bevacizumab | irinotecan based chemotherapy | oxaliplatin based chemotherapy | panitumumab,PROVISIONAL_SINGLE_INTERVENTION,1,Colorectal Cancer,NCT00115765,https://clinicaltrials.gov/study/NCT00115765,2010-09-14,2010-09-14,"Not an independently verified unique active drug; requires alias, arm and regimen review."
AMGN,AMGEN INC,bevacizumab | pegfilgrastim | placebo | standard chemotherapy,PROVISIONAL_SINGLE_INTERVENTION,1,Cancer | Colon Cancer | Colorectal Cancer | Fever | Locally Advanced | Metastatic Colorectal Cancer | Neutropenia | Rectal Cancer,NCT00911170,https://clinicaltrials.gov/study/NCT00911170,2014-01-07,2014-01-07,"Not an independently verified unique active drug; requires alias, arm and regimen review."
AMGN,AMGEN INC,blinatumomab,PROVISIONAL_SINGLE_INTERVENTION,1,B-Cell Non Hodgkin Lymphoma,NCT02910063,https://clinicaltrials.gov/study/NCT02910063,2021-01-13,2021-01-13,"Not an independently verified unique active drug; requires alias, arm and regimen review."
AMGN,AMGEN INC,blinatumomab | daunorubicin | dexamethasone | erwinia-asparaginase | ifosfamide | methotrexate | peg-asparaginase | vincrisitne,PROVISIONAL_SINGLE_INTERVENTION,1,"Leukemia, Acute Lymphoblastic",NCT02393859,https://clinicaltrials.gov/study/NCT02393859,2020-07-13,2020-07-13,"Not an independently verified unique active drug; requires alias, arm and regimen review."
AMGN,AMGEN INC,blinatumomab | dexamthasone,PROVISIONAL_SINGLE_INTERVENTION,1,Acute Lymphoblastic Leukemia,NCT03476239,https://clinicaltrials.gov/study/NCT03476239,2020-09-14,2020-09-14,"Not an independently verified unique active drug; requires alias, arm and regimen review."
AMGN,AMGEN INC,blinatumomab | standard of care chemotherapy,PROVISIONAL_SINGLE_INTERVENTION,1,Relapsed/Refractory B-precursor Acute Lymphoblastic Leukemia,NCT02013167,https://clinicaltrials.gov/study/NCT02013167,2017-08-09,2017-08-09,"Not an independently verified unique active drug; requires alias, arm and regimen review."
AMGN,AMGEN INC,bortezomib | carfilzomib | dexamethasone,PROVISIONAL_SINGLE_INTERVENTION,1,Multiple Myeloma,NCT01568866,https://clinicaltrials.gov/study/NCT01568866,2015-12-11,2015-12-11,"Not an independently verified unique active drug; requires alias, arm and regimen review."
AMGN,AMGEN INC,bortezomib | carfilzomib | melphalan | prednisone,PROVISIONAL_SINGLE_INTERVENTION,1,Multiple Myeloma,NCT01818752,https://clinicaltrials.gov/study/NCT01818752,2017-08-01,2017-08-01,"Not an independently verified unique active drug; requires alias, arm and regimen review."
AMGN,AMGEN INC,buphenyl (napba) | hpn-100,PROVISIONAL_SINGLE_INTERVENTION,1,Urea Cycle Disorders,NCT00992459,https://clinicaltrials.gov/study/NCT00992459,2013-08-12,2013-08-12,"Not an independently verified unique active drug; requires alias, arm and regimen review."
AMGN,AMGEN INC,carfilzomib | daratumumab | dexamethasone,PROVISIONAL_SINGLE_INTERVENTION,1,Refractory Multiple Myeloma | Relapsed Multiple Myeloma,NCT03158688,https://clinicaltrials.gov/study/NCT03158688,2020-09-11,2020-09-11,"Not an independently verified unique active drug; requires alias, arm and regimen review."
AMGN,AMGEN INC,carfilzomib | dexamethasone,PROVISIONAL_SINGLE_INTERVENTION,2,Multiple Myeloma | Relapsed and Refractory Multiple Myeloma,NCT02412878 | NCT03029234,https://clinicaltrials.gov/study/NCT02412878 | https://clinicaltrials.gov/study/NCT03029234,2018-12-13,2019-11-21,"Not an independently verified unique active drug; requires alias, arm and regimen review."
AMGN,AMGEN INC,carfilzomib | dexamethasone | lenalidomide,PROVISIONAL_SINGLE_INTERVENTION,2,Relapsed Multiple Myeloma | Relapsed or Refractory Multiple Myeloma,NCT01080391 | NCT03859427,https://clinicaltrials.gov/study/NCT01080391 | https://clinicaltrials.gov/study/NCT03859427,2015-07-08,2024-04-18,"Not an independently verified unique active drug; requires alias, arm and regimen review."
AMGN,AMGEN INC,cetuximab | panitumumab,PROVISIONAL_SINGLE_INTERVENTION,1,Metastatic Colorectal Cancer,NCT01001377,https://clinicaltrials.gov/study/NCT01001377,2014-03-24,2014-03-24,"Not an independently verified unique active drug; requires alias, arm and regimen review."
AMGN,AMGEN INC,cinacalcet,PROVISIONAL_SINGLE_INTERVENTION,1,"Secondary Hyperparathyroidism, Chronic Kidney Disease",NCT02341417,https://clinicaltrials.gov/study/NCT02341417,2018-05-18,2018-05-18,"Not an independently verified unique active drug; requires alias, arm and regimen review."
AMGN,AMGEN INC,cinacalcet hcl,PROVISIONAL_SINGLE_INTERVENTION,1,"Chronic Kidney Disease, Secondary Hyperparathyroidism",NCT02138838,https://clinicaltrials.gov/study/NCT02138838,2017-09-14,2017-09-14,"Not an independently verified unique active drug; requires alias, arm and regimen review."
AMGN,AMGEN INC,cinacalcet | etelcalcetide,PROVISIONAL_SINGLE_INTERVENTION,1,Chronic Kidney Disease | Secondary Hyperparathyroidism,NCT03299244,https://clinicaltrials.gov/study/NCT03299244,2021-04-30,2021-04-30,"Not an independently verified unique active drug; requires alias, arm and regimen review."
AMGN,AMGEN INC,cinacalcet | etelcalcetide | intravenous placebo | oral placebo,PROVISIONAL_SINGLE_INTERVENTION,1,Chronic Kidney Disease | Secondary Hyperparathyroidism,NCT01896232,https://clinicaltrials.gov/study/NCT01896232,2017-02-08,2017-02-08,"Not an independently verified unique active drug; requires alias, arm and regimen review."
AMGN,AMGEN INC,cinacalcet | placebo,PROVISIONAL_SINGLE_INTERVENTION,3,"Chronic Allograft Nephropathy | Chronic Kidney Disease | Chronic Renal Failure | Disordered Mineral Metabolism | End Stage Renal Disease | Hyperparathyroidism | Hypophosphatemia | Kidney Disease | Kidney Transplantation | Post Renal Transplantation | Chronic Kidney Disease | Secondary Hyperparathyroidism | Hypercalcemia | Hyperparathyroidism, Primary",NCT00345839 | NCT00975000 | NCT00975221,https://clinicaltrials.gov/study/NCT00345839 | https://clinicaltrials.gov/study/NCT00975000 | https://clinicaltrials.gov/study/NCT00975221,2014-01-22,2016-01-29,"Not an independently verified unique active drug; requires alias, arm and regimen review."
AMGN,AMGEN INC,commercial formulation etanercept | new formulation etanercept,PROVISIONAL_SINGLE_INTERVENTION,1,"Arthritis, Rheumatoid; Arthritis, Psoriatic",NCT02986139,https://clinicaltrials.gov/study/NCT02986139,2018-10-31,2018-10-31,"Not an independently verified unique active drug; requires alias, arm and regimen review."
AMGN,AMGEN INC,cystagon® (cysteamine bitartrate) | cysteamine bitartrate delayed-release capsules (rp103),PROVISIONAL_SINGLE_INTERVENTION,1,Cystinosis,NCT01000961,https://clinicaltrials.gov/study/NCT01000961,2014-11-19,2014-11-19,"Not an independently verified unique active drug; requires alias, arm and regimen review."
AMGN,AMGEN INC,cystagon® | rp103,PROVISIONAL_SINGLE_INTERVENTION,1,Cystinosis,NCT01733316,https://clinicaltrials.gov/study/NCT01733316,2017-05-24,2017-05-24,"Not an independently verified unique active drug; requires alias, arm and regimen review."
AMGN,AMGEN INC,cysteamine bitartrate delayed-release capsules,PROVISIONAL_SINGLE_INTERVENTION,1,Cystinosis,NCT01197378,https://clinicaltrials.gov/study/NCT01197378,2018-07-24,2018-07-24,"Not an independently verified unique active drug; requires alias, arm and regimen review."
AMGN,AMGEN INC,darbepoetin alfa,PROVISIONAL_SINGLE_INTERVENTION,3,Anemia in Chronic Kidney Disease Patients Not on Dialysis | Anemia | Chronic Kidney Disease | Myelodysplastic Syndrome (MDS),NCT00925587 | NCT01652872 | NCT02175277,https://clinicaltrials.gov/study/NCT00925587 | https://clinicaltrials.gov/study/NCT01652872 | https://clinicaltrials.gov/study/NCT02175277,2014-06-04,2018-11-08,"Not an independently verified unique active drug; requires alias, arm and regimen review."
AMGN,AMGEN INC,darbepoetin alfa | placebo,PROVISIONAL_SINGLE_INTERVENTION,5,Anemia | Cancer | Lung Cancer | Non-Small Cell Lung Cancer | Anemia | Cardiovascular Disease | Congestive Heart Failure | Heart Failure | Ventricular Dysfunction | Anemia | Chronic Kidney Disease | Anemia | Chronic Kidney Disease | Kidney Disease | MDS,NCT00358215 | NCT00364845 | NCT00436748 | NCT00858364 | NCT01362140,https://clinicaltrials.gov/study/NCT00358215 | https://clinicaltrials.gov/study/NCT00364845 | https://clinicaltrials.gov/study/NCT00436748 | https://clinicaltrials.gov/study/NCT00858364 | https://clinicaltrials.gov/study/NCT01362140,2013-12-13,2018-07-06,"Not an independently verified unique active drug; requires alias, arm and regimen review."
AMGN,AMGEN INC,denosumab,PROVISIONAL_SINGLE_INTERVENTION,7,Bone Metastases in Men With Hormone-Refractory Prostate Cancer | Bone Metastases in Subjects With Advanced Breast Cancer | Cancer | Carcinoma | Castrate-Resistant Prostate Cancer | Prostate Cancer | Tumors | Castrate-resistant Prostate Cancer | Evaluate the Safety and Efficacy of Denosumab in Pediatric Subjects With | Glucocorticoid-induced Osteoporosis | Low Bone Mineral Density | Osteopenia | Osteoporosis | Osteogenesis Imperfecta | Osteopenia | Osteoporosis,NCT00515463 | NCT00523341 | NCT00838201 | NCT01419717 | NCT01824342 | NCT02352753 | NCT03164928,https://clinicaltrials.gov/study/NCT00515463 | https://clinicaltrials.gov/study/NCT00523341 | https://clinicaltrials.gov/study/NCT00838201 | https://clinicaltrials.gov/study/NCT01419717 | https://clinicaltrials.gov/study/NCT01824342 | https://clinicaltrials.gov/study/NCT02352753 | https://clinicaltrials.gov/study/NCT03164928,2013-09-24,2024-07-19,"Not an independently verified unique active drug; requires alias, arm and regimen review."
AMGN,AMGEN INC,denosumab (amg 162) | alendronate,PROVISIONAL_SINGLE_INTERVENTION,1,Postmenopausal Osteoporosis,NCT00377819,https://clinicaltrials.gov/study/NCT00377819,2010-08-03,2010-08-03,"Not an independently verified unique active drug; requires alias, arm and regimen review."
AMGN,AMGEN INC,denosumab (cp2) | denosumab (cp4),PROVISIONAL_SINGLE_INTERVENTION,1,Postmenopausal Osteoporosis,NCT02157948,https://clinicaltrials.gov/study/NCT02157948,2017-08-16,2017-08-16,"Not an independently verified unique active drug; requires alias, arm and regimen review."
AMGN,AMGEN INC,denosumab | denosumab (for the open-label treatment phase) | placebo to denosumab | placebo to zoledronic acid | zoledronic acid,PROVISIONAL_SINGLE_INTERVENTION,1,Bone Metastases | Cancer | Hematologic Malignancies | Multiple Myeloma | Multiple Myeloma Bone Lesions | Oncology,NCT01345019,https://clinicaltrials.gov/study/NCT01345019,2018-03-07,2018-03-07,"Not an independently verified unique active drug; requires alias, arm and regimen review."
AMGN,AMGEN INC,denosumab | ibandronate,PROVISIONAL_SINGLE_INTERVENTION,1,Postmenopausal Osteoporosis,NCT00936897,https://clinicaltrials.gov/study/NCT00936897,2012-11-29,2012-11-29,"Not an independently verified unique active drug; requires alias, arm and regimen review."
AMGN,AMGEN INC,denosumab | non-steroidal aromatase inhibitor therapy | placebo | zoledronic acid,PROVISIONAL_SINGLE_INTERVENTION,1,Breast Cancer,NCT00556374,https://clinicaltrials.gov/study/NCT00556374,2015-11-06,2015-11-06,"Not an independently verified unique active drug; requires alias, arm and regimen review."
AMGN,AMGEN INC,denosumab | placebo,PROVISIONAL_SINGLE_INTERVENTION,5,Breast Cancer | Cancer | Cataract | Low Bone Mineral Density | Osteopenia | Osteoporosis | Prostate Cancer | Hormone Refractory Prostate Cancer | Low Bone Mass | Low Bone Mineral Density | Osteoporosis | Postmenopausal Osteoporosis | Osteoporosis,NCT00089791 | NCT00286091 | NCT00890981 | NCT00925600 | NCT01077154,https://clinicaltrials.gov/study/NCT00089791 | https://clinicaltrials.gov/study/NCT00286091 | https://clinicaltrials.gov/study/NCT00890981 | https://clinicaltrials.gov/study/NCT00925600 | https://clinicaltrials.gov/study/NCT01077154,2011-07-28,2018-10-03,"Not an independently verified unique active drug; requires alias, arm and regimen review."
AMGN,AMGEN INC,denosumab | placebo for denosumab | placebo for risendronate | risendronate,PROVISIONAL_SINGLE_INTERVENTION,1,"Steroid-induced Osteopor, Glucocorticoid-induced Ostepor",NCT01575873,https://clinicaltrials.gov/study/NCT01575873,2018-07-27,2018-07-27,"Not an independently verified unique active drug; requires alias, arm and regimen review."
AMGN,AMGEN INC,denosumab | placebo | romosozumab,PROVISIONAL_SINGLE_INTERVENTION,1,Postmenopausal Osteoporosis,NCT01575834,https://clinicaltrials.gov/study/NCT01575834,2018-11-08,2018-11-08,"Not an independently verified unique active drug; requires alias, arm and regimen review."
AMGN,AMGEN INC,denosumab | zoledronic acid,PROVISIONAL_SINGLE_INTERVENTION,3,Bone Metastases,NCT00321464 | NCT00321620 | NCT00330759,https://clinicaltrials.gov/study/NCT00321464 | https://clinicaltrials.gov/study/NCT00321620 | https://clinicaltrials.gov/study/NCT00330759,2014-03-10,2014-04-09,"Not an independently verified unique active drug; requires alias, arm and regimen review."
AMGN,AMGEN INC,erenumab | placebo,PROVISIONAL_SINGLE_INTERVENTION,3,Migraine,NCT02456740 | NCT02483585 | NCT03812224,https://clinicaltrials.gov/study/NCT02456740 | https://clinicaltrials.gov/study/NCT02483585 | https://clinicaltrials.gov/study/NCT03812224,2018-06-25,2021-03-04,"Not an independently verified unique active drug; requires alias, arm and regimen review."
AMGN,AMGEN INC,etanercept,PROVISIONAL_SINGLE_INTERVENTION,3,Pediatric Plaque Psoriasis | Rheumatoid Arthritis,NCT00141921 | NCT00356590 | NCT00357903,https://clinicaltrials.gov/study/NCT00141921 | https://clinicaltrials.gov/study/NCT00356590 | https://clinicaltrials.gov/study/NCT00357903,2010-12-06,2017-02-10,"Not an independently verified unique active drug; requires alias, arm and regimen review."
AMGN,AMGEN INC,etanercept / autoinjector a,PROVISIONAL_SINGLE_INTERVENTION,1,Psoriatic Arthritis | Rheumatoid Arthritis,NCT01901185,https://clinicaltrials.gov/study/NCT01901185,2014-11-21,2014-11-21,"Not an independently verified unique active drug; requires alias, arm and regimen review."
AMGN,AMGEN INC,etanercept | methotrexate | placebo,PROVISIONAL_SINGLE_INTERVENTION,1,Psoriasis,NCT01001208,https://clinicaltrials.gov/study/NCT01001208,2013-08-12,2013-08-12,"Not an independently verified unique active drug; requires alias, arm and regimen review."
AMGN,AMGEN INC,etanercept | methotrexate | placebo to etanerceot,PROVISIONAL_SINGLE_INTERVENTION,1,Juvenile Rheumatoid Arthritis,NCT03781375,https://clinicaltrials.gov/study/NCT03781375,2019-08-02,2019-08-02,"Not an independently verified unique active drug; requires alias, arm and regimen review."
AMGN,AMGEN INC,etanercept | methotrexate | placebo to etanercept | placebo to methotrexate,PROVISIONAL_SINGLE_INTERVENTION,1,Psoriatic Arthritis,NCT02376790,https://clinicaltrials.gov/study/NCT02376790,2019-02-22,2019-02-22,"Not an independently verified unique active drug; requires alias, arm and regimen review."
AMGN,AMGEN INC,etanercept | placebo,PROVISIONAL_SINGLE_INTERVENTION,3,Juvenile Rheumatoid Arthritis | Psoriasis,NCT00078806 | NCT00078819 | NCT03780959,https://clinicaltrials.gov/study/NCT00078806 | https://clinicaltrials.gov/study/NCT00078819 | https://clinicaltrials.gov/study/NCT03780959,2019-07-29,2019-09-25,"Not an independently verified unique active drug; requires alias, arm and regimen review."
AMGN,AMGEN INC,etelcalcetide,PROVISIONAL_SINGLE_INTERVENTION,3,"Hyperparathyroidism, Secondary",NCT01785875 | NCT01932970 | NCT02102204,https://clinicaltrials.gov/study/NCT01785875 | https://clinicaltrials.gov/study/NCT01932970 | https://clinicaltrials.gov/study/NCT02102204,2017-03-27,2017-11-17,"Not an independently verified unique active drug; requires alias, arm and regimen review."
AMGN,AMGEN INC,etelcalcetide | placebo,PROVISIONAL_SINGLE_INTERVENTION,2,"Hyperparathyroidism, Secondary",NCT01785849 | NCT01788046,https://clinicaltrials.gov/study/NCT01785849 | https://clinicaltrials.gov/study/NCT01788046,2017-03-27,2017-03-27,"Not an independently verified unique active drug; requires alias, arm and regimen review."
AMGN,AMGEN INC,evolocumab,PROVISIONAL_SINGLE_INTERVENTION,6,Dyslipidemia | Familial Hypercholesterolemia | Hypercholesterolemia | Severe Familial Hypercholesterolemia,NCT01624142 | NCT02304484 | NCT02585895 | NCT02624869 | NCT02867813 | NCT03080935,https://clinicaltrials.gov/study/NCT01624142 | https://clinicaltrials.gov/study/NCT02304484 | https://clinicaltrials.gov/study/NCT02585895 | https://clinicaltrials.gov/study/NCT02624869 | https://clinicaltrials.gov/study/NCT02867813 | https://clinicaltrials.gov/study/NCT03080935,2017-09-19,2023-02-28,"Not an independently verified unique active drug; requires alias, arm and regimen review."
AMGN,AMGEN INC,evolocumab ai/pen | evolocumab amd,PROVISIONAL_SINGLE_INTERVENTION,1,Mixed Dyslipidemia | Primary Hypercholesterolemia,NCT01879319,https://clinicaltrials.gov/study/NCT01879319,2015-12-23,2015-12-23,"Not an independently verified unique active drug; requires alias, arm and regimen review."
AMGN,AMGEN INC,evolocumab ai/pen | evolocumab pre-filled syringe,PROVISIONAL_SINGLE_INTERVENTION,1,Mixed Dyslipidemia | Primary Hypercholesterolemia,NCT01849497,https://clinicaltrials.gov/study/NCT01849497,2015-10-09,2015-10-09,"Not an independently verified unique active drug; requires alias, arm and regimen review."
AMGN,AMGEN INC,evolocumab | ezetimibe | placebo ezetimibe | placebo to evolocumab,PROVISIONAL_SINGLE_INTERVENTION,1,Hypercholesterolemia,NCT02634580,https://clinicaltrials.gov/study/NCT02634580,2018-08-31,2018-08-31,"Not an independently verified unique active drug; requires alias, arm and regimen review."
AMGN,AMGEN INC,evolocumab | ezetimibe | placebo to evolocumab,PROVISIONAL_SINGLE_INTERVENTION,1,Hyperlipidemia,NCT01763827,https://clinicaltrials.gov/study/NCT01763827,2015-12-30,2015-12-30,"Not an independently verified unique active drug; requires alias, arm and regimen review."
AMGN,AMGEN INC,evolocumab | ezetimibe | placebo to evolocumab | placebo to ezetimibe,PROVISIONAL_SINGLE_INTERVENTION,1,Hyperlipidemia,NCT01763905,https://clinicaltrials.gov/study/NCT01763905,2015-12-22,2015-12-22,"Not an independently verified unique active drug; requires alias, arm and regimen review."
AMGN,AMGEN INC,evolocumab | placebo,PROVISIONAL_SINGLE_INTERVENTION,9,"Coronary Heart Disease (CHD) | Dyslipidemia | Heterozygous Familial Hypercholesterolemia | Homozygous Familial Hypercholesterolemia | Hypercholesterolemia | Hyperlipidemia | Mixed Dyslipidemia | Primary Hypercholesterolemia | Subjects With Hyperlipidemia, Dyslipidemia | Subjects With Hyperlipidemia, Dyslipidemia and HIV Infection",NCT01588496 | NCT01763918 | NCT01764633 | NCT01813422 | NCT02392559 | NCT02729025 | NCT02833844 | NCT03433755 | NCT03872401,https://clinicaltrials.gov/study/NCT01588496 | https://clinicaltrials.gov/study/NCT01763918 | https://clinicaltrials.gov/study/NCT01764633 | https://clinicaltrials.gov/study/NCT01813422 | https://clinicaltrials.gov/study/NCT02392559 | https://clinicaltrials.gov/study/NCT02729025 | https://clinicaltrials.gov/study/NCT02833844 | https://clinicaltrials.gov/study/NCT03433755 | https://clinicaltrials.gov/study/NCT03872401,2015-10-02,2026-06-25,"Not an independently verified unique active drug; requires alias, arm and regimen review."
AMGN,AMGEN INC,evolocumab | placebo to evolocumab,PROVISIONAL_SINGLE_INTERVENTION,1,Hypercholesterolemia | Mixed Dyslipidemia | Type 2 Diabetes,NCT02739984,https://clinicaltrials.gov/study/NCT02739984,2018-08-31,2018-08-31,"Not an independently verified unique active drug; requires alias, arm and regimen review."
AMGN,AMGEN INC,evolocumab | placebo | statin therapy,PROVISIONAL_SINGLE_INTERVENTION,1,Coronary Artery Disease (CAD),NCT03570697,https://clinicaltrials.gov/study/NCT03570697,2021-11-24,2021-11-24,"Not an independently verified unique active drug; requires alias, arm and regimen review."
AMGN,AMGEN INC,evolocumab | standard of care,PROVISIONAL_SINGLE_INTERVENTION,1,Hyperlipidemia and Mixed Dyslipidemia,NCT01854918,https://clinicaltrials.gov/study/NCT01854918,2019-06-11,2019-06-11,"Not an independently verified unique active drug; requires alias, arm and regimen review."
AMGN,AMGEN INC,folfiri | panitumumab,PROVISIONAL_SINGLE_INTERVENTION,1,Metastatic Colorectal Cancer,NCT00339183,https://clinicaltrials.gov/study/NCT00339183,2014-05-06,2014-05-06,"Not an independently verified unique active drug; requires alias, arm and regimen review."
AMGN,AMGEN INC,folfox regimen | panitumumab,PROVISIONAL_SINGLE_INTERVENTION,1,Metastatic Colorectal Cancer,NCT00364013,https://clinicaltrials.gov/study/NCT00364013,2014-03-28,2014-03-28,"Not an independently verified unique active drug; requires alias, arm and regimen review."
AMGN,AMGEN INC,hpn-100,PROVISIONAL_SINGLE_INTERVENTION,2,Urea Cycle Disorders,NCT00947297 | NCT01347073,https://clinicaltrials.gov/study/NCT00947297 | https://clinicaltrials.gov/study/NCT01347073,2013-08-15,2015-05-28,"Not an independently verified unique active drug; requires alias, arm and regimen review."
AMGN,AMGEN INC,hzt-501,PROVISIONAL_SINGLE_INTERVENTION,1,Chronic Low Back Pain | Chronic Regional Pain Syndrome | Chronic Soft Tissue Pain | Osteoarthritis | Rheumatoid Arthritis,NCT00984815,https://clinicaltrials.gov/study/NCT00984815,2013-07-25,2013-07-25,"Not an independently verified unique active drug; requires alias, arm and regimen review."
AMGN,AMGEN INC,hzt-501 | ibuprofen,PROVISIONAL_SINGLE_INTERVENTION,2,Chronic Low Back Pain | Chronic Regional Pain Syndrome | Chronic Soft Tissue Pain | Osteoarthritis | Rheumatoid Arthritis | Peptic Ulcer,NCT00450658 | NCT00613106,https://clinicaltrials.gov/study/NCT00450658 | https://clinicaltrials.gov/study/NCT00613106,2011-06-17,2011-06-21,"Not an independently verified unique active drug; requires alias, arm and regimen review."
AMGN,AMGEN INC,ibuprofen | ibuprofen/famotidine,PROVISIONAL_SINGLE_INTERVENTION,1,Ulcer,NCT00450216,https://clinicaltrials.gov/study/NCT00450216,2011-06-21,2011-06-21,"Not an independently verified unique active drug; requires alias, arm and regimen review."
AMGN,AMGEN INC,inebilizumab,PROVISIONAL_SINGLE_INTERVENTION,1,IgG4 Related Disease,NCT04540497,https://clinicaltrials.gov/study/NCT04540497,2025-06-25,2025-06-25,"Not an independently verified unique active drug; requires alias, arm and regimen review."
AMGN,AMGEN INC,interferon γ-1b,PROVISIONAL_SINGLE_INTERVENTION,2,Friedreich's Ataxia,NCT02593773 | NCT02797080,https://clinicaltrials.gov/study/NCT02593773 | https://clinicaltrials.gov/study/NCT02797080,2018-05-01,2018-05-18,"Not an independently verified unique active drug; requires alias, arm and regimen review."
AMGN,AMGEN INC,interferon γ-1b | placebo,PROVISIONAL_SINGLE_INTERVENTION,1,Friedreich's Ataxia,NCT02415127,https://clinicaltrials.gov/study/NCT02415127,2017-12-08,2017-12-08,"Not an independently verified unique active drug; requires alias, arm and regimen review."
AMGN,AMGEN INC,iv placebo | inebilizumab,PROVISIONAL_SINGLE_INTERVENTION,1,Myasthenia Gravis,NCT04524273,https://clinicaltrials.gov/study/NCT04524273,2026-03-10,2026-03-10,"Not an independently verified unique active drug; requires alias, arm and regimen review."
AMGN,AMGEN INC,medical standard of care for itp | romiplostim,PROVISIONAL_SINGLE_INTERVENTION,1,Idiopathic Thrombocytopenic Purpura | Thrombocytopenia | Thrombocytopenia in Subjects With Immune (Idiopathic) Thrombocytopenic Purpura (ITP) | Thrombocytopenic Purpura,NCT00415532,https://clinicaltrials.gov/study/NCT00415532,2013-07-08,2013-07-08,"Not an independently verified unique active drug; requires alias, arm and regimen review."
AMGN,AMGEN INC,mp-376 (levofloxacin solution for inhalation) | tis (tobramycin inhalation solution),PROVISIONAL_SINGLE_INTERVENTION,1,Cystic Fibrosis,NCT01270347,https://clinicaltrials.gov/study/NCT01270347,2024-05-21,2024-05-21,"Not an independently verified unique active drug; requires alias, arm and regimen review."
AMGN,AMGEN INC,mr prednisone | placebo,PROVISIONAL_SINGLE_INTERVENTION,1,Rheumatoid Arthritis,NCT00650078,https://clinicaltrials.gov/study/NCT00650078,2012-12-13,2012-12-13,"Not an independently verified unique active drug; requires alias, arm and regimen review."
AMGN,AMGEN INC,oral methotrexate | placebo for etanercept subcutaneous injection | placebo for methotrexate | etanercept pre-filled syringe subcutaneous injection,PROVISIONAL_SINGLE_INTERVENTION,1,Rheumatoid Arthritis,NCT02373813,https://clinicaltrials.gov/study/NCT02373813,2020-12-19,2020-12-19,"Not an independently verified unique active drug; requires alias, arm and regimen review."
AMGN,AMGEN INC,panitumumab,PROVISIONAL_SINGLE_INTERVENTION,2,Colorectal Cancer | Metastases | Metastatic Colorectal Cancer,NCT00113763 | NCT01412957,https://clinicaltrials.gov/study/NCT00113763 | https://clinicaltrials.gov/study/NCT01412957,2014-01-03,2016-04-08,"Not an independently verified unique active drug; requires alias, arm and regimen review."
AMGN,AMGEN INC,panitumumab | regorafenib | sotorasib | trifluridine and tipiracil,PROVISIONAL_SINGLE_INTERVENTION,1,Colorectal Cancer (CRC),NCT05198934,https://clinicaltrials.gov/study/NCT05198934,2026-07-22,2026-07-22,"Not an independently verified unique active drug; requires alias, arm and regimen review."
AMGN,AMGEN INC,pembrolizumab | placebo | talimogene laherparepvec,PROVISIONAL_SINGLE_INTERVENTION,1,Melanoma,NCT02263508,https://clinicaltrials.gov/study/NCT02263508,2022-05-16,2022-05-16,"Not an independently verified unique active drug; requires alias, arm and regimen review."
AMGN,AMGEN INC,placebo 70 mg/ml | placebo 90 mg/ml | romosozumab 70 mg/ml | romosozumab 90 mg/ml,PROVISIONAL_SINGLE_INTERVENTION,1,Postmenopausal Osteoporosis,NCT02016716,https://clinicaltrials.gov/study/NCT02016716,2018-11-08,2018-11-08,"Not an independently verified unique active drug; requires alias, arm and regimen review."
AMGN,AMGEN INC,placebo | darbepoetin alfa,PROVISIONAL_SINGLE_INTERVENTION,1,Anemia | Diabetes Mellitus | Kidney Disease,NCT00093015,https://clinicaltrials.gov/study/NCT00093015,2010-09-02,2010-09-02,"Not an independently verified unique active drug; requires alias, arm and regimen review."
AMGN,AMGEN INC,placebo | rocatinlimab,PROVISIONAL_SINGLE_INTERVENTION,3,Atopic Dermatitis | Atopic Dermatitis | Moderate-to-severe Atopic Dermatitis,NCT05398445 | NCT05704738 | NCT05899816,https://clinicaltrials.gov/study/NCT05398445 | https://clinicaltrials.gov/study/NCT05704738 | https://clinicaltrials.gov/study/NCT05899816,2026-07-23,2026-08-28,"Not an independently verified unique active drug; requires alias, arm and regimen review."
AMGN,AMGEN INC,placebo | romiplostim,PROVISIONAL_SINGLE_INTERVENTION,1,Idiopathic Thrombocytopenic Purpura | Immune Thrombocytopenia | Thrombocytopenia | Thrombocytopenia in Pediatric Subjects With Immune (Idiopathic) Thrombocytopenic Purpura (ITP) | Thrombocytopenia in Subjects With Immune (Idiopathic) Thrombocytopenic Purpura (ITP) | Thrombocytopenic Purpura,NCT01444417,https://clinicaltrials.gov/study/NCT01444417,2017-01-19,2017-01-19,"Not an independently verified unique active drug; requires alias, arm and regimen review."
AMGN,AMGEN INC,placebo | romosozumab,PROVISIONAL_SINGLE_INTERVENTION,2,Osteoporosis in Men | Postmenopausal Osteoporosis,NCT02186171 | NCT02791516,https://clinicaltrials.gov/study/NCT02186171 | https://clinicaltrials.gov/study/NCT02791516,2019-05-28,2019-07-05,"Not an independently verified unique active drug; requires alias, arm and regimen review."
AMGN,AMGEN INC,rocatinlimab,PROVISIONAL_SINGLE_INTERVENTION,3,Atopic Dermatitis,NCT05633355 | NCT05651711 | NCT05724199,https://clinicaltrials.gov/study/NCT05633355 | https://clinicaltrials.gov/study/NCT05651711 | https://clinicaltrials.gov/study/NCT05724199,2026-06-26,2026-08-06,"Not an independently verified unique active drug; requires alias, arm and regimen review."
AMGN,AMGEN INC,romiplostim,PROVISIONAL_SINGLE_INTERVENTION,5,Chemotherapy-induced Thrombocytopenia | Idiopathic Thrombocytopenic Purpura | Thrombocytopenia | Idiopathic Thrombocytopenic Purpura | Thrombocytopenia | Thrombocytopenic Purpura | Immune Thrombocytopenia | Thrombocytopenia in Pediatric Subjects With Immune Idiopathic Thrombocytopenic Purpura ITP,NCT00116688 | NCT00508820 | NCT01071954 | NCT02279173 | NCT03362177,https://clinicaltrials.gov/study/NCT00116688 | https://clinicaltrials.gov/study/NCT00508820 | https://clinicaltrials.gov/study/NCT01071954 | https://clinicaltrials.gov/study/NCT02279173 | https://clinicaltrials.gov/study/NCT03362177,2011-04-06,2026-02-11,"Not an independently verified unique active drug; requires alias, arm and regimen review."
AMGN,AMGEN INC,romosozumab hcp administration with pfs,PROVISIONAL_SINGLE_INTERVENTION,1,Post-Menopausal Osteoporosis,NCT03432533,https://clinicaltrials.gov/study/NCT03432533,2020-04-10,2020-04-10,"Not an independently verified unique active drug; requires alias, arm and regimen review."
AMGN,AMGEN INC,romozosumab | teriparatide,PROVISIONAL_SINGLE_INTERVENTION,1,Postmenopausal Osteoporosis,NCT01796301,https://clinicaltrials.gov/study/NCT01796301,2018-11-08,2018-11-08,"Not an independently verified unique active drug; requires alias, arm and regimen review."
AMGN,AMGEN INC,rp103,PROVISIONAL_SINGLE_INTERVENTION,1,Cystinosis,NCT01744782,https://clinicaltrials.gov/study/NCT01744782,2018-01-16,2018-01-16,"Not an independently verified unique active drug; requires alias, arm and regimen review."
AMGN,AMGEN INC,standard of care | cinacalcet capsule | placebo,PROVISIONAL_SINGLE_INTERVENTION,1,"Chronic Kidney Disease | Hyperparathyroidism | Hyperparathyroidism, Secondary | Kidney Disease | Secondary Hyperparathyroidism",NCT01277510,https://clinicaltrials.gov/study/NCT01277510,2015-05-15,2015-05-15,"Not an independently verified unique active drug; requires alias, arm and regimen review."
AMGN,AMGEN INC,teprotumumab,PROVISIONAL_SINGLE_INTERVENTION,2,Graves' Orbitopathy | Thyroid Eye Disease | Thyroid Eye Disease,NCT03298867 | NCT03461211,https://clinicaltrials.gov/study/NCT03298867 | https://clinicaltrials.gov/study/NCT03461211,2020-03-10,2021-07-19,"Not an independently verified unique active drug; requires alias, arm and regimen review."
AMGN,AMGEN INC,topical agents | etanercept,PROVISIONAL_SINGLE_INTERVENTION,1,Psoriasis,NCT01313221,https://clinicaltrials.gov/study/NCT01313221,2014-05-02,2014-05-02,"Not an independently verified unique active drug; requires alias, arm and regimen review."
AMPH,"Amphastar Pharmaceuticals, Inc.",i004 | novolog,PROVISIONAL_SINGLE_INTERVENTION,1,Pharmacodynamics | Pharmacokinetics,NCT05539872,https://clinicaltrials.gov/study/NCT05539872,2026-03-05,2026-03-05,"Not an independently verified unique active drug; requires alias, arm and regimen review."
AMRX,"Amneal Pharmaceuticals, Inc.","diclofenac sodium topical gel, 1% | vehicle diclofenac sodium topical gel | voltaren topical gel, 1%",PROVISIONAL_SINGLE_INTERVENTION,1,Osteoarthritis,NCT02121002,https://clinicaltrials.gov/study/NCT02121002,2021-06-16,2021-06-16,"Not an independently verified unique active drug; requires alias, arm and regimen review."
ANTX,"AN2 Therapeutics, Inc.",epetraborole | placebo,PROVISIONAL_SINGLE_INTERVENTION,1,MAC Lung Disease | Treatment Refractory MAC Lung Disease,NCT05327803,https://clinicaltrials.gov/study/NCT05327803,2026-06-10,2026-06-10,"Not an independently verified unique active drug; requires alias, arm and regimen review."
ANVS,"Annovis Bio, Inc.",buntanetap/posiphen | placebo,PROVISIONAL_SINGLE_INTERVENTION,1,Alzheimer Disease,NCT05686044,https://clinicaltrials.gov/study/NCT05686044,2025-04-29,2025-04-29,"Not an independently verified unique active drug; requires alias, arm and regimen review."
ANVS,"Annovis Bio, Inc.",placebo | buntanetap/posiphen,PROVISIONAL_SINGLE_INTERVENTION,1,"Parkinson's Disease, Idiopathic",NCT05357989,https://clinicaltrials.gov/study/NCT05357989,2025-03-03,2025-03-03,"Not an independently verified unique active drug; requires alias, arm and regimen review."
APMD,"Apnimed, Inc.",ad109 | placebo,PROVISIONAL_SINGLE_INTERVENTION,1,OSA,NCT05813275,https://clinicaltrials.gov/study/NCT05813275,2026-09-11,2026-09-11,"Not an independently verified unique active drug; requires alias, arm and regimen review."
APRE,"Aprea Therapeutics, Inc.",apr-246 + azacitidine | azacitidine,PROVISIONAL_SINGLE_INTERVENTION,1,MDS,NCT03745716,https://clinicaltrials.gov/study/NCT03745716,2022-07-12,2022-07-12,"Not an independently verified unique active drug; requires alias, arm and regimen review."
AQST,"Aquestive Therapeutics, Inc.","diazepam buccal soluble film 5, 7.5,10, 12.5,15 or 17.5 mg with individual dose determined according to age and weight category",PROVISIONAL_SINGLE_INTERVENTION,1,Epilepsy,NCT03428360,https://clinicaltrials.gov/study/NCT03428360,2021-08-05,2021-08-05,"Not an independently verified unique active drug; requires alias, arm and regimen review."
ARDX,"ARDELYX, INC.",azd1722 | placebo,PROVISIONAL_SINGLE_INTERVENTION,1,Constipation Predominant Irritable Bowel Syndrome,NCT01923428,https://clinicaltrials.gov/study/NCT01923428,2020-01-10,2020-01-10,"Not an independently verified unique active drug; requires alias, arm and regimen review."
ARDX,"ARDELYX, INC.",phosphate binder agents | placebo | tenapanor,PROVISIONAL_SINGLE_INTERVENTION,1,Hyperphosphatemia,NCT03824587,https://clinicaltrials.gov/study/NCT03824587,2023-03-06,2023-03-06,"Not an independently verified unique active drug; requires alias, arm and regimen review."
ARDX,"ARDELYX, INC.",placebo | sevelamer carbonate | tenapanor,PROVISIONAL_SINGLE_INTERVENTION,1,Hyperphosphatemia,NCT03427125,https://clinicaltrials.gov/study/NCT03427125,2023-06-29,2023-06-29,"Not an independently verified unique active drug; requires alias, arm and regimen review."
ARDX,"ARDELYX, INC.",placebo | tenapanor,PROVISIONAL_SINGLE_INTERVENTION,3,Constipation Predominant Irritable Bowel Syndrome | Hyperphosphatemia,NCT02621892 | NCT02675998 | NCT02686138,https://clinicaltrials.gov/study/NCT02621892 | https://clinicaltrials.gov/study/NCT02675998 | https://clinicaltrials.gov/study/NCT02686138,2020-04-13,2020-08-10,"Not an independently verified unique active drug; requires alias, arm and regimen review."
ARDX,"ARDELYX, INC.",tenapanor,PROVISIONAL_SINGLE_INTERVENTION,1,Constipation Predominant Irritable Bowel Syndrome,NCT02727751,https://clinicaltrials.gov/study/NCT02727751,2020-04-24,2020-04-24,"Not an independently verified unique active drug; requires alias, arm and regimen review."
ARQT,"Arcutis Biotherapeutics, Inc.",arq-151 0.3% cream | arq-151 vehicle cream,PROVISIONAL_SINGLE_INTERVENTION,1,Chronic Plaque Psoriasis,NCT04211389,https://clinicaltrials.gov/study/NCT04211389,2022-10-18,2022-10-18,"Not an independently verified unique active drug; requires alias, arm and regimen review."
ARQT,"Arcutis Biotherapeutics, Inc.",arq-151 cream 0.15% or arq-151 cream 0.05%,PROVISIONAL_SINGLE_INTERVENTION,1,Atopic Dermatitis Eczema,NCT04804605,https://clinicaltrials.gov/study/NCT04804605,2025-12-23,2025-12-23,"Not an independently verified unique active drug; requires alias, arm and regimen review."
ARQT,"Arcutis Biotherapeutics, Inc.",roflumilast 0.3% cream | vehicle cream,PROVISIONAL_SINGLE_INTERVENTION,1,Chronic Plaque Psoriasis,NCT04211363,https://clinicaltrials.gov/study/NCT04211363,2022-11-03,2022-11-03,"Not an independently verified unique active drug; requires alias, arm and regimen review."
ARQT,"Arcutis Biotherapeutics, Inc.",roflumilast cream 0.05% | vehicle cream,PROVISIONAL_SINGLE_INTERVENTION,1,Atopic Dermatitis Eczema,NCT04845620,https://clinicaltrials.gov/study/NCT04845620,2025-12-23,2025-12-23,"Not an independently verified unique active drug; requires alias, arm and regimen review."
ARQT,"Arcutis Biotherapeutics, Inc.",roflumilast cream 0.15% | vehicle cream,PROVISIONAL_SINGLE_INTERVENTION,1,Atopic Dermatitis Eczema,NCT04773587,https://clinicaltrials.gov/study/NCT04773587,2024-10-09,2024-10-09,"Not an independently verified unique active drug; requires alias, arm and regimen review."
ARQT,"Arcutis Biotherapeutics, Inc.",roflumilast cream | vehicle cream,PROVISIONAL_SINGLE_INTERVENTION,1,Atopic Dermatitis Eczema,NCT04773600,https://clinicaltrials.gov/study/NCT04773600,2024-10-04,2024-10-04,"Not an independently verified unique active drug; requires alias, arm and regimen review."
ARQT,"Arcutis Biotherapeutics, Inc.",roflumilast foam 0.3% | vehicle foam,PROVISIONAL_SINGLE_INTERVENTION,1,Scalp Psoriasis,NCT05028582,https://clinicaltrials.gov/study/NCT05028582,2025-07-17,2025-07-17,"Not an independently verified unique active drug; requires alias, arm and regimen review."
ARQT,"Arcutis Biotherapeutics, Inc.",roflumilast foam | vehicle foam,PROVISIONAL_SINGLE_INTERVENTION,1,Seborrheic Dermatitis,NCT04973228,https://clinicaltrials.gov/study/NCT04973228,2024-03-12,2024-03-12,"Not an independently verified unique active drug; requires alias, arm and regimen review."
ARQT,"Arcutis Biotherapeutics, Inc.",topical roflumilast,PROVISIONAL_SINGLE_INTERVENTION,1,Chronic Plaque Psoriasis,NCT04286607,https://clinicaltrials.gov/study/NCT04286607,2026-09-09,2026-09-09,"Not an independently verified unique active drug; requires alias, arm and regimen review."
ARWR,"ARROWHEAD PHARMACEUTICALS, INC.",placebo | plozasiran,PROVISIONAL_SINGLE_INTERVENTION,1,Familial Chylomicronemia,NCT05089084,https://clinicaltrials.gov/study/NCT05089084,2026-02-04,2026-02-04,"Not an independently verified unique active drug; requires alias, arm and regimen review."
ASND,Ascendis Pharma A/S,transcon hgh,PROVISIONAL_SINGLE_INTERVENTION,1,"Endocrine System Diseases | Growth Hormone Deficiency, Pediatric | Hormone Deficiency | Pituitary Diseases",NCT03344458,https://clinicaltrials.gov/study/NCT03344458,2024-05-08,2024-05-08,"Not an independently verified unique active drug; requires alias, arm and regimen review."
AUPH,Aurinia Pharmaceuticals Inc.,0.05% voclosporin ophthalmic solution (vos) | 0.10% vos | 0.20% vos | vehicle ophthalmic solution,PROVISIONAL_SINGLE_INTERVENTION,1,Dry Eye Syndrome | Keratoconjunctivitis Sicca,NCT04147650,https://clinicaltrials.gov/study/NCT04147650,2021-12-10,2021-12-10,"Not an independently verified unique active drug; requires alias, arm and regimen review."
AUPH,Aurinia Pharmaceuticals Inc.,placebo oral capsule | voclosporin,PROVISIONAL_SINGLE_INTERVENTION,2,Lupus Nephritis,NCT03021499 | NCT03597464,https://clinicaltrials.gov/study/NCT03021499 | https://clinicaltrials.gov/study/NCT03597464,2021-06-16,2022-12-14,"Not an independently verified unique active drug; requires alias, arm and regimen review."
AUPH,Aurinia Pharmaceuticals Inc.,placebo | voclosporin,PROVISIONAL_SINGLE_INTERVENTION,1,Psoriasis,NCT00244842,https://clinicaltrials.gov/study/NCT00244842,2023-03-27,2023-03-27,"Not an independently verified unique active drug; requires alias, arm and regimen review."
AVBP,ArriVent BioPharma,firmonertinib,PROVISIONAL_SINGLE_INTERVENTION,0,EGFR exon 20 insertion NSCLC,,https://www.globenewswire.com/news-release/2026/10/06/3375447/0/en/arrivent-announces-program-update-from-the-phase-3-furvent-trial-of-firmonertinib-in-first-line-egfr-exon-20-insertion-mutant-nsclc.html,2026-10-06,2026-10-06,"Not an independently verified unique active drug; requires alias, arm and regimen review."
AVIR,"Atea Pharmaceuticals, Inc.",bemnifosbuvir (bem) | placebo,PROVISIONAL_SINGLE_INTERVENTION,1,COVID-19 | Severe Acute Respiratory Syndrome Coronavirus 2 (SARS CoV 2 Infection),NCT05629962,https://clinicaltrials.gov/study/NCT05629962,2025-06-13,2025-06-13,"Not an independently verified unique active drug; requires alias, arm and regimen review."
AXSM,"Axsome Therapeutics, Inc.",axs-05 (dextromethorphan and bupropion) oral tablets,PROVISIONAL_SINGLE_INTERVENTION,1,Depression | Major Depressive Disorder | Treatment Resistant Depression,NCT04039022,https://clinicaltrials.gov/study/NCT04039022,2022-10-12,2022-10-12,"Not an independently verified unique active drug; requires alias, arm and regimen review."
AXSM,"Axsome Therapeutics, Inc.",axs-05 (dextromethorphan-bupropion),PROVISIONAL_SINGLE_INTERVENTION,1,"Agitation in Patients With Dementia of the Alzheimer's Type | Agitation, Psychomotor | Alzheimer Disease",NCT06736509,https://clinicaltrials.gov/study/NCT06736509,2026-06-25,2026-06-25,"Not an independently verified unique active drug; requires alias, arm and regimen review."
AXSM,"Axsome Therapeutics, Inc.",axs-05 | bupropion | placebo,PROVISIONAL_SINGLE_INTERVENTION,1,"Agitation in Patients With Dementia of the Alzheimer's Type | Agitation,Psychomotor | Alzheimer Disease",NCT03226522,https://clinicaltrials.gov/study/NCT03226522,2023-09-13,2023-09-13,"Not an independently verified unique active drug; requires alias, arm and regimen review."
AXSM,"Axsome Therapeutics, Inc.",axs-05 | placebo,PROVISIONAL_SINGLE_INTERVENTION,2,Agitation | Agitation in Patients With Dementia of the Alzheimer's Type | Alzheimer Disease | Depression | Major Depressive Disorder,NCT04019704 | NCT05557409,https://clinicaltrials.gov/study/NCT04019704 | https://clinicaltrials.gov/study/NCT05557409,2022-10-12,2026-08-13,"Not an independently verified unique active drug; requires alias, arm and regimen review."
AXSM,"Axsome Therapeutics, Inc.",axs-07,PROVISIONAL_SINGLE_INTERVENTION,1,Migraine,NCT04068051,https://clinicaltrials.gov/study/NCT04068051,2023-10-10,2023-10-10,"Not an independently verified unique active drug; requires alias, arm and regimen review."
AXSM,"Axsome Therapeutics, Inc.",axs-07 (moseic meloxicam and rizatriptan) | meloxicam | placebo | rizatriptan,PROVISIONAL_SINGLE_INTERVENTION,1,Migraine,NCT03896009,https://clinicaltrials.gov/study/NCT03896009,2023-08-24,2023-08-24,"Not an independently verified unique active drug; requires alias, arm and regimen review."
AXSM,"Axsome Therapeutics, Inc.",axs-07 (moseic meloxicam and rizatriptan) | placebo,PROVISIONAL_SINGLE_INTERVENTION,1,Migraine,NCT04163185,https://clinicaltrials.gov/study/NCT04163185,2026-01-28,2026-01-28,"Not an independently verified unique active drug; requires alias, arm and regimen review."
AZN,ASTRAZENECA PLC,10mg rosuvastatin | placebo,PROVISIONAL_SINGLE_INTERVENTION,1,Renal Failure,NCT00240331,https://clinicaltrials.gov/study/NCT00240331,2009-11-04,2009-11-04,"Not an independently verified unique active drug; requires alias, arm and regimen review."
AZN,ASTRAZENECA PLC,5-fluorouracil ( in folfox) | bevacizumab | cediranib | leucovorin (in folfox) | oxaliplatin (in folfox),PROVISIONAL_SINGLE_INTERVENTION,1,Colorectal Cancer,NCT00384176,https://clinicaltrials.gov/study/NCT00384176,2012-11-28,2012-11-28,"Not an independently verified unique active drug; requires alias, arm and regimen review."
AZN,ASTRAZENECA PLC,5-fluorouracil (5fu) | carboplatin | cetuximab | cisplatin | medi4736 | medi4736+tremelimumab | tremelimumab,PROVISIONAL_SINGLE_INTERVENTION,1,Squamous Cell Carcinoma of the Head and Neck,NCT02551159,https://clinicaltrials.gov/study/NCT02551159,2021-10-13,2021-10-13,"Not an independently verified unique active drug; requires alias, arm and regimen review."
AZN,ASTRAZENECA PLC,75mg selumetinib | dacarbazine | placebo,PROVISIONAL_SINGLE_INTERVENTION,1,Metastatic | Uveal Melanoma,NCT01974752,https://clinicaltrials.gov/study/NCT01974752,2016-09-28,2016-09-28,"Not an independently verified unique active drug; requires alias, arm and regimen review."
AZN,ASTRAZENECA PLC,abiraterone acetate | capivasertib,PROVISIONAL_SINGLE_INTERVENTION,1,Hormone-Sensitive Prostate Cancer,NCT04493853,https://clinicaltrials.gov/study/NCT04493853,2026-09-10,2026-09-10,"Not an independently verified unique active drug; requires alias, arm and regimen review."
AZN,ASTRAZENECA PLC,abiraterone acetate | enzalutamide | olaparib,PROVISIONAL_SINGLE_INTERVENTION,1,Metastatic Castration-resistant Prostate Cancer,NCT02987543,https://clinicaltrials.gov/study/NCT02987543,2020-10-12,2020-10-12,"Not an independently verified unique active drug; requires alias, arm and regimen review."
AZN,ASTRAZENECA PLC,abiraterone acetate | olaparib,PROVISIONAL_SINGLE_INTERVENTION,2,Metastatic Castration-resistant Prostate Cancer,NCT03732820 | NCT05171816,https://clinicaltrials.gov/study/NCT03732820 | https://clinicaltrials.gov/study/NCT05171816,2023-06-15,2025-06-29,"Not an independently verified unique active drug; requires alias, arm and regimen review."
AZN,ASTRAZENECA PLC,abraxane + carboplatin | durvalumab | gemcitabine + carboplatin | gemcitabine + cisplatin | pemetrexed + carboplatin | pemetrexed + cisplatin | tremelimumab,PROVISIONAL_SINGLE_INTERVENTION,1,Non Small Cell Lung Cancer NSCLC,NCT03164616,https://clinicaltrials.gov/study/NCT03164616,2022-04-07,2022-04-07,"Not an independently verified unique active drug; requires alias, arm and regimen review."
AZN,ASTRAZENECA PLC,abt-143 | simvastatin,PROVISIONAL_SINGLE_INTERVENTION,1,"Dyslipidemia, Hypercholesterolemia, Hypertriglyceridemia",NCT00812955,https://clinicaltrials.gov/study/NCT00812955,2012-08-01,2012-08-01,"Not an independently verified unique active drug; requires alias, arm and regimen review."
AZN,ASTRAZENECA PLC,abt-335 plus rosuvastatin | rosuvastatin,PROVISIONAL_SINGLE_INTERVENTION,1,Dyslipidemia | Kidney Disease,NCT00680017,https://clinicaltrials.gov/study/NCT00680017,2012-07-16,2012-07-16,"Not an independently verified unique active drug; requires alias, arm and regimen review."
AZN,ASTRAZENECA PLC,abt-335 | abt-335 and rosuvastatin calcium | rosuvastatin calcium,PROVISIONAL_SINGLE_INTERVENTION,1,Dyslipidemia | Hypercholesterolemia,NCT00463606,https://clinicaltrials.gov/study/NCT00463606,2012-08-01,2012-08-01,"Not an independently verified unique active drug; requires alias, arm and regimen review."
AZN,ASTRAZENECA PLC,acalabrutinib,PROVISIONAL_SINGLE_INTERVENTION,1,Chronic Lymphocytic Leukemia,NCT04008706,https://clinicaltrials.gov/study/NCT04008706,2026-09-01,2026-09-01,"Not an independently verified unique active drug; requires alias, arm and regimen review."
AZN,ASTRAZENECA PLC,acalabrutinib | chlorambucil | rituximab,PROVISIONAL_SINGLE_INTERVENTION,1,Untreated Chronic Lymphocytic Leukemia,NCT04075292,https://clinicaltrials.gov/study/NCT04075292,2025-01-30,2025-01-30,"Not an independently verified unique active drug; requires alias, arm and regimen review."
AZN,ASTRAZENECA PLC,acetylsalicylic acid (asa) | ticagrelor,PROVISIONAL_SINGLE_INTERVENTION,1,Acute Ischaemic Stroke | Transient Ischaemic Attack,NCT01994720,https://clinicaltrials.gov/study/NCT01994720,2017-06-12,2017-06-12,"Not an independently verified unique active drug; requires alias, arm and regimen review."
AZN,ASTRAZENECA PLC,acetylsalicylic acid asa | clopidogrel | ticagrelor,PROVISIONAL_SINGLE_INTERVENTION,1,Acute Coronary Syndrome | Percutaneous Coronary Intervention,NCT01294462,https://clinicaltrials.gov/study/NCT01294462,2014-05-02,2014-05-02,"Not an independently verified unique active drug; requires alias, arm and regimen review."
AZN,ASTRAZENECA PLC,aclidinium bromide,PROVISIONAL_SINGLE_INTERVENTION,1,Chronic Obstructive Pulmonary Disease,NCT00970268,https://clinicaltrials.gov/study/NCT00970268,2012-09-14,2012-09-14,"Not an independently verified unique active drug; requires alias, arm and regimen review."
AZN,ASTRAZENECA PLC,aclidinium bromide / formoterol fumarate | salmeterol / fluticasone,PROVISIONAL_SINGLE_INTERVENTION,1,Chronic Obstructive Pulmonary Disease (COPD),NCT01908140,https://clinicaltrials.gov/study/NCT01908140,2016-03-07,2016-03-07,"Not an independently verified unique active drug; requires alias, arm and regimen review."
AZN,ASTRAZENECA PLC,aclidinium bromide 200 µg | aclidinium bromide 400 µg,PROVISIONAL_SINGLE_INTERVENTION,1,Chronic Obstructive Pulmonary Disease,NCT01044459,https://clinicaltrials.gov/study/NCT01044459,2012-09-13,2012-09-13,"Not an independently verified unique active drug; requires alias, arm and regimen review."
AZN,ASTRAZENECA PLC,aclidinium bromide 200 μg bid | aclidinium bromide 400 μg bid | placebo,PROVISIONAL_SINGLE_INTERVENTION,1,Chronic Obstructive Pulmonary Disease (COPD),NCT01001494,https://clinicaltrials.gov/study/NCT01001494,2012-09-17,2012-09-17,"Not an independently verified unique active drug; requires alias, arm and regimen review."
AZN,ASTRAZENECA PLC,aclidinium bromide 400 μg (ab 400 μg) | aclidinium bromide 400 μg/formoterol fumarate 12 μg (ab/ff 400/12 μg) | formoterol fumarate 12 μg (ff 12 μg) | tiotropium 18 μg (tio 18 μg),PROVISIONAL_SINGLE_INTERVENTION,1,Chronic Obstructive Pulmonary Disease,NCT02796677,https://clinicaltrials.gov/study/NCT02796677,2018-11-09,2018-11-09,"Not an independently verified unique active drug; requires alias, arm and regimen review."
AZN,ASTRAZENECA PLC,aclidinium bromide | aclidinium bromide/formoterol fixed-dose combination (fdc) | formoterol fumarate | placebo,PROVISIONAL_SINGLE_INTERVENTION,1,Chronic Obstructive Pulmonary Disease,NCT01572792,https://clinicaltrials.gov/study/NCT01572792,2017-04-21,2017-04-21,"Not an independently verified unique active drug; requires alias, arm and regimen review."
AZN,ASTRAZENECA PLC,aclidinium bromide | aclidinium bromide/formoterol fixed-dose combination | formoterol fumarate | placebo,PROVISIONAL_SINGLE_INTERVENTION,1,COPD,NCT03022097,https://clinicaltrials.gov/study/NCT03022097,2025-03-26,2025-03-26,"Not an independently verified unique active drug; requires alias, arm and regimen review."
AZN,ASTRAZENECA PLC,aclidinium bromide | aclidinium bromide/formoterol fumarate | formoterol fumarate | placebo,PROVISIONAL_SINGLE_INTERVENTION,2,Chronic Obstructive Pulmonary Disease | Chronic Obstructive Pulmonary Disease (COPD),NCT01437397 | NCT01462942,https://clinicaltrials.gov/study/NCT01437397 | https://clinicaltrials.gov/study/NCT01462942,2017-02-15,2017-03-23,"Not an independently verified unique active drug; requires alias, arm and regimen review."
AZN,ASTRAZENECA PLC,aclidinium bromide | placebo,PROVISIONAL_SINGLE_INTERVENTION,6,"Chronic Obstructive Pulmonary Disease | Chronic Obstructive Pulmonary Disease (COPD) | Pulmonary Disease, Chronic Obstructive",NCT00358436 | NCT00363896 | NCT00500318 | NCT00891462 | NCT01045161 | NCT01471171,https://clinicaltrials.gov/study/NCT00358436 | https://clinicaltrials.gov/study/NCT00363896 | https://clinicaltrials.gov/study/NCT00500318 | https://clinicaltrials.gov/study/NCT00891462 | https://clinicaltrials.gov/study/NCT01045161 | https://clinicaltrials.gov/study/NCT01471171,2012-09-13,2015-12-09,"Not an independently verified unique active drug; requires alias, arm and regimen review."
AZN,ASTRAZENECA PLC,aclidinium bromide | placebo | tiotropium,PROVISIONAL_SINGLE_INTERVENTION,1,Chronic Obstructive Pulmonary Disease (COPD),NCT01462929,https://clinicaltrials.gov/study/NCT01462929,2013-05-22,2013-05-22,"Not an independently verified unique active drug; requires alias, arm and regimen review."
AZN,ASTRAZENECA PLC,aclidinium bromide/formoterol fumarate | formoterol fumarate,PROVISIONAL_SINGLE_INTERVENTION,1,Chronic Obstructive Pulmonary Disease,NCT01437540,https://clinicaltrials.gov/study/NCT01437540,2017-05-11,2017-05-11,"Not an independently verified unique active drug; requires alias, arm and regimen review."
AZN,ASTRAZENECA PLC,active comparator: olaparib tablets | placebo,PROVISIONAL_SINGLE_INTERVENTION,1,Epithelial Ovarian Cancer,NCT03106987,https://clinicaltrials.gov/study/NCT03106987,2022-04-19,2022-04-19,"Not an independently verified unique active drug; requires alias, arm and regimen review."
AZN,ASTRAZENECA PLC,anastrazole (arimidex) | goserelin acetate (zoladex) | tamoxifen,PROVISIONAL_SINGLE_INTERVENTION,1,Breast Cancer,NCT00605267,https://clinicaltrials.gov/study/NCT00605267,2012-09-06,2012-09-06,"Not an independently verified unique active drug; requires alias, arm and regimen review."
AZN,ASTRAZENECA PLC,anastrozole,PROVISIONAL_SINGLE_INTERVENTION,1,Breast Cancer,NCT00295620,https://clinicaltrials.gov/study/NCT00295620,2019-10-02,2019-10-02,"Not an independently verified unique active drug; requires alias, arm and regimen review."
AZN,ASTRAZENECA PLC,anastrozole | fulvestrant,PROVISIONAL_SINGLE_INTERVENTION,1,Breast Cancer,NCT00256698,https://clinicaltrials.gov/study/NCT00256698,2011-02-09,2011-02-09,"Not an independently verified unique active drug; requires alias, arm and regimen review."
AZN,ASTRAZENECA PLC,anifrolumab | placebo,PROVISIONAL_SINGLE_INTERVENTION,4,Active Systemic Lupus Erythematosus,NCT02446899 | NCT02446912 | NCT02794285 | NCT04931563,https://clinicaltrials.gov/study/NCT02446899 | https://clinicaltrials.gov/study/NCT02446912 | https://clinicaltrials.gov/study/NCT02794285 | https://clinicaltrials.gov/study/NCT04931563,2019-12-05,2026-05-20,"Not an independently verified unique active drug; requires alias, arm and regimen review."
AZN,ASTRAZENECA PLC,arimidex 1mg | arimidex dummy | faslodex 500mg | faslodex dummy,PROVISIONAL_SINGLE_INTERVENTION,1,Hormone Receptor Positive Breast Cancer,NCT01602380,https://clinicaltrials.gov/study/NCT01602380,2017-05-17,2017-05-17,"Not an independently verified unique active drug; requires alias, arm and regimen review."
AZN,ASTRAZENECA PLC,atorvastatin | rosuvastatin,PROVISIONAL_SINGLE_INTERVENTION,2,Coronary Atherosclerosis | Hypercholesterolemia,NCT00620542 | NCT00683618,https://clinicaltrials.gov/study/NCT00620542 | https://clinicaltrials.gov/study/NCT00683618,2012-03-12,2012-06-25,"Not an independently verified unique active drug; requires alias, arm and regimen review."
AZN,ASTRAZENECA PLC,azd0585 | azd0585 placebo,PROVISIONAL_SINGLE_INTERVENTION,1,Hypertriglyceridemia,NCT02463071,https://clinicaltrials.gov/study/NCT02463071,2018-10-01,2018-10-01,"Not an independently verified unique active drug; requires alias, arm and regimen review."
AZN,ASTRAZENECA PLC,azd1152 | ldac,PROVISIONAL_SINGLE_INTERVENTION,1,Acute Myeloid Leukemia,NCT00952588,https://clinicaltrials.gov/study/NCT00952588,2014-03-31,2014-03-31,"Not an independently verified unique active drug; requires alias, arm and regimen review."
AZN,ASTRAZENECA PLC,azd1222 | azd2816,PROVISIONAL_SINGLE_INTERVENTION,1,COVID-19 | SARS-CoV-2,NCT04973449,https://clinicaltrials.gov/study/NCT04973449,2024-09-19,2024-09-19,"Not an independently verified unique active drug; requires alias, arm and regimen review."
AZN,ASTRAZENECA PLC,azd1222 | placebo,PROVISIONAL_SINGLE_INTERVENTION,1,COVID-19 | SARS-CoV-2,NCT04516746,https://clinicaltrials.gov/study/NCT04516746,2022-04-01,2022-04-01,"Not an independently verified unique active drug; requires alias, arm and regimen review."
AZN,ASTRAZENECA PLC,azd3152 (parent study main cohort) | azd3152 (sub-study) | azd5156 (parent study sentinel safety cohort) | azd7442 (evusheld™) (sub-study) immunocompromised participants offered azd3152 | azd7442 - evusheld™ (sub-study) | evusheld™ (parent study main cohort) | placebo (parent study main cohort) | placebo (parent study sentinel safety cohort),PROVISIONAL_SINGLE_INTERVENTION,1,"COVID-19, SARS-CoV-2",NCT05648110,https://clinicaltrials.gov/study/NCT05648110,2026-06-18,2026-06-18,"Not an independently verified unique active drug; requires alias, arm and regimen review."
AZN,ASTRAZENECA PLC,azd4831,PROVISIONAL_SINGLE_INTERVENTION,1,Heart Failure With Preserved Ejection Fraction,NCT04986202,https://clinicaltrials.gov/study/NCT04986202,2025-08-27,2025-08-27,"Not an independently verified unique active drug; requires alias, arm and regimen review."
AZN,ASTRAZENECA PLC,azd7442 | placebo,PROVISIONAL_SINGLE_INTERVENTION,3,COVID-19,NCT04625725 | NCT04625972 | NCT04723394,https://clinicaltrials.gov/study/NCT04625725 | https://clinicaltrials.gov/study/NCT04625972 | https://clinicaltrials.gov/study/NCT04723394,2022-10-25,2022-12-20,"Not an independently verified unique active drug; requires alias, arm and regimen review."
AZN,ASTRAZENECA PLC,azd9291 80 mg/40 mg + placebo | erlotinib 150/100 mg | gefitinib 250 mg | placebo azd9291 80 mg/ 40 mg | placebo erlotinib 150/100mg | placebo gefitinib 250 mg,PROVISIONAL_SINGLE_INTERVENTION,1,Locally Advanced or Metastatic EGFR Sensitising Mutation Positive Non Small Cell Lung Cancer,NCT02296125,https://clinicaltrials.gov/study/NCT02296125,2018-11-06,2018-11-06,"Not an independently verified unique active drug; requires alias, arm and regimen review."
AZN,ASTRAZENECA PLC,azd9291 80 mg/40 mg | open-label azd9291 80 mg/40 mg | placebo azd9291 80 mg/40 mg,PROVISIONAL_SINGLE_INTERVENTION,1,Stage IB-IIIA Non-small Cell Lung Carcinoma,NCT02511106,https://clinicaltrials.gov/study/NCT02511106,2021-07-27,2021-07-27,"Not an independently verified unique active drug; requires alias, arm and regimen review."
AZN,ASTRAZENECA PLC,azd9291 dosing,PROVISIONAL_SINGLE_INTERVENTION,2,Lung Cancer,NCT02474355 | NCT02997501,https://clinicaltrials.gov/study/NCT02474355 | https://clinicaltrials.gov/study/NCT02997501,2021-10-25,2024-03-04,"Not an independently verified unique active drug; requires alias, arm and regimen review."
AZN,ASTRAZENECA PLC,azd9291 | medi4736,PROVISIONAL_SINGLE_INTERVENTION,1,Locally Advanced or Metastatic EGFR T790M+ NSCLC,NCT02454933,https://clinicaltrials.gov/study/NCT02454933,2018-08-10,2018-08-10,"Not an independently verified unique active drug; requires alias, arm and regimen review."
AZN,ASTRAZENECA PLC,baxdrostat | placebo,PROVISIONAL_SINGLE_INTERVENTION,2,Resistant Hypertension | Resistant Hypertension | Uncontrolled Hypertension,NCT06034743 | NCT06168409,https://clinicaltrials.gov/study/NCT06034743 | https://clinicaltrials.gov/study/NCT06168409,2026-07-30,2026-08-06,"Not an independently verified unique active drug; requires alias, arm and regimen review."
AZN,ASTRAZENECA PLC,bd mdi 160 μg bid (320 μg/day) | bff mdi 160/9.6 μg bid (320/19.2μg/day),PROVISIONAL_SINGLE_INTERVENTION,1,Asthma,NCT05755906,https://clinicaltrials.gov/study/NCT05755906,2026-01-28,2026-01-28,"Not an independently verified unique active drug; requires alias, arm and regimen review."
AZN,ASTRAZENECA PLC,bd mdi 320 μg | bff mdi 160/9.6 μg | bff mdi 320/9.6 μg | open-label symbicort tbh 320/9 μg,PROVISIONAL_SINGLE_INTERVENTION,1,Asthma,NCT05202262,https://clinicaltrials.gov/study/NCT05202262,2026-01-28,2026-01-28,"Not an independently verified unique active drug; requires alias, arm and regimen review."
AZN,ASTRAZENECA PLC,benralizumab,PROVISIONAL_SINGLE_INTERVENTION,8,Asthma | Severe Uncontrolled Asthma,NCT02258542 | NCT02417961 | NCT02808819 | NCT02821416 | NCT02869438 | NCT02918071 | NCT03557307 | NCT04305405,https://clinicaltrials.gov/study/NCT02258542 | https://clinicaltrials.gov/study/NCT02417961 | https://clinicaltrials.gov/study/NCT02808819 | https://clinicaltrials.gov/study/NCT02821416 | https://clinicaltrials.gov/study/NCT02869438 | https://clinicaltrials.gov/study/NCT02918071 | https://clinicaltrials.gov/study/NCT03557307 | https://clinicaltrials.gov/study/NCT04305405,2017-06-12,2023-05-18,"Not an independently verified unique active drug; requires alias, arm and regimen review."
AZN,ASTRAZENECA PLC,benralizumab (medi-563) | placebo,PROVISIONAL_SINGLE_INTERVENTION,1,Asthma,NCT03170271,https://clinicaltrials.gov/study/NCT03170271,2020-12-16,2020-12-16,"Not an independently verified unique active drug; requires alias, arm and regimen review."
AZN,ASTRAZENECA PLC,benralizumab 30 mg sc + mometasone furoate | matching placebo sc + mometasone furoate,PROVISIONAL_SINGLE_INTERVENTION,1,Nasal Polyposis,NCT03401229,https://clinicaltrials.gov/study/NCT03401229,2021-10-12,2021-10-12,"Not an independently verified unique active drug; requires alias, arm and regimen review."
AZN,ASTRAZENECA PLC,benralizumab 30 mg | matched placebo,PROVISIONAL_SINGLE_INTERVENTION,1,Eosinophilic Chronic Rhinosinusitis | Nasal Polyposis,NCT04157335,https://clinicaltrials.gov/study/NCT04157335,2026-02-19,2026-02-19,"Not an independently verified unique active drug; requires alias, arm and regimen review."
AZN,ASTRAZENECA PLC,benralizumab arm a | benralizumab arm b | benralizumab arm c | placebo,PROVISIONAL_SINGLE_INTERVENTION,1,Moderate to Very Severe Chronic Obstructive Pulmonary Disease,NCT02155660,https://clinicaltrials.gov/study/NCT02155660,2019-06-26,2019-06-26,"Not an independently verified unique active drug; requires alias, arm and regimen review."
AZN,ASTRAZENECA PLC,benralizumab arm a | benralizumab arm b | placebo,PROVISIONAL_SINGLE_INTERVENTION,1,Moderate to Very Severe Chronic Obstructive Pulmonary Disease,NCT02138916,https://clinicaltrials.gov/study/NCT02138916,2019-06-13,2019-06-13,"Not an independently verified unique active drug; requires alias, arm and regimen review."
AZN,ASTRAZENECA PLC,benralizumab | benralizumab placebo | seasonal influenza virus vaccine,PROVISIONAL_SINGLE_INTERVENTION,1,Asthma,NCT02814643,https://clinicaltrials.gov/study/NCT02814643,2018-03-01,2018-03-01,"Not an independently verified unique active drug; requires alias, arm and regimen review."
AZN,ASTRAZENECA PLC,benralizumab | matching placebo,PROVISIONAL_SINGLE_INTERVENTION,1,Eosinophilic Esophagitis,NCT04543409,https://clinicaltrials.gov/study/NCT04543409,2023-11-18,2023-11-18,"Not an independently verified unique active drug; requires alias, arm and regimen review."
AZN,ASTRAZENECA PLC,benralizumab | mepolizumab | placebo to benralizumab | placebo to mepolizumab,PROVISIONAL_SINGLE_INTERVENTION,1,Eosinophilic Granulomatous Vasculitis,NCT04157348,https://clinicaltrials.gov/study/NCT04157348,2025-01-14,2025-01-14,"Not an independently verified unique active drug; requires alias, arm and regimen review."
AZN,ASTRAZENECA PLC,benralizumab | placebo,PROVISIONAL_SINGLE_INTERVENTION,9,Asthma | Bullous Pemphigoid | Eosinophilic Gastritis | Eosinophilic Gastroenteritis | Hypereosinophilic Syndrome,NCT01914757 | NCT01928771 | NCT01947946 | NCT02075255 | NCT02322775 | NCT03186209 | NCT04191304 | NCT04612790 | NCT05251909,https://clinicaltrials.gov/study/NCT01914757 | https://clinicaltrials.gov/study/NCT01928771 | https://clinicaltrials.gov/study/NCT01947946 | https://clinicaltrials.gov/study/NCT02075255 | https://clinicaltrials.gov/study/NCT02322775 | https://clinicaltrials.gov/study/NCT03186209 | https://clinicaltrials.gov/study/NCT04191304 | https://clinicaltrials.gov/study/NCT04612790 | https://clinicaltrials.gov/study/NCT05251909,2015-11-23,2026-07-10,"Not an independently verified unique active drug; requires alias, arm and regimen review."
AZN,ASTRAZENECA PLC,benralizumab | placebo to benralizumab,PROVISIONAL_SINGLE_INTERVENTION,1,Non-cystic Fibrosis Bronchiectasis,NCT05006573,https://clinicaltrials.gov/study/NCT05006573,2025-07-20,2025-07-20,"Not an independently verified unique active drug; requires alias, arm and regimen review."
AZN,ASTRAZENECA PLC,bevacizumab | carboplatin+paclitaxel | durvalumab | durvalumab placebo | olaparib | placebo olaparib,PROVISIONAL_SINGLE_INTERVENTION,1,Advanced Ovarian Cancer,NCT03737643,https://clinicaltrials.gov/study/NCT03737643,2026-06-09,2026-06-09,"Not an independently verified unique active drug; requires alias, arm and regimen review."
AZN,ASTRAZENECA PLC,bff mdi 320/9.6 μg | bff pmdi 320/9 μg | bgf mdi 320/14.4/9.6 μg | bgf mdi 320/28.8/9.6 μg,PROVISIONAL_SINGLE_INTERVENTION,2,Asthma,NCT04609878 | NCT04609904,https://clinicaltrials.gov/study/NCT04609878 | https://clinicaltrials.gov/study/NCT04609904,2026-06-30,2026-07-02,"Not an independently verified unique active drug; requires alias, arm and regimen review."
AZN,ASTRAZENECA PLC,bgf mdi hfa 320/14.4/9.6 μg | bgf mdi hfo 320/14.4/9.6 μg,PROVISIONAL_SINGLE_INTERVENTION,1,Chronic Obstructive Pulmonary Disease (COPD),NCT05573464,https://clinicaltrials.gov/study/NCT05573464,2025-09-19,2025-09-19,"Not an independently verified unique active drug; requires alias, arm and regimen review."
AZN,ASTRAZENECA PLC,biological: experimental: tezepelumab,PROVISIONAL_SINGLE_INTERVENTION,1,Severe Asthma,NCT04048343,https://clinicaltrials.gov/study/NCT04048343,2022-06-01,2022-06-01,"Not an independently verified unique active drug; requires alias, arm and regimen review."
AZN,ASTRAZENECA PLC,biphasic insulin aspart | exenatide,PROVISIONAL_SINGLE_INTERVENTION,1,"Diabetes Mellitus, Type 2",NCT00082407,https://clinicaltrials.gov/study/NCT00082407,2013-07-31,2013-07-31,"Not an independently verified unique active drug; requires alias, arm and regimen review."
AZN,ASTRAZENECA PLC,brazikumab high dose | brazikumab low dose | humira® | placebo,PROVISIONAL_SINGLE_INTERVENTION,1,Crohn's Disease | IBD,NCT03759288,https://clinicaltrials.gov/study/NCT03759288,2026-06-23,2026-06-23,"Not an independently verified unique active drug; requires alias, arm and regimen review."
AZN,ASTRAZENECA PLC,brazikumab induction dose | brazikumab maintenance dose,PROVISIONAL_SINGLE_INTERVENTION,1,Crohn's Disease | IBD,NCT03961815,https://clinicaltrials.gov/study/NCT03961815,2026-04-01,2026-04-01,"Not an independently verified unique active drug; requires alias, arm and regimen review."
AZN,ASTRAZENECA PLC,budesonide bid + terbutaline 'as needed' | budesonide/formoterol 'as needed' + budesonide placebo bid | terbutaline 'as needed' + placebo budesonide bid,PROVISIONAL_SINGLE_INTERVENTION,1,Asthma,NCT02149199,https://clinicaltrials.gov/study/NCT02149199,2019-09-13,2019-09-13,"Not an independently verified unique active drug; requires alias, arm and regimen review."
AZN,ASTRAZENECA PLC,budesonide cfc | budesonide hfa,PROVISIONAL_SINGLE_INTERVENTION,1,Asthma,NCT00667992,https://clinicaltrials.gov/study/NCT00667992,2012-11-07,2012-11-07,"Not an independently verified unique active drug; requires alias, arm and regimen review."
AZN,ASTRAZENECA PLC,budesonide hfa pmdi | budesonide/formoterol (symbicort) pmdi,PROVISIONAL_SINGLE_INTERVENTION,2,Asthma,NCT00419757 | NCT00419952,https://clinicaltrials.gov/study/NCT00419757 | https://clinicaltrials.gov/study/NCT00419952,2012-08-27,2012-10-30,"Not an independently verified unique active drug; requires alias, arm and regimen review."
AZN,ASTRAZENECA PLC,budesonide | conventional asthma therapy,PROVISIONAL_SINGLE_INTERVENTION,1,Asthma,NCT00509028,https://clinicaltrials.gov/study/NCT00509028,2012-08-27,2012-08-27,"Not an independently verified unique active drug; requires alias, arm and regimen review."
AZN,ASTRAZENECA PLC,budesonide | pulmicort turbuhaler,PROVISIONAL_SINGLE_INTERVENTION,1,Asthma,NCT00855959,https://clinicaltrials.gov/study/NCT00855959,2011-03-11,2011-03-11,"Not an independently verified unique active drug; requires alias, arm and regimen review."
AZN,ASTRAZENECA PLC,budesonide | symbicort,PROVISIONAL_SINGLE_INTERVENTION,1,Asthma,NCT01360021,https://clinicaltrials.gov/study/NCT01360021,2014-03-11,2014-03-11,"Not an independently verified unique active drug; requires alias, arm and regimen review."
AZN,ASTRAZENECA PLC,budesonide/albuterol metered-dose inhaler 160/180 μg | placebo metered-dose inhaler,PROVISIONAL_SINGLE_INTERVENTION,1,"Asthma, Exercise-Induced",NCT06245551,https://clinicaltrials.gov/study/NCT06245551,2025-08-27,2025-08-27,"Not an independently verified unique active drug; requires alias, arm and regimen review."
AZN,ASTRAZENECA PLC,budesonide/formoterol 'as needed' + budesonide placebo bid | budesonode bid + terbutaline 'as needed',PROVISIONAL_SINGLE_INTERVENTION,1,Asthma,NCT02224157,https://clinicaltrials.gov/study/NCT02224157,2019-11-25,2019-11-25,"Not an independently verified unique active drug; requires alias, arm and regimen review."
AZN,ASTRAZENECA PLC,budesonide/formoterol (symbicort turbuhaler) | formoterol (oxis turbuhaler),PROVISIONAL_SINGLE_INTERVENTION,1,Chronic Obstructive Pulmonary Disease,NCT01069289,https://clinicaltrials.gov/study/NCT01069289,2012-10-25,2012-10-25,"Not an independently verified unique active drug; requires alias, arm and regimen review."
AZN,ASTRAZENECA PLC,budesonide/formoterol (symbicort) pmdi | formoterol turbuhaler,PROVISIONAL_SINGLE_INTERVENTION,1,Chronic Obstructive Pulmonary Disease,NCT00419744,https://clinicaltrials.gov/study/NCT00419744,2010-09-16,2010-09-16,"Not an independently verified unique active drug; requires alias, arm and regimen review."
AZN,ASTRAZENECA PLC,budesonide/formoterol pmdi 40/2.25 ug | budesonide/formoterol pmdi 40/2.25ug + spacer,PROVISIONAL_SINGLE_INTERVENTION,1,Asthma,NCT00536913,https://clinicaltrials.gov/study/NCT00536913,2012-02-27,2012-02-27,"Not an independently verified unique active drug; requires alias, arm and regimen review."
AZN,ASTRAZENECA PLC,candesartan,PROVISIONAL_SINGLE_INTERVENTION,2,Type 1 Diabetes | Type 2 Diabetes,NCT00252694 | NCT00252720,https://clinicaltrials.gov/study/NCT00252694 | https://clinicaltrials.gov/study/NCT00252720,2014-06-03,2014-06-06,"Not an independently verified unique active drug; requires alias, arm and regimen review."
AZN,ASTRAZENECA PLC,candesartan cilexetil,PROVISIONAL_SINGLE_INTERVENTION,2,Hypertension | Type 1 Diabetes,NCT00252733 | NCT00690612,https://clinicaltrials.gov/study/NCT00252733 | https://clinicaltrials.gov/study/NCT00690612,2011-06-29,2012-04-13,"Not an independently verified unique active drug; requires alias, arm and regimen review."
AZN,ASTRAZENECA PLC,candesartan cilexetil (atacand),PROVISIONAL_SINGLE_INTERVENTION,1,Hypertension,NCT00244621,https://clinicaltrials.gov/study/NCT00244621,2009-09-15,2009-09-15,"Not an independently verified unique active drug; requires alias, arm and regimen review."
AZN,ASTRAZENECA PLC,candesartan cilexetil | candesartan/hct 32/25 mg | hydrochlorothiazide,PROVISIONAL_SINGLE_INTERVENTION,1,Hypertension,NCT00434967,https://clinicaltrials.gov/study/NCT00434967,2009-06-17,2009-06-17,"Not an independently verified unique active drug; requires alias, arm and regimen review."
AZN,ASTRAZENECA PLC,capecitabine | dato-dxd | eribulin | gemcitabine | vinorelbine,PROVISIONAL_SINGLE_INTERVENTION,1,Breast Cancer,NCT05104866,https://clinicaltrials.gov/study/NCT05104866,2026-02-04,2026-02-04,"Not an independently verified unique active drug; requires alias, arm and regimen review."
AZN,ASTRAZENECA PLC,capecitabine | nab-paclitaxel | paclitaxel | trastuzumab deruxtecan,PROVISIONAL_SINGLE_INTERVENTION,1,Advanced or Metastatic Breast Cancer,NCT04494425,https://clinicaltrials.gov/study/NCT04494425,2025-04-02,2025-04-02,"Not an independently verified unique active drug; requires alias, arm and regimen review."
AZN,ASTRAZENECA PLC,capivasertib | fulvestrant | placebo,PROVISIONAL_SINGLE_INTERVENTION,1,Locally Advanced (Inoperable) or Metastatic Breast Cancer,NCT04305496,https://clinicaltrials.gov/study/NCT04305496,2025-10-27,2025-10-27,"Not an independently verified unique active drug; requires alias, arm and regimen review."
AZN,ASTRAZENECA PLC,carboplatin | cisplatin | durvalumab,PROVISIONAL_SINGLE_INTERVENTION,1,Locally Advanced Cervical Cancer,NCT03830866,https://clinicaltrials.gov/study/NCT03830866,2023-03-06,2023-03-06,"Not an independently verified unique active drug; requires alias, arm and regimen review."
AZN,ASTRAZENECA PLC,carboplatin | cisplatin | durvalumab | etoposide,PROVISIONAL_SINGLE_INTERVENTION,2,Extensive-stage Small Cell Lung Cancer | Small Cell Lung Carcinoma Extensive Disease,NCT04712903 | NCT04774380,https://clinicaltrials.gov/study/NCT04712903 | https://clinicaltrials.gov/study/NCT04774380,2024-08-20,2025-01-07,"Not an independently verified unique active drug; requires alias, arm and regimen review."
AZN,ASTRAZENECA PLC,carboplatin | cisplatin | durvalumab | etoposide | tremelimumab,PROVISIONAL_SINGLE_INTERVENTION,1,Small Cell Lung Carcinoma Extensive Disease,NCT03043872,https://clinicaltrials.gov/study/NCT03043872,2021-03-04,2021-03-04,"Not an independently verified unique active drug; requires alias, arm and regimen review."
AZN,ASTRAZENECA PLC,carboplatin | cisplatin | gemcitabine | medi4736 (durvalumab) | tremelimumab,PROVISIONAL_SINGLE_INTERVENTION,1,Urothelial Cancer,NCT02516241,https://clinicaltrials.gov/study/NCT02516241,2021-05-13,2021-05-13,"Not an independently verified unique active drug; requires alias, arm and regimen review."
AZN,ASTRAZENECA PLC,carboplatin | cisplatin | osimertinib | pemetrexed | placebo,PROVISIONAL_SINGLE_INTERVENTION,1,Non-Small Cell Lung Cancer,NCT04351555,https://clinicaltrials.gov/study/NCT04351555,2026-06-05,2026-06-05,"Not an independently verified unique active drug; requires alias, arm and regimen review."
AZN,ASTRAZENECA PLC,carboplatin | gefitinib | paclitaxel,PROVISIONAL_SINGLE_INTERVENTION,1,Non-Small Cell Lung Cancer,NCT00322452,https://clinicaltrials.gov/study/NCT00322452,2010-05-17,2010-05-17,"Not an independently verified unique active drug; requires alias, arm and regimen review."
AZN,ASTRAZENECA PLC,carboplatin | paclitaxel | durvalumab | durvalumab placebo | olaparib | olaparib placebo,PROVISIONAL_SINGLE_INTERVENTION,1,Endometrial Neoplasms,NCT04269200,https://clinicaltrials.gov/study/NCT04269200,2025-12-23,2025-12-23,"Not an independently verified unique active drug; requires alias, arm and regimen review."
AZN,ASTRAZENECA PLC,carboplatin/ paclitaxel | cisplatin/ etoposide | durvalumab | pemetrexed/ carboplatin | pemetrexed/ cisplatin,PROVISIONAL_SINGLE_INTERVENTION,1,Non-Small Cell Lung Cancer,NCT03519971,https://clinicaltrials.gov/study/NCT03519971,2025-01-07,2025-01-07,"Not an independently verified unique active drug; requires alias, arm and regimen review."
AZN,ASTRAZENECA PLC,"cediranib | cediranib placebo | folfox (5-fluorouracil, leucovorin, oxaliplatin) | xelox (capecitabine and oxaliplatin)",PROVISIONAL_SINGLE_INTERVENTION,1,Metastatic Colorectal Cancer,NCT00399035,https://clinicaltrials.gov/study/NCT00399035,2012-10-30,2012-10-30,"Not an independently verified unique active drug; requires alias, arm and regimen review."
AZN,ASTRAZENECA PLC,cediranib | lomustine chemotherapy | placebo cediranib,PROVISIONAL_SINGLE_INTERVENTION,1,Recurrent Glioblastoma,NCT00777153,https://clinicaltrials.gov/study/NCT00777153,2012-12-21,2012-12-21,"Not an independently verified unique active drug; requires alias, arm and regimen review."
AZN,ASTRAZENECA PLC,cetuximab | monalizumab,PROVISIONAL_SINGLE_INTERVENTION,1,Squamous Cell Carcinoma of the Head and Neck,NCT04590963,https://clinicaltrials.gov/study/NCT04590963,2023-11-18,2023-11-18,"Not an independently verified unique active drug; requires alias, arm and regimen review."
AZN,ASTRAZENECA PLC,chemotherapy | cross-over to osimertinib,PROVISIONAL_SINGLE_INTERVENTION,1,Anticancer Treatment,NCT02151981,https://clinicaltrials.gov/study/NCT02151981,2017-07-21,2017-07-21,"Not an independently verified unique active drug; requires alias, arm and regimen review."
AZN,ASTRAZENECA PLC,chlorpromazine | quetiapine fumarate (seroquel) extended-release (xr),PROVISIONAL_SINGLE_INTERVENTION,1,Schizophrenia,NCT00882518,https://clinicaltrials.gov/study/NCT00882518,2012-05-15,2012-05-15,"Not an independently verified unique active drug; requires alias, arm and regimen review."
AZN,ASTRAZENECA PLC,ciclesonide,PROVISIONAL_SINGLE_INTERVENTION,1,Bronchial Asthma,NCT01455194,https://clinicaltrials.gov/study/NCT01455194,2016-10-25,2016-10-25,"Not an independently verified unique active drug; requires alias, arm and regimen review."
AZN,ASTRAZENECA PLC,ciclesonide | ciclesonide placebo,PROVISIONAL_SINGLE_INTERVENTION,1,Seasonal Allergic Rhinitis,NCT02155881,https://clinicaltrials.gov/study/NCT02155881,2016-10-06,2016-10-06,"Not an independently verified unique active drug; requires alias, arm and regimen review."
AZN,ASTRAZENECA PLC,ciclesonide | fluticasone,PROVISIONAL_SINGLE_INTERVENTION,1,Asthma,NCT00306163,https://clinicaltrials.gov/study/NCT00306163,2010-04-26,2010-04-26,"Not an independently verified unique active drug; requires alias, arm and regimen review."
AZN,ASTRAZENECA PLC,ciclesonide | placebo,PROVISIONAL_SINGLE_INTERVENTION,2,Asthma,NCT00163293 | NCT00392288,https://clinicaltrials.gov/study/NCT00163293 | https://clinicaltrials.gov/study/NCT00392288,2009-12-30,2010-12-22,"Not an independently verified unique active drug; requires alias, arm and regimen review."
AZN,ASTRAZENECA PLC,ciclesonide | placebo | salbutamol,PROVISIONAL_SINGLE_INTERVENTION,1,Asthma,NCT00384189,https://clinicaltrials.gov/study/NCT00384189,2016-08-16,2016-08-16,"Not an independently verified unique active drug; requires alias, arm and regimen review."
AZN,ASTRAZENECA PLC,cimetidine | esomeprazole,PROVISIONAL_SINGLE_INTERVENTION,1,Stress Ulcer Prophylaxis,NCT02157376,https://clinicaltrials.gov/study/NCT02157376,2017-01-23,2017-01-23,"Not an independently verified unique active drug; requires alias, arm and regimen review."
AZN,ASTRAZENECA PLC,cimetidine | esomeprazole mg | esomeprazole na,PROVISIONAL_SINGLE_INTERVENTION,1,Bleeding Peptic Ulcer,NCT01757275,https://clinicaltrials.gov/study/NCT01757275,2016-03-08,2016-03-08,"Not an independently verified unique active drug; requires alias, arm and regimen review."
AZN,ASTRAZENECA PLC,cisplatin | durvalumab | gemcitabine,PROVISIONAL_SINGLE_INTERVENTION,1,Muscle Invasive Bladder Cancer,NCT03732677,https://clinicaltrials.gov/study/NCT03732677,2025-07-03,2025-07-03,"Not an independently verified unique active drug; requires alias, arm and regimen review."
AZN,ASTRAZENECA PLC,cisplatin | gefitinib | pemetrexed | placebo,PROVISIONAL_SINGLE_INTERVENTION,1,Non-Small Cell Lung Cancer,NCT01544179,https://clinicaltrials.gov/study/NCT01544179,2016-02-15,2016-02-15,"Not an independently verified unique active drug; requires alias, arm and regimen review."
AZN,ASTRAZENECA PLC,clopidogrel | ticagrelor,PROVISIONAL_SINGLE_INTERVENTION,2,Acute Coronary Syndrome | Peripheral Artery Disease,NCT00391872 | NCT01732822,https://clinicaltrials.gov/study/NCT00391872 | https://clinicaltrials.gov/study/NCT01732822,2012-03-13,2017-10-30,"Not an independently verified unique active drug; requires alias, arm and regimen review."
AZN,ASTRAZENECA PLC,conventional treatment | symbicort (budesonide/formoterol) turbuhaler,PROVISIONAL_SINGLE_INTERVENTION,1,"Asthma, Bronchial",NCT00385593,https://clinicaltrials.gov/study/NCT00385593,2009-11-17,2009-11-17,"Not an independently verified unique active drug; requires alias, arm and regimen review."
AZN,ASTRAZENECA PLC,d9421-c capsule 3 mg | mesalazine tablets,PROVISIONAL_SINGLE_INTERVENTION,1,Crohn's Disease,NCT01514240,https://clinicaltrials.gov/study/NCT01514240,2016-10-31,2016-10-31,"Not an independently verified unique active drug; requires alias, arm and regimen review."
AZN,ASTRAZENECA PLC,d961h capsule 10mg | d961h capsule 20 mg | d961h sachet 10 mg,PROVISIONAL_SINGLE_INTERVENTION,1,Anastomotic Ulcer (AU) | Duodenal Ulcer (DU) | Gastric Ulcer (GU) | Non-erosive Reflux Esophagitis Disease (NERD) | Reflux Esophagitis (RE) | Zollinger-Ellison Syndrome,NCT02153398,https://clinicaltrials.gov/study/NCT02153398,2017-01-19,2017-01-19,"Not an independently verified unique active drug; requires alias, arm and regimen review."
AZN,ASTRAZENECA PLC,d961h capsule 10mg | d961h sachet 10mg,PROVISIONAL_SINGLE_INTERVENTION,1,Duodenal Ulcer | Gastric Ulcer | Reflux Esophagitis,NCT03553563,https://clinicaltrials.gov/study/NCT03553563,2026-03-04,2026-03-04,"Not an independently verified unique active drug; requires alias, arm and regimen review."
AZN,ASTRAZENECA PLC,dapagliflozin,PROVISIONAL_SINGLE_INTERVENTION,4,Heart Failure With Preserved Ejection Fraction (HFpEF) | Heart Failure With Reduced Ejection Fraction (HFrEF) | High Blood Sugar | Type2 Diabetes | Type 1 Diabetes Mellitus,NCT01294436 | NCT02460978 | NCT03877224 | NCT03877237,https://clinicaltrials.gov/study/NCT01294436 | https://clinicaltrials.gov/study/NCT02460978 | https://clinicaltrials.gov/study/NCT03877224 | https://clinicaltrials.gov/study/NCT03877237,2013-09-16,2021-11-17,"Not an independently verified unique active drug; requires alias, arm and regimen review."
AZN,ASTRAZENECA PLC,dapagliflozin 10 mg | matching placebo for dapagliflozin,PROVISIONAL_SINGLE_INTERVENTION,1,Type 2 Diabetes Mellitus,NCT02413398,https://clinicaltrials.gov/study/NCT02413398,2018-10-31,2018-10-31,"Not an independently verified unique active drug; requires alias, arm and regimen review."
AZN,ASTRAZENECA PLC,dapagliflozin 10 mg | matching placebo for dapagliflozin 10 mg and saxagliptin 2.5mg | saxagliptin 2.5 mg,PROVISIONAL_SINGLE_INTERVENTION,1,"Type 2 Diabetes Mellitus, CKD and Albuminuria",NCT02547935,https://clinicaltrials.gov/study/NCT02547935,2019-06-04,2019-06-04,"Not an independently verified unique active drug; requires alias, arm and regimen review."
AZN,ASTRAZENECA PLC,dapagliflozin 10 mg | placebo tablet,PROVISIONAL_SINGLE_INTERVENTION,1,"Diabetes Mellitus, Non-Insulin-Dependent | High Risk for Cardiovascular Event",NCT01730534,https://clinicaltrials.gov/study/NCT01730534,2019-12-26,2019-12-26,"Not an independently verified unique active drug; requires alias, arm and regimen review."
AZN,ASTRAZENECA PLC,dapagliflozin 10mg | dapagliflozin 5 mg,PROVISIONAL_SINGLE_INTERVENTION,1,Type 1 Diabetes Mellitus,NCT02582814,https://clinicaltrials.gov/study/NCT02582814,2019-04-12,2019-04-12,"Not an independently verified unique active drug; requires alias, arm and regimen review."
AZN,ASTRAZENECA PLC,dapagliflozin | dapagliflozin placebo,PROVISIONAL_SINGLE_INTERVENTION,2,Diabetes | Type 2 Diabetes,NCT02096705 | NCT02725593,https://clinicaltrials.gov/study/NCT02096705 | https://clinicaltrials.gov/study/NCT02725593,2017-03-06,2020-12-02,"Not an independently verified unique active drug; requires alias, arm and regimen review."
AZN,ASTRAZENECA PLC,dapagliflozin | dapagliflozin placebo | metformin,PROVISIONAL_SINGLE_INTERVENTION,2,Type 2 Diabetes,NCT00528372 | NCT01095653,https://clinicaltrials.gov/study/NCT00528372 | https://clinicaltrials.gov/study/NCT01095653,2014-05-14,2017-02-06,"Not an independently verified unique active drug; requires alias, arm and regimen review."
AZN,ASTRAZENECA PLC,dapagliflozin | dapagliflozin placebo | metformin | pioglitazone,PROVISIONAL_SINGLE_INTERVENTION,1,Type 2 Diabetes,NCT01095666,https://clinicaltrials.gov/study/NCT01095666,2017-09-11,2017-09-11,"Not an independently verified unique active drug; requires alias, arm and regimen review."
AZN,ASTRAZENECA PLC,dapagliflozin | exantide with dapagliflozin | exentide,PROVISIONAL_SINGLE_INTERVENTION,1,Diabetes Mellitus,NCT02229396,https://clinicaltrials.gov/study/NCT02229396,2017-09-08,2017-09-08,"Not an independently verified unique active drug; requires alias, arm and regimen review."
AZN,ASTRAZENECA PLC,dapagliflozin | glimepiride | saxagliptin,PROVISIONAL_SINGLE_INTERVENTION,1,Diabetes,NCT02419612,https://clinicaltrials.gov/study/NCT02419612,2018-10-19,2018-10-19,"Not an independently verified unique active drug; requires alias, arm and regimen review."
AZN,ASTRAZENECA PLC,dapagliflozin | glipizide | metformin hydrochloride,PROVISIONAL_SINGLE_INTERVENTION,1,Type 2 Diabetes,NCT00660907,https://clinicaltrials.gov/study/NCT00660907,2013-08-23,2013-08-23,"Not an independently verified unique active drug; requires alias, arm and regimen review."
AZN,ASTRAZENECA PLC,dapagliflozin | metformin immediate release (ir) | placebo matching with dapagliflozin | saxagliptin,PROVISIONAL_SINGLE_INTERVENTION,1,Type 2 Diabetes,NCT01646320,https://clinicaltrials.gov/study/NCT01646320,2016-04-11,2016-04-11,"Not an independently verified unique active drug; requires alias, arm and regimen review."
AZN,ASTRAZENECA PLC,dapagliflozin | metformin ir | placebo matching with saxagliptin | saxagliptin,PROVISIONAL_SINGLE_INTERVENTION,1,Type 2 Diabetes,NCT01619059,https://clinicaltrials.gov/study/NCT01619059,2016-03-17,2016-03-17,"Not an independently verified unique active drug; requires alias, arm and regimen review."
AZN,ASTRAZENECA PLC,dapagliflozin | metformin xr,PROVISIONAL_SINGLE_INTERVENTION,1,Type 2 Diabetes,NCT00643851,https://clinicaltrials.gov/study/NCT00643851,2017-02-23,2017-02-23,"Not an independently verified unique active drug; requires alias, arm and regimen review."
AZN,ASTRAZENECA PLC,dapagliflozin | metformin xr | dapagliflozin matching placebo | metformin hcl modified release matching placebo,PROVISIONAL_SINGLE_INTERVENTION,1,Type 2 Diabetes Mellitus,NCT00859898,https://clinicaltrials.gov/study/NCT00859898,2014-03-20,2014-03-20,"Not an independently verified unique active drug; requires alias, arm and regimen review."
AZN,ASTRAZENECA PLC,dapagliflozin | metformin xr | placebo matching with dapagliflozin | placebo matching with saxagliptin | saxagliptin,PROVISIONAL_SINGLE_INTERVENTION,1,Type 2 Diabetes,NCT01606007,https://clinicaltrials.gov/study/NCT01606007,2015-10-20,2015-10-20,"Not an independently verified unique active drug; requires alias, arm and regimen review."
AZN,ASTRAZENECA PLC,dapagliflozin | metformin | placebo,PROVISIONAL_SINGLE_INTERVENTION,2,Type 2 Diabetes,NCT00528879 | NCT01217892,https://clinicaltrials.gov/study/NCT00528879 | https://clinicaltrials.gov/study/NCT01217892,2013-11-01,2014-05-02,"Not an independently verified unique active drug; requires alias, arm and regimen review."
AZN,ASTRAZENECA PLC,dapagliflozin | metformin | placebo | sitagliptin,PROVISIONAL_SINGLE_INTERVENTION,1,Type 2 Diabetes Mellitus,NCT00855166,https://clinicaltrials.gov/study/NCT00855166,2013-10-14,2013-10-14,"Not an independently verified unique active drug; requires alias, arm and regimen review."
AZN,ASTRAZENECA PLC,dapagliflozin | placebo,PROVISIONAL_SINGLE_INTERVENTION,13,"Acute Myocardial Infarction | Heart Failure | Cardiovascular Disease | Hypertension | Inadequate Glycaemic Control | Type 2 Diabetes Mellitus | Cardiovascular Disease | Inadequate Glycaemic Control | Type 2 Diabetes Mellitus | Chronic Heart Failure With Reduced Ejection Fraction (HFrEF) | Chronic Kidney Disease | Diabetes Mellitus, Type 2 | Heart Failure With Preserved Ejection Fraction | High Blood Sugar | Type 2 Diabetes | High HbA1c Level | Inadequate Glycaemic Control | Type 2 Diabetes Mellitus | Type 2 Diabetes | Type 2 Diabetes Mellitus",NCT00357370 | NCT00663260 | NCT00673231 | NCT00736879 | NCT00984867 | NCT01031680 | NCT01042977 | NCT01294423 | NCT01392677 | NCT03036124 | NCT03036150 | NCT03619213 | NCT04564742,https://clinicaltrials.gov/study/NCT00357370 | https://clinicaltrials.gov/study/NCT00663260 | https://clinicaltrials.gov/study/NCT00673231 | https://clinicaltrials.gov/study/NCT00736879 | https://clinicaltrials.gov/study/NCT00984867 | https://clinicaltrials.gov/study/NCT01031680 | https://clinicaltrials.gov/study/NCT01042977 | https://clinicaltrials.gov/study/NCT01294423 | https://clinicaltrials.gov/study/NCT01392677 | https://clinicaltrials.gov/study/NCT03036124 | https://clinicaltrials.gov/study/NCT03036150 | https://clinicaltrials.gov/study/NCT03619213 | https://clinicaltrials.gov/study/NCT04564742,2013-08-23,2025-03-07,"Not an independently verified unique active drug; requires alias, arm and regimen review."
AZN,ASTRAZENECA PLC,dapagliflozin | placebo for dapagliflozin,PROVISIONAL_SINGLE_INTERVENTION,1,Type 1 Diabetes Mellitus,NCT02268214,https://clinicaltrials.gov/study/NCT02268214,2018-03-29,2018-03-29,"Not an independently verified unique active drug; requires alias, arm and regimen review."
AZN,ASTRAZENECA PLC,dapagliflozin | placebo for dapagliflozin | placebo for saxagliptin | saxagliptin,PROVISIONAL_SINGLE_INTERVENTION,1,Inadequate Glycaemic Control | Type 2 Diabetes Mellitus,NCT02681094,https://clinicaltrials.gov/study/NCT02681094,2018-10-10,2018-10-10,"Not an independently verified unique active drug; requires alias, arm and regimen review."
AZN,ASTRAZENECA PLC,dapagliflozin | placebo matching dapagliflozin,PROVISIONAL_SINGLE_INTERVENTION,1,Type 2 Diabetes,NCT01195662,https://clinicaltrials.gov/study/NCT01195662,2014-05-23,2014-05-23,"Not an independently verified unique active drug; requires alias, arm and regimen review."
AZN,ASTRAZENECA PLC,dapagliflozin | placebo matching dapagliflozin | thiazolidinedione (pioglitazone),PROVISIONAL_SINGLE_INTERVENTION,1,Type 2 Diabetes,NCT00683878,https://clinicaltrials.gov/study/NCT00683878,2017-02-23,2017-02-23,"Not an independently verified unique active drug; requires alias, arm and regimen review."
AZN,ASTRAZENECA PLC,dapagliflozin | placebo matching with dapagliflozin | placebo matching with saxagliptin | placebo matching with sitagliptin | saxagliptin | sitagliptin,PROVISIONAL_SINGLE_INTERVENTION,1,Type 2 Diabetes,NCT02284893,https://clinicaltrials.gov/study/NCT02284893,2018-06-01,2018-06-01,"Not an independently verified unique active drug; requires alias, arm and regimen review."
AZN,ASTRAZENECA PLC,dapagliflozin | placebo | saxagliptin,PROVISIONAL_SINGLE_INTERVENTION,1,"Diabetes Mellitus, Type 2",NCT03199053,https://clinicaltrials.gov/study/NCT03199053,2024-04-17,2024-04-17,"Not an independently verified unique active drug; requires alias, arm and regimen review."
AZN,ASTRAZENECA PLC,dapagliflozin | placebo-matching dapagliflozin,PROVISIONAL_SINGLE_INTERVENTION,1,Type 2 Diabetes,NCT01137474,https://clinicaltrials.gov/study/NCT01137474,2014-05-01,2014-05-01,"Not an independently verified unique active drug; requires alias, arm and regimen review."
AZN,ASTRAZENECA PLC,"dapagliflozin, farxiga | glargine insulin | metformin | saxagliptin, onglyza",PROVISIONAL_SINGLE_INTERVENTION,1,Type 2 Diabetes Mellitus,NCT02551874,https://clinicaltrials.gov/study/NCT02551874,2018-09-18,2018-09-18,"Not an independently verified unique active drug; requires alias, arm and regimen review."
AZN,ASTRAZENECA PLC,daptomycin | vancomycin,PROVISIONAL_SINGLE_INTERVENTION,1,Infectious | Skin Diseases,NCT00772447,https://clinicaltrials.gov/study/NCT00772447,2015-03-09,2015-03-09,"Not an independently verified unique active drug; requires alias, arm and regimen review."
AZN,ASTRAZENECA PLC,docetaxel | pegylated g-csf | placebo | selumetinib,PROVISIONAL_SINGLE_INTERVENTION,1,Locally Advanced or Metastatic Non Small Cell Lung Cancer Stage IIIb - IV,NCT01933932,https://clinicaltrials.gov/study/NCT01933932,2017-08-29,2017-08-29,"Not an independently verified unique active drug; requires alias, arm and regimen review."
AZN,ASTRAZENECA PLC,docetaxel | placebo | zd4054,PROVISIONAL_SINGLE_INTERVENTION,1,Prostate Cancer,NCT00617669,https://clinicaltrials.gov/study/NCT00617669,2012-05-31,2012-05-31,"Not an independently verified unique active drug; requires alias, arm and regimen review."
AZN,ASTRAZENECA PLC,double blind esomeprazole | double blind placebo | open label run in esomeprazole,PROVISIONAL_SINGLE_INTERVENTION,1,Gastroesophageal Reflux Disease (GERD),NCT00468559,https://clinicaltrials.gov/study/NCT00468559,2014-06-02,2014-06-02,"Not an independently verified unique active drug; requires alias, arm and regimen review."
AZN,ASTRAZENECA PLC,doxorubicin | paclitaxel | pertuzumab | trastuzumab | trastuzumab deruxtecan | cyclophosphamide,PROVISIONAL_SINGLE_INTERVENTION,1,Breast Cancer | Breast Neoplasms | HER2-positive Early Breast Cancer,NCT05113251,https://clinicaltrials.gov/study/NCT05113251,2026-06-09,2026-06-09,"Not an independently verified unique active drug; requires alias, arm and regimen review."
AZN,ASTRAZENECA PLC,drug: any available copd treatment; investigator to decide | symbicort turbuhaler (budesonide/formoterol),PROVISIONAL_SINGLE_INTERVENTION,1,Chronic Obstructive Pulmonary Disease,NCT01070784,https://clinicaltrials.gov/study/NCT01070784,2013-12-05,2013-12-05,"Not an independently verified unique active drug; requires alias, arm and regimen review."
AZN,ASTRAZENECA PLC,durvalumab,PROVISIONAL_SINGLE_INTERVENTION,2,"Carcinoma, Non- Small Cell Lung | Carcinoma, Non-Small-Cell Lung",NCT03706690 | NCT04642469,https://clinicaltrials.gov/study/NCT03706690 | https://clinicaltrials.gov/study/NCT04642469,2024-06-25,2025-02-12,"Not an independently verified unique active drug; requires alias, arm and regimen review."
AZN,ASTRAZENECA PLC,durvalumab (medi4736) | gemcitabine + carboplatin | gemcitabine + cisplatin | paclitaxel + carboplatin | pemetrexed + carboplatin | pemetrexed + cisplatin,PROVISIONAL_SINGLE_INTERVENTION,1,Non Small Cell Lung Carcinoma NSCLC,NCT03003962,https://clinicaltrials.gov/study/NCT03003962,2023-12-26,2023-12-26,"Not an independently verified unique active drug; requires alias, arm and regimen review."
AZN,ASTRAZENECA PLC,durvalumab + soc chemotherapy,PROVISIONAL_SINGLE_INTERVENTION,1,"Carcinoma, Non-Small-Cell Lung",NCT04385368,https://clinicaltrials.gov/study/NCT04385368,2024-08-30,2024-08-30,"Not an independently verified unique active drug; requires alias, arm and regimen review."
AZN,ASTRAZENECA PLC,durvalumab +tremelimumab | gemcitabine + carboplatin | gemcitabine + cisplatin | paclitaxel + carboplatin | pemetrexed + carboplatin | pemetrexed + cisplatin,PROVISIONAL_SINGLE_INTERVENTION,1,Non Small Cell Lung Carcinoma NSCLC,NCT02542293,https://clinicaltrials.gov/study/NCT02542293,2022-05-24,2022-05-24,"Not an independently verified unique active drug; requires alias, arm and regimen review."
AZN,ASTRAZENECA PLC,durvalumab plus chemotherapy,PROVISIONAL_SINGLE_INTERVENTION,1,Small Cell Lung Carcinoma Extensive Disease,NCT04449861,https://clinicaltrials.gov/study/NCT04449861,2024-11-27,2024-11-27,"Not an independently verified unique active drug; requires alias, arm and regimen review."
AZN,ASTRAZENECA PLC,durvalumab | durvalumab (regimen 1) | durvalumab (regimen 2) | sorafenib | tremelimumab (regimen 1) | tremelimumab (regimen 2),PROVISIONAL_SINGLE_INTERVENTION,1,Hepatocellular Carcinoma,NCT03298451,https://clinicaltrials.gov/study/NCT03298451,2023-06-18,2023-06-18,"Not an independently verified unique active drug; requires alias, arm and regimen review."
AZN,ASTRAZENECA PLC,durvalumab | placebo,PROVISIONAL_SINGLE_INTERVENTION,1,Biliary Tract Neoplasms,NCT03875235,https://clinicaltrials.gov/study/NCT03875235,2023-04-13,2023-04-13,"Not an independently verified unique active drug; requires alias, arm and regimen review."
AZN,ASTRAZENECA PLC,durvalumab | tremelimumab,PROVISIONAL_SINGLE_INTERVENTION,1,Small Cell Lung Cancer,NCT03703297,https://clinicaltrials.gov/study/NCT03703297,2025-08-01,2025-08-01,"Not an independently verified unique active drug; requires alias, arm and regimen review."
AZN,ASTRAZENECA PLC,epanova | olive oil,PROVISIONAL_SINGLE_INTERVENTION,1,Hypertriglyceridemia,NCT02009865,https://clinicaltrials.gov/study/NCT02009865,2016-01-15,2016-01-15,"Not an independently verified unique active drug; requires alias, arm and regimen review."
AZN,ASTRAZENECA PLC,epanova® (omega-3 carboxylic acids) | corn oil control,PROVISIONAL_SINGLE_INTERVENTION,1,Eligible Men or Women Considered High Risk for Atherosclerotic Cardiovascular Disease (CVD),NCT02104817,https://clinicaltrials.gov/study/NCT02104817,2021-07-28,2021-07-28,"Not an independently verified unique active drug; requires alias, arm and regimen review."
AZN,ASTRAZENECA PLC,epoetin alfa | roxadustat,PROVISIONAL_SINGLE_INTERVENTION,1,Anemia,NCT02174731,https://clinicaltrials.gov/study/NCT02174731,2019-12-16,2019-12-16,"Not an independently verified unique active drug; requires alias, arm and regimen review."
AZN,ASTRAZENECA PLC,erlotinib | gemcitabine | medi4736 (durvalumab) | medi4736 (durvalumab) in combination with tremelimumab (anti-ctla4) | vinorelbine | tremelimumab (anti-ctla4),PROVISIONAL_SINGLE_INTERVENTION,1,Non - Small Cell Lung Cancer NSCLC,NCT02352948,https://clinicaltrials.gov/study/NCT02352948,2019-04-16,2019-04-16,"Not an independently verified unique active drug; requires alias, arm and regimen review."
AZN,ASTRAZENECA PLC,esomeprazole,PROVISIONAL_SINGLE_INTERVENTION,5,GERD | Gastroesophageal Reflux | Gastrointestinal Hemorrhage | Heartburn,NCT00251927 | NCT00251979 | NCT00427635 | NCT01370525 | NCT01370538,https://clinicaltrials.gov/study/NCT00251927 | https://clinicaltrials.gov/study/NCT00251979 | https://clinicaltrials.gov/study/NCT00427635 | https://clinicaltrials.gov/study/NCT01370525 | https://clinicaltrials.gov/study/NCT01370538,2010-05-19,2013-04-11,"Not an independently verified unique active drug; requires alias, arm and regimen review."
AZN,ASTRAZENECA PLC,esomeprazole (d961h) once daily | esomeprazole (d961h) twice daily,PROVISIONAL_SINGLE_INTERVENTION,1,Refractory Reflux Esophagitis,NCT01669811,https://clinicaltrials.gov/study/NCT01669811,2015-08-14,2015-08-14,"Not an independently verified unique active drug; requires alias, arm and regimen review."
AZN,ASTRAZENECA PLC,esomeprazole 20 mg,PROVISIONAL_SINGLE_INTERVENTION,1,Duodenal Ulcer | Gastric Ulcer | Lumbago | Osteoarthritis | Rheumatoid Arthritis,NCT00595517,https://clinicaltrials.gov/study/NCT00595517,2012-09-14,2012-09-14,"Not an independently verified unique active drug; requires alias, arm and regimen review."
AZN,ASTRAZENECA PLC,esomeprazole 20 mg | esomeprazole 40 mg | placebo,PROVISIONAL_SINGLE_INTERVENTION,1,Duodenal Ulcer | Gastric Ulcer,NCT00441727,https://clinicaltrials.gov/study/NCT00441727,2012-02-13,2012-02-13,"Not an independently verified unique active drug; requires alias, arm and regimen review."
AZN,ASTRAZENECA PLC,esomeprazole | omeprazole,PROVISIONAL_SINGLE_INTERVENTION,2,Reflux Esophagitis,NCT00633932 | NCT00634114,https://clinicaltrials.gov/study/NCT00633932 | https://clinicaltrials.gov/study/NCT00634114,2010-04-08,2010-06-17,"Not an independently verified unique active drug; requires alias, arm and regimen review."
AZN,ASTRAZENECA PLC,esomeprazole | placebo,PROVISIONAL_SINGLE_INTERVENTION,2,Duodenal Ulcer | Gastric Ulcer | Lumbago | Osteoarthritis | Rheumatoid Arthritis | Prevention,NCT00542789 | NCT01069939,https://clinicaltrials.gov/study/NCT00542789 | https://clinicaltrials.gov/study/NCT01069939,2010-05-28,2012-11-22,"Not an independently verified unique active drug; requires alias, arm and regimen review."
AZN,ASTRAZENECA PLC,esomeprazole | ranitidine,PROVISIONAL_SINGLE_INTERVENTION,1,Gastric Ulcer,NCT00401752,https://clinicaltrials.gov/study/NCT00401752,2010-07-08,2010-07-08,"Not an independently verified unique active drug; requires alias, arm and regimen review."
AZN,ASTRAZENECA PLC,exenatide,PROVISIONAL_SINGLE_INTERVENTION,2,Type 2 Diabetes | Type 2 Diabetes Mellitus,NCT00516048 | NCT00753896,https://clinicaltrials.gov/study/NCT00516048 | https://clinicaltrials.gov/study/NCT00753896,2009-06-17,2012-03-20,"Not an independently verified unique active drug; requires alias, arm and regimen review."
AZN,ASTRAZENECA PLC,exenatide (ac2993) | insulin glargine,PROVISIONAL_SINGLE_INTERVENTION,1,"Diabetes Mellitus, Type 2",NCT00082381,https://clinicaltrials.gov/study/NCT00082381,2013-07-31,2013-07-31,"Not an independently verified unique active drug; requires alias, arm and regimen review."
AZN,ASTRAZENECA PLC,exenatide once weekly suspension | exenatide twice daily,PROVISIONAL_SINGLE_INTERVENTION,1,"Diabetes Mellitus, Type 2",NCT01652716,https://clinicaltrials.gov/study/NCT01652716,2015-09-16,2015-09-16,"Not an independently verified unique active drug; requires alias, arm and regimen review."
AZN,ASTRAZENECA PLC,exenatide once weekly suspension | placebo | sitagliptin,PROVISIONAL_SINGLE_INTERVENTION,1,Diabetes Type 2,NCT01652729,https://clinicaltrials.gov/study/NCT01652729,2015-04-23,2015-04-23,"Not an independently verified unique active drug; requires alias, arm and regimen review."
AZN,ASTRAZENECA PLC,exenatide once weekly | exenatide twice daily,PROVISIONAL_SINGLE_INTERVENTION,2,Type 2 Diabetes Mellitus,NCT00877890 | NCT00917267,https://clinicaltrials.gov/study/NCT00877890 | https://clinicaltrials.gov/study/NCT00917267,2012-06-19,2012-12-31,"Not an independently verified unique active drug; requires alias, arm and regimen review."
AZN,ASTRAZENECA PLC,exenatide once weekly | insulin detemir,PROVISIONAL_SINGLE_INTERVENTION,1,Type 2 Diabetes Mellitus,NCT01003184,https://clinicaltrials.gov/study/NCT01003184,2012-12-18,2012-12-18,"Not an independently verified unique active drug; requires alias, arm and regimen review."
AZN,ASTRAZENECA PLC,exenatide once weekly | insulin glargine,PROVISIONAL_SINGLE_INTERVENTION,2,Type 2 Diabetes Mellitus,NCT00641056 | NCT00935532,https://clinicaltrials.gov/study/NCT00641056 | https://clinicaltrials.gov/study/NCT00935532,2012-07-04,2012-10-24,"Not an independently verified unique active drug; requires alias, arm and regimen review."
AZN,ASTRAZENECA PLC,exenatide once weekly | liraglutide,PROVISIONAL_SINGLE_INTERVENTION,1,Type 2 Diabetes Mellitus,NCT01029886,https://clinicaltrials.gov/study/NCT01029886,2012-03-21,2012-03-21,"Not an independently verified unique active drug; requires alias, arm and regimen review."
AZN,ASTRAZENECA PLC,exenatide once weekly | metformin | pioglitazone | sitagliptin,PROVISIONAL_SINGLE_INTERVENTION,1,Type 2 Diabetes Mellitus,NCT00676338,https://clinicaltrials.gov/study/NCT00676338,2012-11-26,2012-11-26,"Not an independently verified unique active drug; requires alias, arm and regimen review."
AZN,ASTRAZENECA PLC,exenatide once weekly | pioglitazone | placebo once weekly | placebo tablet | sitagliptin,PROVISIONAL_SINGLE_INTERVENTION,1,Type 2 Diabetes Mellitus,NCT00637273,https://clinicaltrials.gov/study/NCT00637273,2012-06-19,2012-06-19,"Not an independently verified unique active drug; requires alias, arm and regimen review."
AZN,ASTRAZENECA PLC,exenatide once weekly | placebo,PROVISIONAL_SINGLE_INTERVENTION,2,Children and Adolescent With Type 2 Diabetes | Type 2 Diabetes Mellitus,NCT01144338 | NCT01554618,https://clinicaltrials.gov/study/NCT01144338 | https://clinicaltrials.gov/study/NCT01554618,2018-08-08,2020-12-03,"Not an independently verified unique active drug; requires alias, arm and regimen review."
AZN,ASTRAZENECA PLC,exenatide twice daily (bid) | premixed insulin aspart twice daily (bid),PROVISIONAL_SINGLE_INTERVENTION,1,Type 2 Diabetes Mellitus,NCT00434954,https://clinicaltrials.gov/study/NCT00434954,2010-08-23,2010-08-23,"Not an independently verified unique active drug; requires alias, arm and regimen review."
AZN,ASTRAZENECA PLC,exenatide | exenatide matching placebo,PROVISIONAL_SINGLE_INTERVENTION,1,Diabetes Mellitus,NCT02229383,https://clinicaltrials.gov/study/NCT02229383,2017-09-18,2017-09-18,"Not an independently verified unique active drug; requires alias, arm and regimen review."
AZN,ASTRAZENECA PLC,"exenatide | exenatide, long acting release",PROVISIONAL_SINGLE_INTERVENTION,1,Type 2 Diabetes Mellitus,NCT00308139,https://clinicaltrials.gov/study/NCT00308139,2012-08-17,2012-08-17,"Not an independently verified unique active drug; requires alias, arm and regimen review."
AZN,ASTRAZENECA PLC,exenatide | glimepiride,PROVISIONAL_SINGLE_INTERVENTION,1,Type 2 Diabetes Mellitus,NCT00359762,https://clinicaltrials.gov/study/NCT00359762,2013-03-14,2013-03-14,"Not an independently verified unique active drug; requires alias, arm and regimen review."
AZN,ASTRAZENECA PLC,exenatide | insulin glargine,PROVISIONAL_SINGLE_INTERVENTION,1,Type 2 Diabetes,NCT00360334,https://clinicaltrials.gov/study/NCT00360334,2009-06-05,2009-06-05,"Not an independently verified unique active drug; requires alias, arm and regimen review."
AZN,ASTRAZENECA PLC,exenatide | placebo,PROVISIONAL_SINGLE_INTERVENTION,6,Type 2 Diabetes | Type 2 Diabetes Mellitus,NCT00375492 | NCT00516074 | NCT00577824 | NCT00603239 | NCT00658021 | NCT00765817,https://clinicaltrials.gov/study/NCT00375492 | https://clinicaltrials.gov/study/NCT00516074 | https://clinicaltrials.gov/study/NCT00577824 | https://clinicaltrials.gov/study/NCT00603239 | https://clinicaltrials.gov/study/NCT00658021 | https://clinicaltrials.gov/study/NCT00765817,2009-06-12,2020-12-01,"Not an independently verified unique active drug; requires alias, arm and regimen review."
AZN,ASTRAZENECA PLC,exenatide | rosiglitazone,PROVISIONAL_SINGLE_INTERVENTION,1,"Diabetes Mellitus, Type 2",NCT00135330,https://clinicaltrials.gov/study/NCT00135330,2009-08-28,2009-08-28,"Not an independently verified unique active drug; requires alias, arm and regimen review."
AZN,ASTRAZENECA PLC,experimental: tezepelumab,PROVISIONAL_SINGLE_INTERVENTION,2,Asthma,NCT03347279 | NCT03927157,https://clinicaltrials.gov/study/NCT03347279 | https://clinicaltrials.gov/study/NCT03927157,2021-11-26,2025-07-01,"Not an independently verified unique active drug; requires alias, arm and regimen review."
AZN,ASTRAZENECA PLC,experimental: tezepelumab | mometasone furoate or equivalent intranasal corticosteroid,PROVISIONAL_SINGLE_INTERVENTION,1,Chronic Rhinosinusitis With Nasal Polyps,NCT04851964,https://clinicaltrials.gov/study/NCT04851964,2026-01-27,2026-01-27,"Not an independently verified unique active drug; requires alias, arm and regimen review."
AZN,ASTRAZENECA PLC,experimental: tralokinumab,PROVISIONAL_SINGLE_INTERVENTION,1,Uncontrolled Asthma,NCT02194699,https://clinicaltrials.gov/study/NCT02194699,2018-03-21,2018-03-21,"Not an independently verified unique active drug; requires alias, arm and regimen review."
AZN,ASTRAZENECA PLC,extended release quetiapine (quetiapine xr) | sertraline | adequate mood stabilizer,PROVISIONAL_SINGLE_INTERVENTION,1,Bipolar Depression | Bipolar Disorder,NCT00857584,https://clinicaltrials.gov/study/NCT00857584,2012-04-10,2012-04-10,"Not an independently verified unique active drug; requires alias, arm and regimen review."
AZN,ASTRAZENECA PLC,ezetimibe | rosuvastatin (crestor) | simvastatin,PROVISIONAL_SINGLE_INTERVENTION,1,Atherosclerosis | Coronary Heart Disease | Hypercholesterolemia,NCT00525824,https://clinicaltrials.gov/study/NCT00525824,2009-10-07,2009-10-07,"Not an independently verified unique active drug; requires alias, arm and regimen review."
AZN,ASTRAZENECA PLC,formoterol (ot),PROVISIONAL_SINGLE_INTERVENTION,1,Chronic Obstructive Pulmonary Disease,NCT01047553,https://clinicaltrials.gov/study/NCT01047553,2013-01-04,2013-01-04,"Not an independently verified unique active drug; requires alias, arm and regimen review."
AZN,ASTRAZENECA PLC,formoterol turbohaler | symbicort,PROVISIONAL_SINGLE_INTERVENTION,1,COPD Patients,NCT02157935,https://clinicaltrials.gov/study/NCT02157935,2017-06-12,2017-06-12,"Not an independently verified unique active drug; requires alias, arm and regimen review."
AZN,ASTRAZENECA PLC,formoterol turbuhaler® 4.5mg | formoterol turbuhaler® 9 mg | turbuhaler® placebo,PROVISIONAL_SINGLE_INTERVENTION,1,Chronic Obstructive Pulmonary Disease,NCT00628862,https://clinicaltrials.gov/study/NCT00628862,2012-10-25,2012-10-25,"Not an independently verified unique active drug; requires alias, arm and regimen review."
AZN,ASTRAZENECA PLC,fostamatinib,PROVISIONAL_SINGLE_INTERVENTION,1,Rheumatoid Arthritis,NCT01242514,https://clinicaltrials.gov/study/NCT01242514,2014-04-04,2014-04-04,"Not an independently verified unique active drug; requires alias, arm and regimen review."
AZN,ASTRAZENECA PLC,fostamatinib | placebo,PROVISIONAL_SINGLE_INTERVENTION,1,Rheumatoid Arthritis,NCT01197755,https://clinicaltrials.gov/study/NCT01197755,2014-04-07,2014-04-07,"Not an independently verified unique active drug; requires alias, arm and regimen review."
AZN,ASTRAZENECA PLC,"fostamatinib | placebo, fostamatinib",PROVISIONAL_SINGLE_INTERVENTION,2,Rheumatoid Arthritis,NCT01197521 | NCT01197534,https://clinicaltrials.gov/study/NCT01197521 | https://clinicaltrials.gov/study/NCT01197534,2014-04-07,2014-04-17,"Not an independently verified unique active drug; requires alias, arm and regimen review."
AZN,ASTRAZENECA PLC,fulvestrant,PROVISIONAL_SINGLE_INTERVENTION,1,Breast Cancer,NCT00099437,https://clinicaltrials.gov/study/NCT00099437,2010-06-15,2010-06-15,"Not an independently verified unique active drug; requires alias, arm and regimen review."
AZN,ASTRAZENECA PLC,fulvestrant | placebo,PROVISIONAL_SINGLE_INTERVENTION,1,Breast Cancer,NCT01300351,https://clinicaltrials.gov/study/NCT01300351,2015-04-24,2015-04-24,"Not an independently verified unique active drug; requires alias, arm and regimen review."
AZN,ASTRAZENECA PLC,gefitinib,PROVISIONAL_SINGLE_INTERVENTION,1,Breast Cancer | Lung Cancer,NCT00357734,https://clinicaltrials.gov/study/NCT00357734,2016-06-23,2016-06-23,"Not an independently verified unique active drug; requires alias, arm and regimen review."
AZN,ASTRAZENECA PLC,gemcitabine + carboplatin | gemcitabine + cisplatin | medi4736 (durvalumab) | medi4736 (durvalumab)+tremelimumab | paclitaxel + carboplatin | pemetrexed + carboplatin | pemetrexed + cisplatin | tremelimumab,PROVISIONAL_SINGLE_INTERVENTION,1,Non-Small-Cell Lung Carcinoma NSCLC,NCT02453282,https://clinicaltrials.gov/study/NCT02453282,2019-11-29,2019-11-29,"Not an independently verified unique active drug; requires alias, arm and regimen review."
AZN,ASTRAZENECA PLC,glimepiride | rosiglitazone | dapagliflozin | metformin hydrochloride | pioglitazone hydrochloride,PROVISIONAL_SINGLE_INTERVENTION,1,Type 2 Diabetes,NCT00680745,https://clinicaltrials.gov/study/NCT00680745,2013-10-14,2013-10-14,"Not an independently verified unique active drug; requires alias, arm and regimen review."
AZN,ASTRAZENECA PLC,glyburide | metformin | placebo | saxagliptin,PROVISIONAL_SINGLE_INTERVENTION,1,Diabetes,NCT00313313,https://clinicaltrials.gov/study/NCT00313313,2009-09-25,2009-09-25,"Not an independently verified unique active drug; requires alias, arm and regimen review."
AZN,ASTRAZENECA PLC,glycopyrronium/formoterol fumarate | umeclidinium/vilanterol,PROVISIONAL_SINGLE_INTERVENTION,1,Chronic Obstructive Pulmonary Disease COPD,NCT03162055,https://clinicaltrials.gov/study/NCT03162055,2019-05-22,2019-05-22,"Not an independently verified unique active drug; requires alias, arm and regimen review."
AZN,ASTRAZENECA PLC,hfa mdi | hfo mdi,PROVISIONAL_SINGLE_INTERVENTION,1,Asthma,NCT05850494,https://clinicaltrials.gov/study/NCT05850494,2025-07-30,2025-07-30,"Not an independently verified unique active drug; requires alias, arm and regimen review."
AZN,ASTRAZENECA PLC,"ici35,868 (diprivan) | ici35,868 (diprivan) + ees0000645/a (sds) | intralipid",PROVISIONAL_SINGLE_INTERVENTION,1,Sedation to be Moderate for a Diagnostic Gastrointestinal Endoscopy and Gastrointestinal Endoscopic Polypectomy,NCT01961349,https://clinicaltrials.gov/study/NCT01961349,2015-11-27,2015-11-27,"Not an independently verified unique active drug; requires alias, arm and regimen review."
AZN,ASTRAZENECA PLC,insulin glargine | metformin | exenatide,PROVISIONAL_SINGLE_INTERVENTION,1,Type 2 Diabetes Mellitus,NCT00097500,https://clinicaltrials.gov/study/NCT00097500,2011-01-10,2011-01-10,"Not an independently verified unique active drug; requires alias, arm and regimen review."
AZN,ASTRAZENECA PLC,insulin/ glargine | metformin | exenatide | insulin lispro,PROVISIONAL_SINGLE_INTERVENTION,1,Type 2 Diabetes Mellitus,NCT00960661,https://clinicaltrials.gov/study/NCT00960661,2013-12-17,2013-12-17,"Not an independently verified unique active drug; requires alias, arm and regimen review."
AZN,ASTRAZENECA PLC,irbesartan | lisinopril | placebo | sodium zirconium cyclosilicate (szc) | valsartan,PROVISIONAL_SINGLE_INTERVENTION,1,"Hyperkalemia | Renal Insufficiency, Chronic",NCT05056727,https://clinicaltrials.gov/study/NCT05056727,2026-01-08,2026-01-08,"Not an independently verified unique active drug; requires alias, arm and regimen review."
AZN,ASTRAZENECA PLC,lanabecestat,PROVISIONAL_SINGLE_INTERVENTION,1,Alzheimer's Disease,NCT02972658,https://clinicaltrials.gov/study/NCT02972658,2019-07-05,2019-07-05,"Not an independently verified unique active drug; requires alias, arm and regimen review."
AZN,ASTRAZENECA PLC,lanabecestat | placebo,PROVISIONAL_SINGLE_INTERVENTION,2,Alzheimer's Disease | Alzheimer´s Disease,NCT02245737 | NCT02783573,https://clinicaltrials.gov/study/NCT02245737 | https://clinicaltrials.gov/study/NCT02783573,2019-08-06,2019-08-06,"Not an independently verified unique active drug; requires alias, arm and regimen review."
AZN,ASTRAZENECA PLC,linaclotide | placebo,PROVISIONAL_SINGLE_INTERVENTION,1,Irritable Bowel Syndrome With Constipation (IBS-C),NCT01880424,https://clinicaltrials.gov/study/NCT01880424,2016-09-27,2016-09-27,"Not an independently verified unique active drug; requires alias, arm and regimen review."
AZN,ASTRAZENECA PLC,lithium carbonate | quetiapine fumarate xr,PROVISIONAL_SINGLE_INTERVENTION,1,Acute Bipolar Depression,NCT00883493,https://clinicaltrials.gov/study/NCT00883493,2012-06-29,2012-06-29,"Not an independently verified unique active drug; requires alias, arm and regimen review."
AZN,ASTRAZENECA PLC,lithium carbonate | quetiapine xr | ssri/venlafaxine,PROVISIONAL_SINGLE_INTERVENTION,1,Major Depressive Disorder | Treatment Resistant Depression,NCT00789854,https://clinicaltrials.gov/study/NCT00789854,2012-05-23,2012-05-23,"Not an independently verified unique active drug; requires alias, arm and regimen review."
AZN,ASTRAZENECA PLC,medi3250,PROVISIONAL_SINGLE_INTERVENTION,1,Healthy Japanese Children Age 2 Years Through 6 Years,NCT02269488,https://clinicaltrials.gov/study/NCT02269488,2015-09-28,2015-09-28,"Not an independently verified unique active drug; requires alias, arm and regimen review."
AZN,ASTRAZENECA PLC,medi3250 | placebo,PROVISIONAL_SINGLE_INTERVENTION,1,Healthy Japanese Children Age 7 Years Through 18 Years,NCT02269475,https://clinicaltrials.gov/study/NCT02269475,2015-12-03,2015-12-03,"Not an independently verified unique active drug; requires alias, arm and regimen review."
AZN,ASTRAZENECA PLC,medi4736,PROVISIONAL_SINGLE_INTERVENTION,1,Non-Small Cell Lung Cancer,NCT02125461,https://clinicaltrials.gov/study/NCT02125461,2019-01-30,2019-01-30,"Not an independently verified unique active drug; requires alias, arm and regimen review."
AZN,ASTRAZENECA PLC,medi4736 (durvalumab) | medi4736 (durvalumab) + tremelimumab,PROVISIONAL_SINGLE_INTERVENTION,1,Advanced Solid Malignancies,NCT03084471,https://clinicaltrials.gov/study/NCT03084471,2021-06-15,2021-06-15,"Not an independently verified unique active drug; requires alias, arm and regimen review."
AZN,ASTRAZENECA PLC,medi4736 | medi4736 + tremelimumab | standard of care,PROVISIONAL_SINGLE_INTERVENTION,1,Recurrent or Metastatic PD-L1-positive or -Negative Squamous Cell Carcinoma of the Head and Neck SCCHN,NCT02369874,https://clinicaltrials.gov/study/NCT02369874,2019-10-03,2019-10-03,"Not an independently verified unique active drug; requires alias, arm and regimen review."
AZN,ASTRAZENECA PLC,medi8897 | palivizumab,PROVISIONAL_SINGLE_INTERVENTION,1,Respiratory Syncytial Virus Infections,NCT03959488,https://clinicaltrials.gov/study/NCT03959488,2023-09-21,2023-09-21,"Not an independently verified unique active drug; requires alias, arm and regimen review."
AZN,ASTRAZENECA PLC,medi8897 | placebo,PROVISIONAL_SINGLE_INTERVENTION,1,Respiratory Syncytial Virus Infections,NCT03979313,https://clinicaltrials.gov/study/NCT03979313,2024-02-28,2024-02-28,"Not an independently verified unique active drug; requires alias, arm and regimen review."
AZN,ASTRAZENECA PLC,metformin (active rescue) | metformin ir | placebo (metformin) | placebo (saxagliptin) | saxagliptin,PROVISIONAL_SINGLE_INTERVENTION,1,Type 2 Diabetes,NCT01204775,https://clinicaltrials.gov/study/NCT01204775,2017-04-18,2017-04-18,"Not an independently verified unique active drug; requires alias, arm and regimen review."
AZN,ASTRAZENECA PLC,metformin (blinded) | metformin (open-label) | placebo | saxagliptin,PROVISIONAL_SINGLE_INTERVENTION,1,Type 2 Diabetes,NCT00374907,https://clinicaltrials.gov/study/NCT00374907,2011-01-21,2011-01-21,"Not an independently verified unique active drug; requires alias, arm and regimen review."
AZN,ASTRAZENECA PLC,metformin 500 mg with titration | placebo 5 mg for saxagliptin | placebo 500 mg for metformin (with titration) | saxagliptin 5 mg,PROVISIONAL_SINGLE_INTERVENTION,1,Type 2 Diabetes Mellitus,NCT02273050,https://clinicaltrials.gov/study/NCT02273050,2018-02-05,2018-02-05,"Not an independently verified unique active drug; requires alias, arm and regimen review."
AZN,ASTRAZENECA PLC,metformin ir | metformin xr | placebo matching with saxagliptin | saxagliptin,PROVISIONAL_SINGLE_INTERVENTION,1,"Diabetes Mellitus, Type 2",NCT01434186,https://clinicaltrials.gov/study/NCT01434186,2017-04-18,2017-04-18,"Not an independently verified unique active drug; requires alias, arm and regimen review."
AZN,ASTRAZENECA PLC,metformin xr | placebo matching metformin xr | placebo matching saxagliptin | saxagliptin,PROVISIONAL_SINGLE_INTERVENTION,1,Type 2 Diabetes,NCT00918138,https://clinicaltrials.gov/study/NCT00918138,2011-10-06,2011-10-06,"Not an independently verified unique active drug; requires alias, arm and regimen review."
AZN,ASTRAZENECA PLC,metformin xr | saxagliptin,PROVISIONAL_SINGLE_INTERVENTION,1,Type 2 Diabetes,NCT00960076,https://clinicaltrials.gov/study/NCT00960076,2011-09-27,2011-09-27,"Not an independently verified unique active drug; requires alias, arm and regimen review."
AZN,ASTRAZENECA PLC,metformin | placebo matching metformin | placebo matching saxagliptin | saxagliptin,PROVISIONAL_SINGLE_INTERVENTION,1,"Diabetes Mellitus, Type 2",NCT00121641,https://clinicaltrials.gov/study/NCT00121641,2011-05-11,2011-05-11,"Not an independently verified unique active drug; requires alias, arm and regimen review."
AZN,ASTRAZENECA PLC,metformin | placebo | saxagliptin,PROVISIONAL_SINGLE_INTERVENTION,1,Type 2 Diabetes,NCT00661362,https://clinicaltrials.gov/study/NCT00661362,2012-03-08,2012-03-08,"Not an independently verified unique active drug; requires alias, arm and regimen review."
AZN,ASTRAZENECA PLC,metformin | placebo | saxagliptin | pioglitazone,PROVISIONAL_SINGLE_INTERVENTION,1,Diabetes,NCT00327015,https://clinicaltrials.gov/study/NCT00327015,2009-09-25,2009-09-25,"Not an independently verified unique active drug; requires alias, arm and regimen review."
AZN,ASTRAZENECA PLC,metformin | saxagliptin | sulphonylurea,PROVISIONAL_SINGLE_INTERVENTION,1,Type 2 Diabetes,NCT00575588,https://clinicaltrials.gov/study/NCT00575588,2010-09-06,2010-09-06,"Not an independently verified unique active drug; requires alias, arm and regimen review."
AZN,ASTRAZENECA PLC,nirsevimab,PROVISIONAL_SINGLE_INTERVENTION,1,Respiratory Syncytial Virus Infections,NCT06042049,https://clinicaltrials.gov/study/NCT06042049,2026-04-16,2026-04-16,"Not an independently verified unique active drug; requires alias, arm and regimen review."
AZN,ASTRAZENECA PLC,nktr-118 | placebo,PROVISIONAL_SINGLE_INTERVENTION,4,Opioid-Induced Constipation | Opioid-Induced Constipation (OIC),NCT01309841 | NCT01323790 | NCT01384292 | NCT01395524,https://clinicaltrials.gov/study/NCT01309841 | https://clinicaltrials.gov/study/NCT01323790 | https://clinicaltrials.gov/study/NCT01384292 | https://clinicaltrials.gov/study/NCT01395524,2015-06-01,2015-06-17,"Not an independently verified unique active drug; requires alias, arm and regimen review."
AZN,ASTRAZENECA PLC,nktr-118 | usual care,PROVISIONAL_SINGLE_INTERVENTION,1,Opioid-Induced Constipation (OIC),NCT01336205,https://clinicaltrials.gov/study/NCT01336205,2014-10-20,2014-10-20,"Not an independently verified unique active drug; requires alias, arm and regimen review."
AZN,ASTRAZENECA PLC,olaparib,PROVISIONAL_SINGLE_INTERVENTION,2,Germline BRCA1/2 Mutations | HER2-ve Metastatic Breast Cancer | Somatic BRCA1/2 Mutations | Non-Germline BRCA Mutated Ovarian Cancer,NCT03286842 | NCT03402841,https://clinicaltrials.gov/study/NCT03286842 | https://clinicaltrials.gov/study/NCT03402841,2021-10-11,2023-01-17,"Not an independently verified unique active drug; requires alias, arm and regimen review."
AZN,ASTRAZENECA PLC,olaparib 300mg tablets,PROVISIONAL_SINGLE_INTERVENTION,1,Advanced Ovarian Cancer | BRCA Mutation | Complete Response | FIGO Stage III-IV | First Line Platinum Chemotherapy | Newly Diagnosed | Partial Response,NCT01844986,https://clinicaltrials.gov/study/NCT01844986,2019-07-09,2019-07-09,"Not an independently verified unique active drug; requires alias, arm and regimen review."
AZN,ASTRAZENECA PLC,olaparib 300mg tablets | placebo to match olaparib 300mg,PROVISIONAL_SINGLE_INTERVENTION,1,BRCA Mutated | Following Complete or Partial Response to Platinum Based Chemotherapy | Platinum Sensitive | Relapsed Ovarian Cancer,NCT01874353,https://clinicaltrials.gov/study/NCT01874353,2018-02-07,2018-02-07,"Not an independently verified unique active drug; requires alias, arm and regimen review."
AZN,ASTRAZENECA PLC,olaparib | paclitaxel | placebo,PROVISIONAL_SINGLE_INTERVENTION,1,Gastric Cancer,NCT01924533,https://clinicaltrials.gov/study/NCT01924533,2018-11-07,2018-11-07,"Not an independently verified unique active drug; requires alias, arm and regimen review."
AZN,ASTRAZENECA PLC,olaparib | physician's choice chemotherapy,PROVISIONAL_SINGLE_INTERVENTION,1,BRCA 1 Gene Mutation | BRCA 2 Gene Mutation | Breast Cancer Metastatic,NCT02000622,https://clinicaltrials.gov/study/NCT02000622,2017-12-22,2017-12-22,"Not an independently verified unique active drug; requires alias, arm and regimen review."
AZN,ASTRAZENECA PLC,olaparib | placebo,PROVISIONAL_SINGLE_INTERVENTION,2,Breast Cancer | Germline BRCA1/2 Mutations and | Metastatic Adenocarcinoma of the Pancreas,NCT02032823 | NCT02184195,https://clinicaltrials.gov/study/NCT02032823 | https://clinicaltrials.gov/study/NCT02184195,2020-01-27,2021-12-08,"Not an independently verified unique active drug; requires alias, arm and regimen review."
AZN,ASTRAZENECA PLC,olaparib | single agent chemotherapy,PROVISIONAL_SINGLE_INTERVENTION,1,"Relapsed Ovarian Cancer, BRCA Mutation, Platinum Sensitivity",NCT02282020,https://clinicaltrials.gov/study/NCT02282020,2019-12-02,2019-12-02,"Not an independently verified unique active drug; requires alias, arm and regimen review."
AZN,ASTRAZENECA PLC,"olive oil, 4g | omega-3-carboxylic acids, 2g | omega-3-carboxylic acids, 4g",PROVISIONAL_SINGLE_INTERVENTION,1,Cardiovascular Disease | Hypertriglyceridemia,NCT01408303,https://clinicaltrials.gov/study/NCT01408303,2014-12-05,2014-12-05,"Not an independently verified unique active drug; requires alias, arm and regimen review."
AZN,ASTRAZENECA PLC,omefas | placebo,PROVISIONAL_SINGLE_INTERVENTION,1,Severe Hypertriglyceridemia,NCT01242527,https://clinicaltrials.gov/study/NCT01242527,2013-09-06,2013-09-06,"Not an independently verified unique active drug; requires alias, arm and regimen review."
AZN,ASTRAZENECA PLC,osimertinib (azd9291) pemetrexed cisplatin or carboplatin | placebo for osimertinib (azd9291) pemetrexed cisplatin or carboplatin,PROVISIONAL_SINGLE_INTERVENTION,1,Non-small Cell Lung Cancer,NCT04765059,https://clinicaltrials.gov/study/NCT04765059,2026-01-13,2026-01-13,"Not an independently verified unique active drug; requires alias, arm and regimen review."
AZN,ASTRAZENECA PLC,osimertinib 80mg/40mg | placebo osimertinib 80mg/40mg,PROVISIONAL_SINGLE_INTERVENTION,1,Non Small Cell Lung Cancer (Stage III),NCT03521154,https://clinicaltrials.gov/study/NCT03521154,2025-04-03,2025-04-03,"Not an independently verified unique active drug; requires alias, arm and regimen review."
AZN,ASTRAZENECA PLC,osimertinib | pemetrexed/carboplatin | pemetrexed/cisplatin,PROVISIONAL_SINGLE_INTERVENTION,1,Non-Small Cell Lung Cancer,NCT04035486,https://clinicaltrials.gov/study/NCT04035486,2024-08-06,2024-08-06,"Not an independently verified unique active drug; requires alias, arm and regimen review."
AZN,ASTRAZENECA PLC,palcebo | zd4054,PROVISIONAL_SINGLE_INTERVENTION,1,Prostate Cancer,NCT00626548,https://clinicaltrials.gov/study/NCT00626548,2012-06-01,2012-06-01,"Not an independently verified unique active drug; requires alias, arm and regimen review."
AZN,ASTRAZENECA PLC,pioglitazone | placebo + metformin | saxagliptin + metformin,PROVISIONAL_SINGLE_INTERVENTION,1,"Diabetes Mellitus, Type 2",NCT00121667,https://clinicaltrials.gov/study/NCT00121667,2011-04-08,2011-04-08,"Not an independently verified unique active drug; requires alias, arm and regimen review."
AZN,ASTRAZENECA PLC,"placebo + insulin | saxagliptin, 5 mg + insulin",PROVISIONAL_SINGLE_INTERVENTION,1,Type 2 Diabetes,NCT00757588,https://clinicaltrials.gov/study/NCT00757588,2011-12-13,2011-12-13,"Not an independently verified unique active drug; requires alias, arm and regimen review."
AZN,ASTRAZENECA PLC,placebo for saxagliptin | saxagliptin 5mg,PROVISIONAL_SINGLE_INTERVENTION,1,Type 2 Diabetes Mellitus,NCT02104804,https://clinicaltrials.gov/study/NCT02104804,2017-10-02,2017-10-02,"Not an independently verified unique active drug; requires alias, arm and regimen review."
AZN,ASTRAZENECA PLC,placebo for terbutaline sulphate | terbutaline sulphate,PROVISIONAL_SINGLE_INTERVENTION,1,Asthma,NCT02322788,https://clinicaltrials.gov/study/NCT02322788,2016-11-07,2016-11-07,"Not an independently verified unique active drug; requires alias, arm and regimen review."
AZN,ASTRAZENECA PLC,placebo plus metformin ir | saxagliptin plus metformin ir,PROVISIONAL_SINGLE_INTERVENTION,1,Type 2 Diabetes Mellitus,NCT00885378,https://clinicaltrials.gov/study/NCT00885378,2011-12-16,2011-12-16,"Not an independently verified unique active drug; requires alias, arm and regimen review."
AZN,ASTRAZENECA PLC,placebo | quetiapine fumarate (seroquel) extended release,PROVISIONAL_SINGLE_INTERVENTION,1,Bipolar Depression,NCT01256177,https://clinicaltrials.gov/study/NCT01256177,2016-02-03,2016-02-03,"Not an independently verified unique active drug; requires alias, arm and regimen review."
AZN,ASTRAZENECA PLC,placebo | quetiapine fumarate xr,PROVISIONAL_SINGLE_INTERVENTION,1,Anxiety | Anxiety Disorders | Anxiety Neuroses | Anxiety States,NCT00534599,https://clinicaltrials.gov/study/NCT00534599,2011-04-05,2011-04-05,"Not an independently verified unique active drug; requires alias, arm and regimen review."
AZN,ASTRAZENECA PLC,placebo | quetiapine xr,PROVISIONAL_SINGLE_INTERVENTION,2,Anxiety Disorders | Bipolar Depression,NCT00389064 | NCT00811473,https://clinicaltrials.gov/study/NCT00389064 | https://clinicaltrials.gov/study/NCT00811473,2009-06-23,2011-12-01,"Not an independently verified unique active drug; requires alias, arm and regimen review."
AZN,ASTRAZENECA PLC,placebo | radioactive iodine therapy | selumetinib,PROVISIONAL_SINGLE_INTERVENTION,1,Differentiated Thyroid Cancer,NCT01843062,https://clinicaltrials.gov/study/NCT01843062,2019-04-22,2019-04-22,"Not an independently verified unique active drug; requires alias, arm and regimen review."
AZN,ASTRAZENECA PLC,placebo | roflumilast,PROVISIONAL_SINGLE_INTERVENTION,5,COPD | Chronic Obstructive Pulmonary Disease | Chronic Obstructive Pulmonary Disease | Chronic Obstructive Pulmonary Disease (COPD),NCT00297102 | NCT00297115 | NCT00313209 | NCT00424268 | NCT01509677,https://clinicaltrials.gov/study/NCT00297102 | https://clinicaltrials.gov/study/NCT00297115 | https://clinicaltrials.gov/study/NCT00313209 | https://clinicaltrials.gov/study/NCT00424268 | https://clinicaltrials.gov/study/NCT01509677,2011-05-19,2019-11-29,"Not an independently verified unique active drug; requires alias, arm and regimen review."
AZN,ASTRAZENECA PLC,placebo | roflumilast | salbutamol,PROVISIONAL_SINGLE_INTERVENTION,1,COPD,NCT01313494,https://clinicaltrials.gov/study/NCT01313494,2013-08-02,2013-08-02,"Not an independently verified unique active drug; requires alias, arm and regimen review."
AZN,ASTRAZENECA PLC,placebo | rosuvastatin,PROVISIONAL_SINGLE_INTERVENTION,2,Atherosclerosis | Familial Hypercholesterolemia,NCT00355615 | NCT02546323,https://clinicaltrials.gov/study/NCT00355615 | https://clinicaltrials.gov/study/NCT02546323,2009-07-20,2019-12-11,"Not an independently verified unique active drug; requires alias, arm and regimen review."
AZN,ASTRAZENECA PLC,placebo | rosuvastatin 20mg,PROVISIONAL_SINGLE_INTERVENTION,1,Homozygous Familial Hypercholesterolemia (HoFH),NCT02226198,https://clinicaltrials.gov/study/NCT02226198,2016-07-04,2016-07-04,"Not an independently verified unique active drug; requires alias, arm and regimen review."
AZN,ASTRAZENECA PLC,placebo | roxadustat,PROVISIONAL_SINGLE_INTERVENTION,1,Anemia,NCT02174627,https://clinicaltrials.gov/study/NCT02174627,2019-12-16,2019-12-16,"Not an independently verified unique active drug; requires alias, arm and regimen review."
AZN,ASTRAZENECA PLC,placebo | saxagliptin,PROVISIONAL_SINGLE_INTERVENTION,5,Type 2 Diabetes,NCT00614939 | NCT00683657 | NCT00698932 | NCT00918879 | NCT01128153,https://clinicaltrials.gov/study/NCT00614939 | https://clinicaltrials.gov/study/NCT00683657 | https://clinicaltrials.gov/study/NCT00698932 | https://clinicaltrials.gov/study/NCT00918879 | https://clinicaltrials.gov/study/NCT01128153,2010-03-10,2012-08-03,"Not an independently verified unique active drug; requires alias, arm and regimen review."
AZN,ASTRAZENECA PLC,placebo | saxagliptin | metformin,PROVISIONAL_SINGLE_INTERVENTION,1,Diabetes,NCT00316082,https://clinicaltrials.gov/study/NCT00316082,2009-09-25,2009-09-25,"Not an independently verified unique active drug; requires alias, arm and regimen review."
AZN,ASTRAZENECA PLC,placebo | saxagliptin | metformin | pioglitazone | rosiglitazone,PROVISIONAL_SINGLE_INTERVENTION,1,"Diabetes Mellitus, Type 2",NCT00295633,https://clinicaltrials.gov/study/NCT00295633,2009-09-25,2009-09-25,"Not an independently verified unique active drug; requires alias, arm and regimen review."
AZN,ASTRAZENECA PLC,placebo | sodium zirconium cyclosilicate,PROVISIONAL_SINGLE_INTERVENTION,2,Chronic Kidney Disease | Hyperkalaemia | Metabolic Acidosis | Hyperkalemia,NCT04217590 | NCT04727528,https://clinicaltrials.gov/study/NCT04217590 | https://clinicaltrials.gov/study/NCT04727528,2023-03-28,2023-10-06,"Not an independently verified unique active drug; requires alias, arm and regimen review."
AZN,ASTRAZENECA PLC,placebo | sodium zirconium cyclosilicate (zs),PROVISIONAL_SINGLE_INTERVENTION,1,Hyperkalemia,NCT03303521,https://clinicaltrials.gov/study/NCT03303521,2020-02-20,2020-02-20,"Not an independently verified unique active drug; requires alias, arm and regimen review."
AZN,ASTRAZENECA PLC,placebo | sodium zirconium cyclosilicate (zs) 10g | sodium zirconium cyclosilicate (zs) 5g,PROVISIONAL_SINGLE_INTERVENTION,2,Hyperkalemia,NCT02875834 | NCT03127644,https://clinicaltrials.gov/study/NCT02875834 | https://clinicaltrials.gov/study/NCT03127644,2019-05-20,2020-08-19,"Not an independently verified unique active drug; requires alias, arm and regimen review."
AZN,ASTRAZENECA PLC,placebo | sodium zirconium cyclosilicate 10g | sodium zirconium cyclosilicate 5g,PROVISIONAL_SINGLE_INTERVENTION,1,Hyperkalemia,NCT03528681,https://clinicaltrials.gov/study/NCT03528681,2025-05-14,2025-05-14,"Not an independently verified unique active drug; requires alias, arm and regimen review."
AZN,ASTRAZENECA PLC,placebo | tc-5214,PROVISIONAL_SINGLE_INTERVENTION,5,Depression | MDD | Major Depressive Disorder | Depression | Major Depressive Disorder | Major Depressive Disorder,NCT01152554 | NCT01153347 | NCT01157078 | NCT01180400 | NCT01197508,https://clinicaltrials.gov/study/NCT01152554 | https://clinicaltrials.gov/study/NCT01153347 | https://clinicaltrials.gov/study/NCT01157078 | https://clinicaltrials.gov/study/NCT01180400 | https://clinicaltrials.gov/study/NCT01197508,2012-10-29,2012-11-20,"Not an independently verified unique active drug; requires alias, arm and regimen review."
AZN,ASTRAZENECA PLC,placebo | tezepelumab,PROVISIONAL_SINGLE_INTERVENTION,1,Moderate to Severe Asthma,NCT05062759,https://clinicaltrials.gov/study/NCT05062759,2023-04-21,2023-04-21,"Not an independently verified unique active drug; requires alias, arm and regimen review."
AZN,ASTRAZENECA PLC,placebo | ticagrelor,PROVISIONAL_SINGLE_INTERVENTION,2,Acute Ischaemic Stroke | Transient Ischaemic Attack | Sickle Cell Disease,NCT03354429 | NCT03615924,https://clinicaltrials.gov/study/NCT03354429 | https://clinicaltrials.gov/study/NCT03615924,2020-12-22,2021-04-09,"Not an independently verified unique active drug; requires alias, arm and regimen review."
AZN,ASTRAZENECA PLC,placebo | zd4054,PROVISIONAL_SINGLE_INTERVENTION,1,Prostate Cancer,NCT00554229,https://clinicaltrials.gov/study/NCT00554229,2012-05-31,2012-05-31,"Not an independently verified unique active drug; requires alias, arm and regimen review."
AZN,ASTRAZENECA PLC,pulmicort turbuhaler | symbicort turbuhaler | symbicort pmdi,PROVISIONAL_SINGLE_INTERVENTION,1,Bronchial Asthma,NCT00536731,https://clinicaltrials.gov/study/NCT00536731,2012-08-15,2012-08-15,"Not an independently verified unique active drug; requires alias, arm and regimen review."
AZN,ASTRAZENECA PLC,quetiapine,PROVISIONAL_SINGLE_INTERVENTION,1,Major Depressive Disorder,NCT00388973,https://clinicaltrials.gov/study/NCT00388973,2010-04-01,2010-04-01,"Not an independently verified unique active drug; requires alias, arm and regimen review."
AZN,ASTRAZENECA PLC,quetiapine extended release | risperidone,PROVISIONAL_SINGLE_INTERVENTION,1,Depression | Schizophrenia,NCT00640562,https://clinicaltrials.gov/study/NCT00640562,2012-06-19,2012-06-19,"Not an independently verified unique active drug; requires alias, arm and regimen review."
AZN,ASTRAZENECA PLC,quetiapine fumarate,PROVISIONAL_SINGLE_INTERVENTION,1,Bipolar I Disorder | Schizophrenia,NCT00227305,https://clinicaltrials.gov/study/NCT00227305,2012-10-05,2012-10-05,"Not an independently verified unique active drug; requires alias, arm and regimen review."
AZN,ASTRAZENECA PLC,quetiapine fumarate (seroquel),PROVISIONAL_SINGLE_INTERVENTION,1,Schizophrenia,NCT00852631,https://clinicaltrials.gov/study/NCT00852631,2012-07-17,2012-07-17,"Not an independently verified unique active drug; requires alias, arm and regimen review."
AZN,ASTRAZENECA PLC,quetiapine fumarate extended- release,PROVISIONAL_SINGLE_INTERVENTION,1,Schizophrenia,NCT00640601,https://clinicaltrials.gov/study/NCT00640601,2012-06-22,2012-06-22,"Not an independently verified unique active drug; requires alias, arm and regimen review."
AZN,ASTRAZENECA PLC,quetiapine xr | risperidone,PROVISIONAL_SINGLE_INTERVENTION,1,Schizophrenic Disorders,NCT00600756,https://clinicaltrials.gov/study/NCT00600756,2012-09-12,2012-09-12,"Not an independently verified unique active drug; requires alias, arm and regimen review."
AZN,ASTRAZENECA PLC,quetiapine | risperidone,PROVISIONAL_SINGLE_INTERVENTION,1,Schizophrenic Disorders,NCT00660595,https://clinicaltrials.gov/study/NCT00660595,2010-09-17,2010-09-17,"Not an independently verified unique active drug; requires alias, arm and regimen review."
AZN,ASTRAZENECA PLC,roflumilast | roflumilast placebo | standard of care copd treatment,PROVISIONAL_SINGLE_INTERVENTION,1,Chronic Obstructive Pulmonary Disease (COPD),NCT02165826,https://clinicaltrials.gov/study/NCT02165826,2017-03-14,2017-03-14,"Not an independently verified unique active drug; requires alias, arm and regimen review."
AZN,ASTRAZENECA PLC,rosuvastatin,PROVISIONAL_SINGLE_INTERVENTION,1,Elevated High-sensitivity C-Reactive Protein (hsCRP),NCT00239681,https://clinicaltrials.gov/study/NCT00239681,2014-03-24,2014-03-24,"Not an independently verified unique active drug; requires alias, arm and regimen review."
AZN,ASTRAZENECA PLC,rosuvastatin 20mg,PROVISIONAL_SINGLE_INTERVENTION,1,Homozygous Familial Hypercholesterolemia (HoFH),NCT02434497,https://clinicaltrials.gov/study/NCT02434497,2018-02-27,2018-02-27,"Not an independently verified unique active drug; requires alias, arm and regimen review."
AZN,ASTRAZENECA PLC,rosuvastatin calcium,PROVISIONAL_SINGLE_INTERVENTION,1,Familial Hypercholesterolaemia,NCT01078675,https://clinicaltrials.gov/study/NCT01078675,2015-02-02,2015-02-02,"Not an independently verified unique active drug; requires alias, arm and regimen review."
AZN,ASTRAZENECA PLC,salbutamol pmdi | terbutaline turbuhaler®,PROVISIONAL_SINGLE_INTERVENTION,1,Asthma,NCT01096017,https://clinicaltrials.gov/study/NCT01096017,2012-08-31,2012-08-31,"Not an independently verified unique active drug; requires alias, arm and regimen review."
AZN,ASTRAZENECA PLC,savolitinib | sunitinib,PROVISIONAL_SINGLE_INTERVENTION,1,"Carcinoma | Carcinoma, Renal Cell | Enzyme Inhibitors | Kidney Diseases | Kidney Neoplasms | Neoplasms by Site | Protein Kinase Inhibitors | Urologic Neoplasms",NCT03091192,https://clinicaltrials.gov/study/NCT03091192,2020-07-10,2020-07-10,"Not an independently verified unique active drug; requires alias, arm and regimen review."
AZN,ASTRAZENECA PLC,saxagliptin | sitagliptin,PROVISIONAL_SINGLE_INTERVENTION,1,Type 2 Diabetes,NCT00666458,https://clinicaltrials.gov/study/NCT00666458,2010-04-15,2010-04-15,"Not an independently verified unique active drug; requires alias, arm and regimen review."
AZN,ASTRAZENECA PLC,selumetinib,PROVISIONAL_SINGLE_INTERVENTION,1,Neurofibromatosis 1 | Plexiform Neurofibroma (PN),NCT04924608,https://clinicaltrials.gov/study/NCT04924608,2025-10-20,2025-10-20,"Not an independently verified unique active drug; requires alias, arm and regimen review."
AZN,ASTRAZENECA PLC,symbicort pmdi,PROVISIONAL_SINGLE_INTERVENTION,1,Asthma,NCT02091986,https://clinicaltrials.gov/study/NCT02091986,2017-04-10,2017-04-10,"Not an independently verified unique active drug; requires alias, arm and regimen review."
AZN,ASTRAZENECA PLC,symbicort pmdi | budesonide pmdi,PROVISIONAL_SINGLE_INTERVENTION,1,Asthma,NCT01444430,https://clinicaltrials.gov/study/NCT01444430,2016-12-15,2016-12-15,"Not an independently verified unique active drug; requires alias, arm and regimen review."
AZN,ASTRAZENECA PLC,"symbicort tbh - turbuhaler | beta-ii-agonist, inhale steroid",PROVISIONAL_SINGLE_INTERVENTION,1,Asthma,NCT00628758,https://clinicaltrials.gov/study/NCT00628758,2012-08-14,2012-08-14,"Not an independently verified unique active drug; requires alias, arm and regimen review."
AZN,ASTRAZENECA PLC,symbicort turbuhaler | terbutaline turbuhaler,PROVISIONAL_SINGLE_INTERVENTION,2,Asthma,NCT00837967 | NCT00839800,https://clinicaltrials.gov/study/NCT00837967 | https://clinicaltrials.gov/study/NCT00839800,2012-08-29,2012-11-30,"Not an independently verified unique active drug; requires alias, arm and regimen review."
AZN,ASTRAZENECA PLC,szc placebo | sodium zirconium cyclosilicate (szc),PROVISIONAL_SINGLE_INTERVENTION,1,Hyperkalemia,NCT04847232,https://clinicaltrials.gov/study/NCT04847232,2025-06-18,2025-06-18,"Not an independently verified unique active drug; requires alias, arm and regimen review."
AZN,ASTRAZENECA PLC,tezepelumab,PROVISIONAL_SINGLE_INTERVENTION,4,Asthma,NCT03406078 | NCT03706079 | NCT05274815 | NCT05398263,https://clinicaltrials.gov/study/NCT03406078 | https://clinicaltrials.gov/study/NCT03706079 | https://clinicaltrials.gov/study/NCT05274815 | https://clinicaltrials.gov/study/NCT05398263,2021-12-09,2026-06-18,"Not an independently verified unique active drug; requires alias, arm and regimen review."
AZN,ASTRAZENECA PLC,tezepelumab (ai) | tezepelumab (apfs),PROVISIONAL_SINGLE_INTERVENTION,1,Asthma,NCT03968978,https://clinicaltrials.gov/study/NCT03968978,2021-07-29,2021-07-29,"Not an independently verified unique active drug; requires alias, arm and regimen review."
AZN,ASTRAZENECA PLC,ticagrelor 60 mg | ticagrelor 90 mg | ticagrelor placebo,PROVISIONAL_SINGLE_INTERVENTION,1,Atherothrombosis | Cardiovascular Death | Myocardial Infarction | Stroke,NCT01225562,https://clinicaltrials.gov/study/NCT01225562,2015-12-09,2015-12-09,"Not an independently verified unique active drug; requires alias, arm and regimen review."
AZN,ASTRAZENECA PLC,ticagrelor 60 mg | ticagrelor placebo,PROVISIONAL_SINGLE_INTERVENTION,1,"Diabetes Mellitus, Type 2",NCT01991795,https://clinicaltrials.gov/study/NCT01991795,2020-03-18,2020-03-18,"Not an independently verified unique active drug; requires alias, arm and regimen review."
AZN,ASTRAZENECA PLC,tralokinumab,PROVISIONAL_SINGLE_INTERVENTION,2,Asthma | Uncontrolled Asthma,NCT02161757 | NCT02281357,https://clinicaltrials.gov/study/NCT02161757 | https://clinicaltrials.gov/study/NCT02281357,2018-04-17,2018-05-16,"Not an independently verified unique active drug; requires alias, arm and regimen review."
AZN,ASTRAZENECA PLC,tralokinumab open-label,PROVISIONAL_SINGLE_INTERVENTION,1,Inadequately Controlled Asthma,NCT02902809,https://clinicaltrials.gov/study/NCT02902809,2019-09-06,2019-09-06,"Not an independently verified unique active drug; requires alias, arm and regimen review."
AZN,ASTRAZENECA PLC,trastuzumab deruxtecan,PROVISIONAL_SINGLE_INTERVENTION,1,Breast Cancer,NCT04739761,https://clinicaltrials.gov/study/NCT04739761,2025-05-16,2025-05-16,"Not an independently verified unique active drug; requires alias, arm and regimen review."
AZN,ASTRAZENECA PLC,zd9393 (zoladex) 10.8 mg | zd9393 (zoladex) 3.6 mg,PROVISIONAL_SINGLE_INTERVENTION,1,Breast Cancer,NCT01073865,https://clinicaltrials.gov/study/NCT01073865,2014-01-10,2014-01-10,"Not an independently verified unique active drug; requires alias, arm and regimen review."
AZN,ASTRAZENECA PLC,zirconium cyclosilicate,PROVISIONAL_SINGLE_INTERVENTION,1,Hyperkalemia,NCT03172702,https://clinicaltrials.gov/study/NCT03172702,2020-05-01,2020-05-01,"Not an independently verified unique active drug; requires alias, arm and regimen review."
BCRX,BIOCRYST PHARMACEUTICALS INC,bcx4161 | placebo,PROVISIONAL_SINGLE_INTERVENTION,1,HAE | Hereditary Angioedema,NCT02303626,https://clinicaltrials.gov/study/NCT02303626,2025-11-17,2025-11-17,"Not an independently verified unique active drug; requires alias, arm and regimen review."
BCRX,BIOCRYST PHARMACEUTICALS INC,bcx7353,PROVISIONAL_SINGLE_INTERVENTION,1,HAE | Hereditary Angioedema | Prophylaxis,NCT03472040,https://clinicaltrials.gov/study/NCT03472040,2023-06-18,2023-06-18,"Not an independently verified unique active drug; requires alias, arm and regimen review."
BCRX,BIOCRYST PHARMACEUTICALS INC,bcx7353 capsules | placebo oral capsule,PROVISIONAL_SINGLE_INTERVENTION,2,"HAE | Hereditary Angioedema | Hereditary Angioedema, HAE",NCT03485911 | NCT03873116,https://clinicaltrials.gov/study/NCT03485911 | https://clinicaltrials.gov/study/NCT03873116,2021-03-02,2021-03-04,"Not an independently verified unique active drug; requires alias, arm and regimen review."
BCRX,BIOCRYST PHARMACEUTICALS INC,berotralstat,PROVISIONAL_SINGLE_INTERVENTION,1,Hereditary Angioedema | Pediatric,NCT05453968,https://clinicaltrials.gov/study/NCT05453968,2026-02-25,2026-02-25,"Not an independently verified unique active drug; requires alias, arm and regimen review."
BCRX,BIOCRYST PHARMACEUTICALS INC,oseltamivir | peramivir,PROVISIONAL_SINGLE_INTERVENTION,1,Influenza,NCT02369159,https://clinicaltrials.gov/study/NCT02369159,2021-03-23,2021-03-23,"Not an independently verified unique active drug; requires alias, arm and regimen review."
BCRX,BIOCRYST PHARMACEUTICALS INC,peramivir,PROVISIONAL_SINGLE_INTERVENTION,2,Cough | Fatigue | Headache | Myalgia | Nasal Congestion | Seasonal Influenza | Sore Throat | Influenza,NCT00957996 | NCT02635724,https://clinicaltrials.gov/study/NCT00957996 | https://clinicaltrials.gov/study/NCT02635724,2015-02-12,2021-03-23,"Not an independently verified unique active drug; requires alias, arm and regimen review."
BCRX,BIOCRYST PHARMACEUTICALS INC,peramivir | placebo,PROVISIONAL_SINGLE_INTERVENTION,1,Influenza,NCT00610935,https://clinicaltrials.gov/study/NCT00610935,2021-03-17,2021-03-17,"Not an independently verified unique active drug; requires alias, arm and regimen review."
BCRX,BIOCRYST PHARMACEUTICALS INC,peramivir+soc | placebo+soc,PROVISIONAL_SINGLE_INTERVENTION,1,Cough | Fever | Headache | Nasal Congestion | Seasonal Influenza | Sore Throat,NCT00958776,https://clinicaltrials.gov/study/NCT00958776,2015-02-12,2015-02-12,"Not an independently verified unique active drug; requires alias, arm and regimen review."
BIIB,BIOGEN INC.,aducanumab,PROVISIONAL_SINGLE_INTERVENTION,1,Alzheimer's Disease,NCT04241068,https://clinicaltrials.gov/study/NCT04241068,2025-02-21,2025-02-21,"Not an independently verified unique active drug; requires alias, arm and regimen review."
BIIB,BIOGEN INC.,aducanumab (biib037) | placebo,PROVISIONAL_SINGLE_INTERVENTION,2,Alzheimer's Disease,NCT02477800 | NCT02484547,https://clinicaltrials.gov/study/NCT02477800 | https://clinicaltrials.gov/study/NCT02484547,2021-09-02,2021-09-02,"Not an independently verified unique active drug; requires alias, arm and regimen review."
BIIB,BIOGEN INC.,aducanumab | placebo,PROVISIONAL_SINGLE_INTERVENTION,1,Alzheimer's Disease,NCT05310071,https://clinicaltrials.gov/study/NCT05310071,2025-04-23,2025-04-23,"Not an independently verified unique active drug; requires alias, arm and regimen review."
BIIB,BIOGEN INC.,alks 8700,PROVISIONAL_SINGLE_INTERVENTION,1,Multiple Sclerosis,NCT02634307,https://clinicaltrials.gov/study/NCT02634307,2022-06-24,2022-06-24,"Not an independently verified unique active drug; requires alias, arm and regimen review."
BIIB,BIOGEN INC.,alks 8700 | dimethyl fumarate,PROVISIONAL_SINGLE_INTERVENTION,1,Relapsing Remitting Multiple Sclerosis,NCT03093324,https://clinicaltrials.gov/study/NCT03093324,2020-07-14,2020-07-14,"Not an independently verified unique active drug; requires alias, arm and regimen review."
BIIB,BIOGEN INC.,asa | asa placebo | bg00012 (dimethyl fumarate) | bg00012 placebo,PROVISIONAL_SINGLE_INTERVENTION,1,Healthy,NCT01568112,https://clinicaltrials.gov/study/NCT01568112,2016-06-13,2016-06-13,"Not an independently verified unique active drug; requires alias, arm and regimen review."
BIIB,BIOGEN INC.,bardoxolone methyl,PROVISIONAL_SINGLE_INTERVENTION,2,Alport Syndrome | Autosomal Dominant Polycystic Kidney | Chronic Kidney Diseases | Pulmonary Hypertension,NCT03068130 | NCT03749447,https://clinicaltrials.gov/study/NCT03068130 | https://clinicaltrials.gov/study/NCT03749447,2023-10-12,2024-03-19,"Not an independently verified unique active drug; requires alias, arm and regimen review."
BIIB,BIOGEN INC.,bardoxolone methyl capsules | placebo capsules,PROVISIONAL_SINGLE_INTERVENTION,1,Connective Tissue Disease-Associated Pulmonary Arterial Hypertension,NCT02657356,https://clinicaltrials.gov/study/NCT02657356,2023-05-19,2023-05-19,"Not an independently verified unique active drug; requires alias, arm and regimen review."
BIIB,BIOGEN INC.,bardoxolone methyl oral capsule | placebo oral capsule,PROVISIONAL_SINGLE_INTERVENTION,1,ADPKD | Autosomal Dominant Polycystic Kidney,NCT03918447,https://clinicaltrials.gov/study/NCT03918447,2024-06-11,2024-06-11,"Not an independently verified unique active drug; requires alias, arm and regimen review."
BIIB,BIOGEN INC.,bardoxolone methyl | placebo oral capsule,PROVISIONAL_SINGLE_INTERVENTION,1,Alport Syndrome,NCT03019185,https://clinicaltrials.gov/study/NCT03019185,2023-10-11,2023-10-11,"Not an independently verified unique active drug; requires alias, arm and regimen review."
BIIB,BIOGEN INC.,bg00002 (natalizumab),PROVISIONAL_SINGLE_INTERVENTION,1,"Multiple Sclerosis, Relapsing-Remitting",NCT00306592,https://clinicaltrials.gov/study/NCT00306592,2010-01-26,2010-01-26,"Not an independently verified unique active drug; requires alias, arm and regimen review."
BIIB,BIOGEN INC.,bg00002 (natalizumab) | glatiramer acetate | interferon beta-1a,PROVISIONAL_SINGLE_INTERVENTION,1,Relapsing Remitting Multiple Sclerosis,NCT01058005,https://clinicaltrials.gov/study/NCT01058005,2014-08-13,2014-08-13,"Not an independently verified unique active drug; requires alias, arm and regimen review."
BIIB,BIOGEN INC.,bg00012 | glatiramer acetate | placebo,PROVISIONAL_SINGLE_INTERVENTION,1,Relapsing-Remitting Multiple Sclerosis,NCT00451451,https://clinicaltrials.gov/study/NCT00451451,2014-06-02,2014-06-02,"Not an independently verified unique active drug; requires alias, arm and regimen review."
BIIB,BIOGEN INC.,bg00012 | placebo,PROVISIONAL_SINGLE_INTERVENTION,1,Relapsing-Remitting Multiple Sclerosis,NCT00420212,https://clinicaltrials.gov/study/NCT00420212,2014-06-02,2014-06-02,"Not an independently verified unique active drug; requires alias, arm and regimen review."
BIIB,BIOGEN INC.,bg9418 (interferon beta 1-a),PROVISIONAL_SINGLE_INTERVENTION,1,Multiple Sclerosis,NCT00784836,https://clinicaltrials.gov/study/NCT00784836,2014-05-07,2014-05-07,"Not an independently verified unique active drug; requires alias, arm and regimen review."
BIIB,BIOGEN INC.,bg9418 (interferon beta-1a),PROVISIONAL_SINGLE_INTERVENTION,1,Multiple Sclerosis,NCT00828204,https://clinicaltrials.gov/study/NCT00828204,2011-08-09,2011-08-09,"Not an independently verified unique active drug; requires alias, arm and regimen review."
BIIB,BIOGEN INC.,biib017 (peginterferon beta-1a) | placebo,PROVISIONAL_SINGLE_INTERVENTION,1,Relapsing Multiple Sclerosis,NCT00906399,https://clinicaltrials.gov/study/NCT00906399,2014-09-19,2014-09-19,"Not an independently verified unique active drug; requires alias, arm and regimen review."
BIIB,BIOGEN INC.,biib017 | naproxen,PROVISIONAL_SINGLE_INTERVENTION,1,Relapsing Multiple Sclerosis,NCT01939002,https://clinicaltrials.gov/study/NCT01939002,2017-01-25,2017-01-25,"Not an independently verified unique active drug; requires alias, arm and regimen review."
BIIB,BIOGEN INC.,biib019 (daclizumab high yield process) | daclizumab high yield process placebo | interferon beta-1a | interferon beta-1a placebo,PROVISIONAL_SINGLE_INTERVENTION,1,Relapsing-Remitting Multiple Sclerosis,NCT01064401,https://clinicaltrials.gov/study/NCT01064401,2016-07-11,2016-07-11,"Not an independently verified unique active drug; requires alias, arm and regimen review."
BIIB,BIOGEN INC.,biib019 (daclizumab),PROVISIONAL_SINGLE_INTERVENTION,1,Multiple Sclerosis | Relapsing-Remitting Multiple Sclerosis,NCT01797965,https://clinicaltrials.gov/study/NCT01797965,2019-12-04,2019-12-04,"Not an independently verified unique active drug; requires alias, arm and regimen review."
BIIB,BIOGEN INC.,biib019 (daclizumab) | dextromethorphan | midazolam | omeprazole | s-warfarin,PROVISIONAL_SINGLE_INTERVENTION,1,Relapsing-Remitting Multiple Sclerosis,NCT01462318,https://clinicaltrials.gov/study/NCT01462318,2017-03-14,2017-03-14,"Not an independently verified unique active drug; requires alias, arm and regimen review."
BIIB,BIOGEN INC.,biib122 | biib122-matching placebo,PROVISIONAL_SINGLE_INTERVENTION,1,Parkinson Disease,NCT05418673,https://clinicaltrials.gov/study/NCT05418673,2024-06-26,2024-06-26,"Not an independently verified unique active drug; requires alias, arm and regimen review."
BIIB,BIOGEN INC.,citalopram | desvenlafaxine | duloxetine | escitalopram | matching placebo | sage-217 | sertraline,PROVISIONAL_SINGLE_INTERVENTION,1,"Depressive Disorder, Major",NCT04476030,https://clinicaltrials.gov/study/NCT04476030,2023-11-07,2023-11-07,"Not an independently verified unique active drug; requires alias, arm and regimen review."
BIIB,BIOGEN INC.,daclizumab,PROVISIONAL_SINGLE_INTERVENTION,1,Relapsing-Remitting Multiple Sclerosis (RRMS),NCT02881567,https://clinicaltrials.gov/study/NCT02881567,2019-09-24,2019-09-24,"Not an independently verified unique active drug; requires alias, arm and regimen review."
BIIB,BIOGEN INC.,dimethyl fumarate,PROVISIONAL_SINGLE_INTERVENTION,4,"Multiple Sclerosis | Multiple Sclerosis | Multiple Sclerosis, Relapsing-Remitting | Multiple Sclerosis, Relapsing-Remitting | Multiple Sclerosis, Secondary Progressive",NCT02428231 | NCT02430532 | NCT02525874 | NCT02555215,https://clinicaltrials.gov/study/NCT02428231 | https://clinicaltrials.gov/study/NCT02430532 | https://clinicaltrials.gov/study/NCT02525874 | https://clinicaltrials.gov/study/NCT02555215,2017-03-27,2019-11-22,"Not an independently verified unique active drug; requires alias, arm and regimen review."
BIIB,BIOGEN INC.,dimethyl fumarate | peginterferon beta-1a | placebo,PROVISIONAL_SINGLE_INTERVENTION,1,"Multiple Sclerosis, Relapsing-Remitting",NCT03870763,https://clinicaltrials.gov/study/NCT03870763,2023-05-16,2023-05-16,"Not an independently verified unique active drug; requires alias, arm and regimen review."
BIIB,BIOGEN INC.,diroximel fumarate,PROVISIONAL_SINGLE_INTERVENTION,1,Relapsing Forms of Multiple Sclerosis,NCT05083923,https://clinicaltrials.gov/study/NCT05083923,2025-10-24,2025-10-24,"Not an independently verified unique active drug; requires alias, arm and regimen review."
BIIB,BIOGEN INC.,interferon β-1a | dimethyl fumarate,PROVISIONAL_SINGLE_INTERVENTION,1,Relapsing-Remitting Multiple Sclerosis,NCT02283853,https://clinicaltrials.gov/study/NCT02283853,2026-05-19,2026-05-19,"Not an independently verified unique active drug; requires alias, arm and regimen review."
BIIB,BIOGEN INC.,natalizumab,PROVISIONAL_SINGLE_INTERVENTION,3,"Multiple Sclerosis, Relapsing-Remitting | Relapsing-Remitting Multiple Sclerosis",NCT00297232 | NCT03689972 | NCT05265728,https://clinicaltrials.gov/study/NCT00297232 | https://clinicaltrials.gov/study/NCT03689972 | https://clinicaltrials.gov/study/NCT05265728,2015-05-29,2025-11-25,"Not an independently verified unique active drug; requires alias, arm and regimen review."
BIIB,BIOGEN INC.,natalizumab (bg00002) | placebo,PROVISIONAL_SINGLE_INTERVENTION,1,Multiple Sclerosis,NCT01440101,https://clinicaltrials.gov/study/NCT01440101,2014-10-21,2014-10-21,"Not an independently verified unique active drug; requires alias, arm and regimen review."
BIIB,BIOGEN INC.,nusinersen,PROVISIONAL_SINGLE_INTERVENTION,4,"Muscular Atrophy, Spinal | Spinal Muscular Atrophy",NCT02193074 | NCT02292537 | NCT02594124 | NCT04089566,https://clinicaltrials.gov/study/NCT02193074 | https://clinicaltrials.gov/study/NCT02292537 | https://clinicaltrials.gov/study/NCT02594124 | https://clinicaltrials.gov/study/NCT04089566,2017-07-28,2025-06-05,"Not an independently verified unique active drug; requires alias, arm and regimen review."
BIIB,BIOGEN INC.,peginterferon beta-1a,PROVISIONAL_SINGLE_INTERVENTION,1,Relapsing Multiple Sclerosis,NCT01332019,https://clinicaltrials.gov/study/NCT01332019,2017-01-13,2017-01-13,"Not an independently verified unique active drug; requires alias, arm and regimen review."
BIIB,BIOGEN INC.,placebo | dimethyl fumarate,PROVISIONAL_SINGLE_INTERVENTION,1,Relapsing-Remitting Multiple Sclerosis,NCT00835770,https://clinicaltrials.gov/study/NCT00835770,2020-12-31,2020-12-31,"Not an independently verified unique active drug; requires alias, arm and regimen review."
BIIB,BIOGEN INC.,placebo | fampridine,PROVISIONAL_SINGLE_INTERVENTION,1,Multiple Sclerosis,NCT02219932,https://clinicaltrials.gov/study/NCT02219932,2017-03-27,2017-03-27,"Not an independently verified unique active drug; requires alias, arm and regimen review."
BIIB,BIOGEN INC.,placebo | natalizumab,PROVISIONAL_SINGLE_INTERVENTION,1,Secondary Progressive Multiple Sclerosis,NCT01416181,https://clinicaltrials.gov/study/NCT01416181,2017-06-27,2017-06-27,"Not an independently verified unique active drug; requires alias, arm and regimen review."
BIIB,BIOGEN INC.,placebo | sage 217 30 mg capsules | sage-217 15/20 mg oral solution,PROVISIONAL_SINGLE_INTERVENTION,1,Postpartum Depression,NCT02978326,https://clinicaltrials.gov/study/NCT02978326,2021-12-16,2021-12-16,"Not an independently verified unique active drug; requires alias, arm and regimen review."
BIIB,BIOGEN INC.,placebo | sage-217,PROVISIONAL_SINGLE_INTERVENTION,5,"Depression, Postpartum | Depressive Disorder, Major | Insomnia | Major Depressive Disorder | Major Depressive Disorder",NCT03672175 | NCT03771664 | NCT04007367 | NCT04442490 | NCT04442503,https://clinicaltrials.gov/study/NCT03672175 | https://clinicaltrials.gov/study/NCT03771664 | https://clinicaltrials.gov/study/NCT04007367 | https://clinicaltrials.gov/study/NCT04442490 | https://clinicaltrials.gov/study/NCT04442503,2022-10-03,2023-12-05,"Not an independently verified unique active drug; requires alias, arm and regimen review."
BIIB,BIOGEN INC.,placebo | tofersen,PROVISIONAL_SINGLE_INTERVENTION,1,Amyotrophic Lateral Sclerosis,NCT02623699,https://clinicaltrials.gov/study/NCT02623699,2023-07-28,2023-07-28,"Not an independently verified unique active drug; requires alias, arm and regimen review."
BIIB,BIOGEN INC.,sage-217,PROVISIONAL_SINGLE_INTERVENTION,1,Major Depressive Disorder,NCT03864614,https://clinicaltrials.gov/study/NCT03864614,2024-07-18,2024-07-18,"Not an independently verified unique active drug; requires alias, arm and regimen review."
BIIB,BIOGEN INC.,tofersen,PROVISIONAL_SINGLE_INTERVENTION,1,ALS Caused by Superoxide Dismutase 1 (SOD1) Mutation,NCT03070119,https://clinicaltrials.gov/study/NCT03070119,2025-08-29,2025-08-29,"Not an independently verified unique active drug; requires alias, arm and regimen review."
BLRX,BioLineRx Ltd.,bl-8040 1.25 mg/kg + g-csf | placebo +g-csf,PROVISIONAL_SINGLE_INTERVENTION,1,Multiple Myeloma,NCT03246529,https://clinicaltrials.gov/study/NCT03246529,2023-11-07,2023-11-07,"Not an independently verified unique active drug; requires alias, arm and regimen review."
BLRX,BioLineRx Ltd.,cyp-1020 | risperidone,PROVISIONAL_SINGLE_INTERVENTION,1,Cognitive Effect on Schizophrenic Patients | Schizophrenia,NCT01363349,https://clinicaltrials.gov/study/NCT01363349,2014-09-18,2014-09-18,"Not an independently verified unique active drug; requires alias, arm and regimen review."
BMRN,BIOMARIN PHARMACEUTICAL INC,bmn 110 - every other week | bmn 110 - weekly,PROVISIONAL_SINGLE_INTERVENTION,1,MPS IVA | Morquio A Syndrome | Mucopolysaccharidosis IV A,NCT01415427,https://clinicaltrials.gov/study/NCT01415427,2017-05-19,2017-05-19,"Not an independently verified unique active drug; requires alias, arm and regimen review."
BMRN,BIOMARIN PHARMACEUTICAL INC,bmn 110 every other week | bmn 110 weekly | placebo,PROVISIONAL_SINGLE_INTERVENTION,1,MPS IV A,NCT01275066,https://clinicaltrials.gov/study/NCT01275066,2014-04-15,2014-04-15,"Not an independently verified unique active drug; requires alias, arm and regimen review."
BMRN,BIOMARIN PHARMACEUTICAL INC,bmn 111 | placebo,PROVISIONAL_SINGLE_INTERVENTION,1,Achondroplasia,NCT03197766,https://clinicaltrials.gov/study/NCT03197766,2022-03-02,2022-03-02,"Not an independently verified unique active drug; requires alias, arm and regimen review."
BMRN,BIOMARIN PHARMACEUTICAL INC,bmn 165,PROVISIONAL_SINGLE_INTERVENTION,1,Phenylketonuria,NCT01819727,https://clinicaltrials.gov/study/NCT01819727,2018-09-10,2018-09-10,"Not an independently verified unique active drug; requires alias, arm and regimen review."
BMRN,BIOMARIN PHARMACEUTICAL INC,bmn 701,PROVISIONAL_SINGLE_INTERVENTION,1,Late-onset Pompe Disease,NCT01924845,https://clinicaltrials.gov/study/NCT01924845,2018-06-14,2018-06-14,"Not an independently verified unique active drug; requires alias, arm and regimen review."
BMRN,BIOMARIN PHARMACEUTICAL INC,bmn165 20mg/day | bmn165 40mg/day | placebo,PROVISIONAL_SINGLE_INTERVENTION,1,Phenylketonuria (PKU),NCT01889862,https://clinicaltrials.gov/study/NCT01889862,2019-07-12,2019-07-12,"Not an independently verified unique active drug; requires alias, arm and regimen review."
BMRN,BIOMARIN PHARMACEUTICAL INC,kuvan®,PROVISIONAL_SINGLE_INTERVENTION,1,Phenylketonuria,NCT01376908,https://clinicaltrials.gov/study/NCT01376908,2016-05-12,2016-05-12,"Not an independently verified unique active drug; requires alias, arm and regimen review."
BMRN,BIOMARIN PHARMACEUTICAL INC,n-acetylgalactosamine 4-sulfatase | placebo,PROVISIONAL_SINGLE_INTERVENTION,1,Mucopolysaccharidosis VI,NCT00067470,https://clinicaltrials.gov/study/NCT00067470,2009-08-17,2009-08-17,"Not an independently verified unique active drug; requires alias, arm and regimen review."
BMRN,BIOMARIN PHARMACEUTICAL INC,n-acetylgalactosamine 4-sulfatase | placebo/rhasb,PROVISIONAL_SINGLE_INTERVENTION,1,Mucopolysaccharidosis VI,NCT00104234,https://clinicaltrials.gov/study/NCT00104234,2009-03-06,2009-03-06,"Not an independently verified unique active drug; requires alias, arm and regimen review."
BMRN,BIOMARIN PHARMACEUTICAL INC,pegvaliase,PROVISIONAL_SINGLE_INTERVENTION,2,Phenylketonuria (PKU),NCT03694353 | NCT05270837,https://clinicaltrials.gov/study/NCT03694353 | https://clinicaltrials.gov/study/NCT05270837,2022-02-17,2026-07-21,"Not an independently verified unique active drug; requires alias, arm and regimen review."
BMRN,BIOMARIN PHARMACEUTICAL INC,placebo | sapropterin dihydrochloride,PROVISIONAL_SINGLE_INTERVENTION,2,Phenylketonuria | Phenylketonurias,NCT00272792 | NCT01114737,https://clinicaltrials.gov/study/NCT00272792 | https://clinicaltrials.gov/study/NCT01114737,2009-07-09,2016-02-01,"Not an independently verified unique active drug; requires alias, arm and regimen review."
BMRN,BIOMARIN PHARMACEUTICAL INC,sapropterin dihydrochloride,PROVISIONAL_SINGLE_INTERVENTION,2,Phenylketonuria,NCT00332189 | NCT00838435,https://clinicaltrials.gov/study/NCT00332189 | https://clinicaltrials.gov/study/NCT00838435,2012-11-16,2020-12-22,"Not an independently verified unique active drug; requires alias, arm and regimen review."
BMRN,BIOMARIN PHARMACEUTICAL INC,"sapropterin dihydrochloride, 6r-bh4, tetrahydrobiopterin",PROVISIONAL_SINGLE_INTERVENTION,1,Phenylketonurias,NCT00104247,https://clinicaltrials.gov/study/NCT00104247,2009-04-16,2009-04-16,"Not an independently verified unique active drug; requires alias, arm and regimen review."
BMRN,BIOMARIN PHARMACEUTICAL INC,valoctocogene roxaparvovec,PROVISIONAL_SINGLE_INTERVENTION,3,Hemophilia A,NCT03370913 | NCT03392974 | NCT04323098,https://clinicaltrials.gov/study/NCT03370913 | https://clinicaltrials.gov/study/NCT03392974 | https://clinicaltrials.gov/study/NCT04323098,2021-10-08,2024-04-04,"Not an independently verified unique active drug; requires alias, arm and regimen review."
BNTX,BioNTech SE,bnt162b1 | bnt162b2 | bnt162b2sa,PROVISIONAL_SINGLE_INTERVENTION,1,COVID-19 | SARS-CoV-2 Infection,NCT04368728,https://clinicaltrials.gov/study/NCT04368728,2026-03-25,2026-03-25,"Not an independently verified unique active drug; requires alias, arm and regimen review."
BNTX,BioNTech SE,bnt162b2,PROVISIONAL_SINGLE_INTERVENTION,2,COVID-19 | Maternal Immunization | SARS-CoV-2 Infection | COVID-19 | SARS-CoV-2 Infection,NCT04754594 | NCT04816669,https://clinicaltrials.gov/study/NCT04754594 | https://clinicaltrials.gov/study/NCT04816669,2022-12-23,2024-12-06,"Not an independently verified unique active drug; requires alias, arm and regimen review."
BNTX,BioNTech SE,bnt162b2 (omi jn.1) | bnt162b2 (omi kp.2) | bnt162b2 (omi xbb.1.5),PROVISIONAL_SINGLE_INTERVENTION,1,COVID-19 | SARS-CoV-2 Infection,NCT05997290,https://clinicaltrials.gov/study/NCT05997290,2026-04-28,2026-04-28,"Not an independently verified unique active drug; requires alias, arm and regimen review."
BNTX,BioNTech SE,bnt162b2 20mcg | bnt162b2 30mcg | biological/vaccine: bnt162b2 10mcg | biological/vaccine: bnt162b2 3mcg,PROVISIONAL_SINGLE_INTERVENTION,1,"SARS-CoV-2 Infection, COVID-19",NCT04816643,https://clinicaltrials.gov/study/NCT04816643,2026-05-28,2026-05-28,"Not an independently verified unique active drug; requires alias, arm and regimen review."
BNTX,BioNTech SE,bnt162b2 bivalent (wt/omi ba.1) | bnt162b2 bivalent (wt/omi ba.4/ba.5) | bnt162b5 bivalent (original/omi ba.4/ba.5) | bnt162b5 bivalent (wt/omi ba.2) | bnt162b6 bivalent (original/omi ba.4/ba.5) | bnt162b7 bivalent (original/omi ba.4/ba.5) | bnt162b7 monovalent (omi ba.4/ba.5),PROVISIONAL_SINGLE_INTERVENTION,1,COVID-19 | SARS-CoV-2 Infection,NCT05472038,https://clinicaltrials.gov/study/NCT05472038,2025-10-01,2025-10-01,"Not an independently verified unique active drug; requires alias, arm and regimen review."
BNTX,BioNTech SE,bnt162b2 | bnt162b2 omi | combination (bivalent) bnt162b2 and bnt162b2 omi | combination bnt162b2 and bnt162b2 omi,PROVISIONAL_SINGLE_INTERVENTION,1,COVID-19 | SARS-CoV-2 Infection,NCT04955626,https://clinicaltrials.gov/study/NCT04955626,2025-11-10,2025-11-10,"Not an independently verified unique active drug; requires alias, arm and regimen review."
BNTX,BioNTech SE,bnt162b2 | bnt162b2.b.1.351,PROVISIONAL_SINGLE_INTERVENTION,1,COVID-19 | SARS-CoV-2 Infection,NCT04713553,https://clinicaltrials.gov/study/NCT04713553,2022-12-22,2022-12-22,"Not an independently verified unique active drug; requires alias, arm and regimen review."
BNTX,BioNTech SE,bnt162b2 | seasonal inactivated influenza vaccine,PROVISIONAL_SINGLE_INTERVENTION,1,COVID-19 | SARS-CoV-2 Infection,NCT05310084,https://clinicaltrials.gov/study/NCT05310084,2023-11-24,2023-11-24,"Not an independently verified unique active drug; requires alias, arm and regimen review."
BNTX,BioNTech SE,covid-19 vaccine | influenza and covid-19 combination a | influenza and covid-19 combination b | investigational influenza vaccine | licensed influenza vaccine | placebo,PROVISIONAL_SINGLE_INTERVENTION,1,COVID-19 | Influenza,NCT06178991,https://clinicaltrials.gov/study/NCT06178991,2025-12-04,2025-12-04,"Not an independently verified unique active drug; requires alias, arm and regimen review."
CANF,Can-Fite BioPharma Ltd.,cf101,PROVISIONAL_SINGLE_INTERVENTION,1,Keratoconjunctivitis Sicca,NCT01235234,https://clinicaltrials.gov/study/NCT01235234,2015-03-11,2015-03-11,"Not an independently verified unique active drug; requires alias, arm and regimen review."
CANF,Can-Fite BioPharma Ltd.,cf101 | placebo,PROVISIONAL_SINGLE_INTERVENTION,1,Plaque Psoriasis,NCT01265667,https://clinicaltrials.gov/study/NCT01265667,2017-09-20,2017-09-20,"Not an independently verified unique active drug; requires alias, arm and regimen review."
CHRS,"Coherus Oncology, Inc.",adalimumab | chs-1420,PROVISIONAL_SINGLE_INTERVENTION,1,Plaque Psoriasis,NCT02489227,https://clinicaltrials.gov/study/NCT02489227,2019-10-18,2019-10-18,"Not an independently verified unique active drug; requires alias, arm and regimen review."
CHRS,"Coherus Oncology, Inc.",chs-0214,PROVISIONAL_SINGLE_INTERVENTION,1,Plaque Psoriasis | Rheumatoid Arthritis,NCT02486939,https://clinicaltrials.gov/study/NCT02486939,2018-12-27,2018-12-27,"Not an independently verified unique active drug; requires alias, arm and regimen review."
CHRS,"Coherus Oncology, Inc.",chs-0214 | etanercept,PROVISIONAL_SINGLE_INTERVENTION,2,Plaque Psoriasis | Rheumatoid Arthritis,NCT02115750 | NCT02134210,https://clinicaltrials.gov/study/NCT02115750 | https://clinicaltrials.gov/study/NCT02134210,2019-05-13,2019-06-26,"Not an independently verified unique active drug; requires alias, arm and regimen review."
COLL,"COLLEGIUM PHARMACEUTICAL, INC",oxycodone deterx | placebo,PROVISIONAL_SINGLE_INTERVENTION,1,Chronic Low Back Pain,NCT01685684,https://clinicaltrials.gov/study/NCT01685684,2017-02-23,2017-02-23,"Not an independently verified unique active drug; requires alias, arm and regimen review."
CORT,CORCEPT THERAPEUTICS INC,mifepristone,PROVISIONAL_SINGLE_INTERVENTION,3,Cushing's Disease | Cushing's Syndrome | Cushing's Syndrome,NCT00569582 | NCT00936741 | NCT01371565,https://clinicaltrials.gov/study/NCT00569582 | https://clinicaltrials.gov/study/NCT00936741 | https://clinicaltrials.gov/study/NCT01371565,2012-05-28,2014-04-02,"Not an independently verified unique active drug; requires alias, arm and regimen review."
CORT,CORCEPT THERAPEUTICS INC,mifepristone | placebo,PROVISIONAL_SINGLE_INTERVENTION,1,Psychosis | Psychotic Depression | Severe Major Depression With Psychotic Features,NCT00637494,https://clinicaltrials.gov/study/NCT00637494,2017-02-16,2017-02-16,"Not an independently verified unique active drug; requires alias, arm and regimen review."
CORT,CORCEPT THERAPEUTICS INC,nab-paclitaxel 100 mg/m^2 | nab-paclitaxel 80 mg/m^2 | relacorilant 150 mg,PROVISIONAL_SINGLE_INTERVENTION,1,Fallopian Tube Neoplasms | Ovarian Neoplasm | Peritoneal Neoplasms,NCT05257408,https://clinicaltrials.gov/study/NCT05257408,2026-09-25,2026-09-25,"Not an independently verified unique active drug; requires alias, arm and regimen review."
CORT,CORCEPT THERAPEUTICS INC,"nab-paclitaxel | relacorilant, 100 mg and 25 mg",PROVISIONAL_SINGLE_INTERVENTION,1,Metastatic Pancreatic Ductal Adenocarcinoma,NCT04329949,https://clinicaltrials.gov/study/NCT04329949,2023-11-18,2023-11-18,"Not an independently verified unique active drug; requires alias, arm and regimen review."
CORT,CORCEPT THERAPEUTICS INC,relacorilant,PROVISIONAL_SINGLE_INTERVENTION,2,Cushing Syndrome | Hypercortisolism,NCT03697109 | NCT04308590,https://clinicaltrials.gov/study/NCT03697109 | https://clinicaltrials.gov/study/NCT04308590,2025-04-24,2025-08-03,"Not an independently verified unique active drug; requires alias, arm and regimen review."
CPIX,CUMBERLAND PHARMACEUTICALS INC,acetadote | acetadote ef (ethylenediaminetetraacetic acid (edta) - free),PROVISIONAL_SINGLE_INTERVENTION,1,Acetaminophen Overdose,NCT01118663,https://clinicaltrials.gov/study/NCT01118663,2014-08-04,2014-08-04,"Not an independently verified unique active drug; requires alias, arm and regimen review."
CPIX,CUMBERLAND PHARMACEUTICALS INC,acetaminophen | ibuprofen,PROVISIONAL_SINGLE_INTERVENTION,1,Fever,NCT01002573,https://clinicaltrials.gov/study/NCT01002573,2016-11-07,2016-11-07,"Not an independently verified unique active drug; requires alias, arm and regimen review."
CPIX,CUMBERLAND PHARMACEUTICALS INC,caldolor,PROVISIONAL_SINGLE_INTERVENTION,1,Pain,NCT00470600,https://clinicaltrials.gov/study/NCT00470600,2011-12-08,2011-12-08,"Not an independently verified unique active drug; requires alias, arm and regimen review."
CPIX,CUMBERLAND PHARMACEUTICALS INC,caldolor | placebo,PROVISIONAL_SINGLE_INTERVENTION,1,Burns,NCT00606489,https://clinicaltrials.gov/study/NCT00606489,2011-08-11,2011-08-11,"Not an independently verified unique active drug; requires alias, arm and regimen review."
CPIX,CUMBERLAND PHARMACEUTICALS INC,cefazolin | daptomycin | synthetic penicillin | telavancin | vancomycin,PROVISIONAL_SINGLE_INTERVENTION,1,Bacteremia,NCT02208063,https://clinicaltrials.gov/study/NCT02208063,2020-02-17,2020-02-17,"Not an independently verified unique active drug; requires alias, arm and regimen review."
CPIX,CUMBERLAND PHARMACEUTICALS INC,conivaptan hydrochloride | placebo,PROVISIONAL_SINGLE_INTERVENTION,1,Hyponatremia,NCT01451411,https://clinicaltrials.gov/study/NCT01451411,2016-03-01,2016-03-01,"Not an independently verified unique active drug; requires alias, arm and regimen review."
CPIX,CUMBERLAND PHARMACEUTICALS INC,conivaptan | placebo,PROVISIONAL_SINGLE_INTERVENTION,2,Acute Decompensated Heart Failure | Hyponatremia | Hyponatremia,NCT00478192 | NCT00843986,https://clinicaltrials.gov/study/NCT00478192 | https://clinicaltrials.gov/study/NCT00843986,2010-04-21,2010-10-01,"Not an independently verified unique active drug; requires alias, arm and regimen review."
CPIX,CUMBERLAND PHARMACEUTICALS INC,intravenous ibuprofen,PROVISIONAL_SINGLE_INTERVENTION,2,Pain | Tonsillectomy,NCT00225732 | NCT01332253,https://clinicaltrials.gov/study/NCT00225732 | https://clinicaltrials.gov/study/NCT01332253,2011-09-15,2016-11-03,"Not an independently verified unique active drug; requires alias, arm and regimen review."
CPIX,CUMBERLAND PHARMACEUTICALS INC,telavancin | vancomycin,PROVISIONAL_SINGLE_INTERVENTION,4,Bacterial Pneumonia | Staphylococcal Skin Infection,NCT00091819 | NCT00107952 | NCT00107978 | NCT00124020,https://clinicaltrials.gov/study/NCT00091819 | https://clinicaltrials.gov/study/NCT00107952 | https://clinicaltrials.gov/study/NCT00107978 | https://clinicaltrials.gov/study/NCT00124020,2009-12-08,2010-02-01,"Not an independently verified unique active drug; requires alias, arm and regimen review."
CRDL,Cardiol Therapeutics Inc.,"cannabidiol, pharmaceutically produced with < 5 ppm thc | placebo",PROVISIONAL_SINGLE_INTERVENTION,1,COVID-19 | Cardiovascular Diseases | Cardiovascular Risk Factor,NCT04615949,https://clinicaltrials.gov/study/NCT04615949,2025-07-25,2025-07-25,"Not an independently verified unique active drug; requires alias, arm and regimen review."
CRVS,"Corvus Pharmaceuticals, Inc.",cpi-006 1 mg/kg + soc | cpi-006 2 mg/kg + soc | placebo + soc,PROVISIONAL_SINGLE_INTERVENTION,1,Covid-19,NCT04734873,https://clinicaltrials.gov/study/NCT04734873,2022-08-23,2022-08-23,"Not an independently verified unique active drug; requires alias, arm and regimen review."
CVM,CEL SCI CORP,cisplatin | cyclophosphamide | indomethacin | li,PROVISIONAL_SINGLE_INTERVENTION,1,Squamous Cell Carcinoma of the Oral Cavity | Squamous Cell Carcinoma of the Soft Palate,NCT01265849,https://clinicaltrials.gov/study/NCT01265849,2022-08-19,2022-08-19,"Not an independently verified unique active drug; requires alias, arm and regimen review."
CYTK,CYTOKINETICS INC,"aficamten (5 mg, 10 mg, 15 mg, and 20 mg) | placebo to match aficamten",PROVISIONAL_SINGLE_INTERVENTION,1,Obstructive Hypertrophic Cardiomyopathy (oHCM),NCT05186818,https://clinicaltrials.gov/study/NCT05186818,2026-03-03,2026-03-03,"Not an independently verified unique active drug; requires alias, arm and regimen review."
CYTK,CYTOKINETICS INC,"aficamten (ck-3773274) (5 mg, 10 mg, 15 mg and 20 mg) | metoprolol succinate (50 mg, 100 mg, 150 mg and 200 mg) | placebo to match aficamten | placebo to match metoprolol succinate",PROVISIONAL_SINGLE_INTERVENTION,1,Obstructive Hypertrophic Cardiomyopathy (oHCM),NCT05767346,https://clinicaltrials.gov/study/NCT05767346,2026-06-09,2026-06-09,"Not an independently verified unique active drug; requires alias, arm and regimen review."
CYTK,CYTOKINETICS INC,omecamtiv mecarbil | placebo,PROVISIONAL_SINGLE_INTERVENTION,1,Heart Failure With Reduced Ejection Fraction,NCT03759392,https://clinicaltrials.gov/study/NCT03759392,2023-03-07,2023-03-07,"Not an independently verified unique active drug; requires alias, arm and regimen review."
CYTK,CYTOKINETICS INC,omecamtiv mecarbil | placebo | standard of care,PROVISIONAL_SINGLE_INTERVENTION,1,Heart Failure,NCT02929329,https://clinicaltrials.gov/study/NCT02929329,2021-07-20,2021-07-20,"Not an independently verified unique active drug; requires alias, arm and regimen review."
CYTK,CYTOKINETICS INC,placebo tablets | tirasemtiv,PROVISIONAL_SINGLE_INTERVENTION,1,Amyotrophic Lateral Sclerosis,NCT02496767,https://clinicaltrials.gov/study/NCT02496767,2020-06-19,2020-06-19,"Not an independently verified unique active drug; requires alias, arm and regimen review."
CYTK,CYTOKINETICS INC,placebo | reldesemtiv,PROVISIONAL_SINGLE_INTERVENTION,1,Amyotrophic Lateral Sclerosis,NCT04944784,https://clinicaltrials.gov/study/NCT04944784,2024-12-05,2024-12-05,"Not an independently verified unique active drug; requires alias, arm and regimen review."
CYTK,CYTOKINETICS INC,reldesemtiv,PROVISIONAL_SINGLE_INTERVENTION,1,Amyotrophic Lateral Sclerosis,NCT05442775,https://clinicaltrials.gov/study/NCT05442775,2024-08-13,2024-08-13,"Not an independently verified unique active drug; requires alias, arm and regimen review."
CYTK,CYTOKINETICS INC,tirasemtiv,PROVISIONAL_SINGLE_INTERVENTION,1,Amyotrophic Lateral Sclerosis (ALS),NCT02936635,https://clinicaltrials.gov/study/NCT02936635,2021-05-12,2021-05-12,"Not an independently verified unique active drug; requires alias, arm and regimen review."
DERM,Journey Medical Corp,dfd-29 | doxycycline | placebo,PROVISIONAL_SINGLE_INTERVENTION,2,Papulopustular Rosacea,NCT05296629 | NCT05343455,https://clinicaltrials.gov/study/NCT05296629 | https://clinicaltrials.gov/study/NCT05343455,2024-12-03,2024-12-03,"Not an independently verified unique active drug; requires alias, arm and regimen review."
DERM,Journey Medical Corp,glycopyrronium topical wipes,PROVISIONAL_SINGLE_INTERVENTION,3,Hyperhidrosis,NCT02530281 | NCT02530294 | NCT02553798,https://clinicaltrials.gov/study/NCT02530281 | https://clinicaltrials.gov/study/NCT02530294 | https://clinicaltrials.gov/study/NCT02553798,2018-08-14,2018-09-25,"Not an independently verified unique active drug; requires alias, arm and regimen review."
EBS,Emergent BioSolutions Inc.,acam2000,PROVISIONAL_SINGLE_INTERVENTION,1,Smallpox Vaccine Adverse Reaction,NCT01158157,https://clinicaltrials.gov/study/NCT01158157,2019-03-26,2019-03-26,"Not an independently verified unique active drug; requires alias, arm and regimen review."
EBS,Emergent BioSolutions Inc.,av7909 | biothrax,PROVISIONAL_SINGLE_INTERVENTION,1,Anthrax,NCT03877926,https://clinicaltrials.gov/study/NCT03877926,2021-12-21,2021-12-21,"Not an independently verified unique active drug; requires alias, arm and regimen review."
EBS,Emergent BioSolutions Inc.,biothrax,PROVISIONAL_SINGLE_INTERVENTION,1,Anthrax,NCT01491607,https://clinicaltrials.gov/study/NCT01491607,2013-11-28,2013-11-28,"Not an independently verified unique active drug; requires alias, arm and regimen review."
EBS,Emergent BioSolutions Inc.,hepatitis b vaccine,PROVISIONAL_SINGLE_INTERVENTION,1,Healthy Volunteers,NCT01311674,https://clinicaltrials.gov/study/NCT01311674,2021-08-17,2021-08-17,"Not an independently verified unique active drug; requires alias, arm and regimen review."
EOLS,"Evolus, Inc.","botulinum toxin, type a",PROVISIONAL_SINGLE_INTERVENTION,2,Glabellar Frown Lines,NCT02334423 | NCT02334436,https://clinicaltrials.gov/study/NCT02334423 | https://clinicaltrials.gov/study/NCT02334436,2019-02-26,2019-02-27,"Not an independently verified unique active drug; requires alias, arm and regimen review."
EXEL,"EXELIXIS, INC.",abiraterone acetate | atezolizumab | cabozantinib | enzalutamide | prednisone,PROVISIONAL_SINGLE_INTERVENTION,1,Metastatic Prostate Cancer | Prostate Adenocarcinoma,NCT04446117,https://clinicaltrials.gov/study/NCT04446117,2025-12-18,2025-12-18,"Not an independently verified unique active drug; requires alias, arm and regimen review."
EXEL,"EXELIXIS, INC.",atezolizumab | cabozantinib | sorafenib,PROVISIONAL_SINGLE_INTERVENTION,1,Hepatocellular Carcinoma,NCT03755791,https://clinicaltrials.gov/study/NCT03755791,2025-12-11,2025-12-11,"Not an independently verified unique active drug; requires alias, arm and regimen review."
EXEL,"EXELIXIS, INC.",cabozantinib tablets | everolimus (afinitor) tablets,PROVISIONAL_SINGLE_INTERVENTION,1,Renal Cell Carcinoma,NCT01865747,https://clinicaltrials.gov/study/NCT01865747,2017-07-18,2017-07-18,"Not an independently verified unique active drug; requires alias, arm and regimen review."
EXEL,"EXELIXIS, INC.",cabozantinib tablets | placebo tablets,PROVISIONAL_SINGLE_INTERVENTION,1,Hepatocellular Carcinoma,NCT01908426,https://clinicaltrials.gov/study/NCT01908426,2019-03-01,2019-03-01,"Not an independently verified unique active drug; requires alias, arm and regimen review."
EXEL,"EXELIXIS, INC.",cabozantinib | cabozantinib-matched placebo | ipilimumab | nivolumab,PROVISIONAL_SINGLE_INTERVENTION,1,Renal Cell Carcinoma,NCT03937219,https://clinicaltrials.gov/study/NCT03937219,2025-09-10,2025-09-10,"Not an independently verified unique active drug; requires alias, arm and regimen review."
EXEL,"EXELIXIS, INC.",cabozantinib | mitoxantrone | prednisone,PROVISIONAL_SINGLE_INTERVENTION,1,Castration Resistant Prostate Cancer | Pain | Prostate Cancer | Prostatic Neoplasms,NCT01522443,https://clinicaltrials.gov/study/NCT01522443,2018-05-23,2018-05-23,"Not an independently verified unique active drug; requires alias, arm and regimen review."
EXEL,"EXELIXIS, INC.",cabozantinib | placebo,PROVISIONAL_SINGLE_INTERVENTION,1,Differentiated Thyroid Cancer,NCT03690388,https://clinicaltrials.gov/study/NCT03690388,2023-05-18,2023-05-18,"Not an independently verified unique active drug; requires alias, arm and regimen review."
EXEL,"EXELIXIS, INC.",cabozantinib | prednisone,PROVISIONAL_SINGLE_INTERVENTION,1,Castration Resistant Prostate Cancer | Pain | Prostate Cancer | Prostatic Neoplasms,NCT01605227,https://clinicaltrials.gov/study/NCT01605227,2018-03-14,2018-03-14,"Not an independently verified unique active drug; requires alias, arm and regimen review."
EXEL,"EXELIXIS, INC.",placebo | xl184,PROVISIONAL_SINGLE_INTERVENTION,1,Thyroid Cancer,NCT00704730,https://clinicaltrials.gov/study/NCT00704730,2014-09-09,2014-09-09,"Not an independently verified unique active drug; requires alias, arm and regimen review."
FULC,"Fulcrum Therapeutics, Inc.",losmapimod oral tablet | placebo oral tablet,PROVISIONAL_SINGLE_INTERVENTION,1,COVID-19,NCT04511819,https://clinicaltrials.gov/study/NCT04511819,2024-03-13,2024-03-13,"Not an independently verified unique active drug; requires alias, arm and regimen review."
FULC,"Fulcrum Therapeutics, Inc.",losmapimod | placebo oral tablet,PROVISIONAL_SINGLE_INTERVENTION,1,Facioscapulohumeral Muscular Dystrophy (FSHD),NCT05397470,https://clinicaltrials.gov/study/NCT05397470,2025-11-10,2025-11-10,"Not an independently verified unique active drug; requires alias, arm and regimen review."
GALT,GALECTIN THERAPEUTICS INC,placebo | belapectin,PROVISIONAL_SINGLE_INTERVENTION,1,Cirrhosis | NASH - Nonalcoholic Steatohepatitis | Prevention of Esophageal Varices,NCT04365868,https://clinicaltrials.gov/study/NCT04365868,2026-06-30,2026-06-30,"Not an independently verified unique active drug; requires alias, arm and regimen review."
GERN,GERON CORP,imetelstat sodium | placebo,PROVISIONAL_SINGLE_INTERVENTION,1,Myelodysplastic Syndromes,NCT02598661,https://clinicaltrials.gov/study/NCT02598661,2025-02-14,2025-02-14,"Not an independently verified unique active drug; requires alias, arm and regimen review."
GILD,"GILEAD SCIENCES, INC.",3rd arv agent | abc/3tc | abc/3tc placebo | f/taf | f/taf placebo,PROVISIONAL_SINGLE_INTERVENTION,1,HIV-1 Infection,NCT02469246,https://clinicaltrials.gov/study/NCT02469246,2018-06-11,2018-06-11,"Not an independently verified unique active drug; requires alias, arm and regimen review."
GILD,"GILEAD SCIENCES, INC.",3rd arv agent | boosted pis | f/taf,PROVISIONAL_SINGLE_INTERVENTION,1,HIV-1,NCT02285114,https://clinicaltrials.gov/study/NCT02285114,2021-01-12,2021-01-12,"Not an independently verified unique active drug; requires alias, arm and regimen review."
GILD,"GILEAD SCIENCES, INC.",3tc | e/c/f/taf | ftc | ftc/tdf | tdf | third agent,PROVISIONAL_SINGLE_INTERVENTION,1,HIV-1 Infection,NCT02616783,https://clinicaltrials.gov/study/NCT02616783,2019-02-19,2019-02-19,"Not an independently verified unique active drug; requires alias, arm and regimen review."
GILD,"GILEAD SCIENCES, INC.",5-fluorouracil | andecaliximab | leucovorin | oxaliplatin | placebo,PROVISIONAL_SINGLE_INTERVENTION,1,Gastric Adenocarcinoma,NCT02545504,https://clinicaltrials.gov/study/NCT02545504,2020-04-28,2020-04-28,"Not an independently verified unique active drug; requires alias, arm and regimen review."
GILD,"GILEAD SCIENCES, INC.",abc/3tc | atv | atv/co | b/f/taf | cobi | drv | drv/co | ftc/tdf | rtv,PROVISIONAL_SINGLE_INTERVENTION,1,HIV-1 Infection,NCT02603107,https://clinicaltrials.gov/study/NCT02603107,2018-06-06,2018-06-06,"Not an independently verified unique active drug; requires alias, arm and regimen review."
GILD,"GILEAD SCIENCES, INC.",abc/3tc | e/c/f/taf | third antiretroviral agent,PROVISIONAL_SINGLE_INTERVENTION,1,HIV-1 Infection,NCT02605954,https://clinicaltrials.gov/study/NCT02605954,2018-07-13,2018-07-13,"Not an independently verified unique active drug; requires alias, arm and regimen review."
GILD,"GILEAD SCIENCES, INC.",abc/dtg/3tc | abc/dtg/3tc placebo | b/f/taf | b/f/taf placebo,PROVISIONAL_SINGLE_INTERVENTION,2,HIV-1 Infection,NCT02603120 | NCT02607930,https://clinicaltrials.gov/study/NCT02603120 | https://clinicaltrials.gov/study/NCT02607930,2018-07-23,2018-07-23,"Not an independently verified unique active drug; requires alias, arm and regimen review."
GILD,"GILEAD SCIENCES, INC.",adalimumab | filgotinib | mtx | placebo to match adalimumab | placebo to match filgotinib,PROVISIONAL_SINGLE_INTERVENTION,1,Rheumatoid Arthritis,NCT02889796,https://clinicaltrials.gov/study/NCT02889796,2021-01-19,2021-01-19,"Not an independently verified unique active drug; requires alias, arm and regimen review."
GILD,"GILEAD SCIENCES, INC.",adalimumab | filgotinib | placebo to match adalimumab | placebo to match filgotinib,PROVISIONAL_SINGLE_INTERVENTION,1,Psoriatic Arthritis,NCT04115748,https://clinicaltrials.gov/study/NCT04115748,2022-05-16,2022-05-16,"Not an independently verified unique active drug; requires alias, arm and regimen review."
GILD,"GILEAD SCIENCES, INC.",adefovir dipivoxil (adv) | lamivudine | placebo (plb),PROVISIONAL_SINGLE_INTERVENTION,1,Chronic Hepatitis B,NCT00095121,https://clinicaltrials.gov/study/NCT00095121,2011-06-03,2011-06-03,"Not an independently verified unique active drug; requires alias, arm and regimen review."
GILD,"GILEAD SCIENCES, INC.",adv | adv placebo | ftc/tdf | tdf | tdf placebo,PROVISIONAL_SINGLE_INTERVENTION,2,Chronic Hepatitis B,NCT00116805 | NCT00117676,https://clinicaltrials.gov/study/NCT00116805 | https://clinicaltrials.gov/study/NCT00117676,2010-05-19,2010-05-19,"Not an independently verified unique active drug; requires alias, arm and regimen review."
GILD,"GILEAD SCIENCES, INC.",allowed third antiretroviral agent | f/taf | f/taf placebo | ftc/tdf | ftc/tdf placebo,PROVISIONAL_SINGLE_INTERVENTION,1,HIV-1 Infection,NCT02121795,https://clinicaltrials.gov/study/NCT02121795,2016-11-30,2016-11-30,"Not an independently verified unique active drug; requires alias, arm and regimen review."
GILD,"GILEAD SCIENCES, INC.",ambrisentan,PROVISIONAL_SINGLE_INTERVENTION,3,Pulmonary Arterial Hypertension | Pulmonary Hypertension,NCT00380068 | NCT00578786 | NCT00777920,https://clinicaltrials.gov/study/NCT00380068 | https://clinicaltrials.gov/study/NCT00578786 | https://clinicaltrials.gov/study/NCT00777920,2010-11-19,2020-09-30,"Not an independently verified unique active drug; requires alias, arm and regimen review."
GILD,"GILEAD SCIENCES, INC.",ambrisentan | placebo,PROVISIONAL_SINGLE_INTERVENTION,2,Idiopathic Pulmonary Fibrosis | Idiopathic Pulmonary Fibrosis | Pulmonary Hypertension,NCT00768300 | NCT00879229,https://clinicaltrials.gov/study/NCT00768300 | https://clinicaltrials.gov/study/NCT00879229,2014-04-08,2014-04-22,"Not an independently verified unique active drug; requires alias, arm and regimen review."
GILD,"GILEAD SCIENCES, INC.",andecaliximab | placebo,PROVISIONAL_SINGLE_INTERVENTION,1,Ulcerative Colitis,NCT02520284,https://clinicaltrials.gov/study/NCT02520284,2019-04-10,2019-04-10,"Not an independently verified unique active drug; requires alias, arm and regimen review."
GILD,"GILEAD SCIENCES, INC.",atripla | atripla placebo | stribild | stribild placebo,PROVISIONAL_SINGLE_INTERVENTION,1,HIV | HIV Infections,NCT01095796,https://clinicaltrials.gov/study/NCT01095796,2012-10-22,2012-10-22,"Not an independently verified unique active drug; requires alias, arm and regimen review."
GILD,"GILEAD SCIENCES, INC.",atv | atv placebo | e/c/f/taf | e/c/f/tdf | e/c/f/tdf placebo | ftc/tdf | ftc/tdf placebo | rtv | rtv placebo,PROVISIONAL_SINGLE_INTERVENTION,1,Acquired Immunodeficiency Syndrome | HIV Infections,NCT01705574,https://clinicaltrials.gov/study/NCT01705574,2016-03-10,2016-03-10,"Not an independently verified unique active drug; requires alias, arm and regimen review."
GILD,"GILEAD SCIENCES, INC.",atv | atv placebo | ftc/tdf | ftc/tdf placebo | rtv placebo | ritonavir | stribild | stribild placebo,PROVISIONAL_SINGLE_INTERVENTION,1,HIV | HIV Infections,NCT01106586,https://clinicaltrials.gov/study/NCT01106586,2012-10-22,2012-10-22,"Not an independently verified unique active drug; requires alias, arm and regimen review."
GILD,"GILEAD SCIENCES, INC.",atv | b/f/taf | e/c/f/taf | e/c/f/tdf | ftc/tdf | rtv,PROVISIONAL_SINGLE_INTERVENTION,1,HIV-1 Infection,NCT02652624,https://clinicaltrials.gov/study/NCT02652624,2018-11-02,2018-11-02,"Not an independently verified unique active drug; requires alias, arm and regimen review."
GILD,"GILEAD SCIENCES, INC.",atv | cobi | cobi placebo | ftc/tdf | rtv | rtv placebo,PROVISIONAL_SINGLE_INTERVENTION,1,HIV | HIV Infections,NCT01108510,https://clinicaltrials.gov/study/NCT01108510,2014-10-28,2014-10-28,"Not an independently verified unique active drug; requires alias, arm and regimen review."
GILD,"GILEAD SCIENCES, INC.",atv | cobi | drv | e/c/f/tdf | nrti,PROVISIONAL_SINGLE_INTERVENTION,1,Acquired Immunodeficiency Syndrome | HIV Infections,NCT01363011,https://clinicaltrials.gov/study/NCT01363011,2014-10-31,2014-10-31,"Not an independently verified unique active drug; requires alias, arm and regimen review."
GILD,"GILEAD SCIENCES, INC.",atv | cobi | e/c/f/taf | e/c/f/tdf | efv/ftc/tdf | ftc/tdf | rtv,PROVISIONAL_SINGLE_INTERVENTION,1,HIV | HIV Infections,NCT01815736,https://clinicaltrials.gov/study/NCT01815736,2016-04-14,2016-04-14,"Not an independently verified unique active drug; requires alias, arm and regimen review."
GILD,"GILEAD SCIENCES, INC.",atv | current failing arv regimen | e/c/f/taf | placebo | taf,PROVISIONAL_SINGLE_INTERVENTION,1,Acquired Immunodeficiency Syndrome | HIV | HIV Infections,NCT01967940,https://clinicaltrials.gov/study/NCT01967940,2017-06-12,2017-06-12,"Not an independently verified unique active drug; requires alias, arm and regimen review."
GILD,"GILEAD SCIENCES, INC.",azacitidine | cytarabine | daunorubicin | idarubicin | magrolimab | steroidal eye drops | venetoclax,PROVISIONAL_SINGLE_INTERVENTION,1,Acute Myeloid Leukemia,NCT04778397,https://clinicaltrials.gov/study/NCT04778397,2025-02-05,2025-02-05,"Not an independently verified unique active drug; requires alias, arm and regimen review."
GILD,"GILEAD SCIENCES, INC.",azacitidine | magrolimab | placebo,PROVISIONAL_SINGLE_INTERVENTION,1,Myelodysplastic Syndromes,NCT04313881,https://clinicaltrials.gov/study/NCT04313881,2024-03-21,2024-03-21,"Not an independently verified unique active drug; requires alias, arm and regimen review."
GILD,"GILEAD SCIENCES, INC.",azacitidine | magrolimab | placebo | venetoclax,PROVISIONAL_SINGLE_INTERVENTION,1,Acute Myeloid Leukemia,NCT05079230,https://clinicaltrials.gov/study/NCT05079230,2025-04-04,2025-04-04,"Not an independently verified unique active drug; requires alias, arm and regimen review."
GILD,"GILEAD SCIENCES, INC.",azli,PROVISIONAL_SINGLE_INTERVENTION,1,Cystic Fibrosis | Pseudomonas Aeruginosa,NCT01404234,https://clinicaltrials.gov/study/NCT01404234,2014-05-01,2014-05-01,"Not an independently verified unique active drug; requires alias, arm and regimen review."
GILD,"GILEAD SCIENCES, INC.",azli 75 mg three times a day (tid) | placebo three times a day (tid),PROVISIONAL_SINGLE_INTERVENTION,1,Cystic Fibrosis,NCT00112359,https://clinicaltrials.gov/study/NCT00112359,2011-04-21,2011-04-21,"Not an independently verified unique active drug; requires alias, arm and regimen review."
GILD,"GILEAD SCIENCES, INC.",azli 75 mg three times daily (tid) | placebo three times daily (tid),PROVISIONAL_SINGLE_INTERVENTION,1,Cystic Fibrosis | Lung Infection | Pseudomonas Aeruginosa,NCT00712166,https://clinicaltrials.gov/study/NCT00712166,2010-12-20,2010-12-20,"Not an independently verified unique active drug; requires alias, arm and regimen review."
GILD,"GILEAD SCIENCES, INC.",azli 75 mg two times a day (bid)/ three times a day (tid),PROVISIONAL_SINGLE_INTERVENTION,1,Cystic Fibrosis,NCT00128492,https://clinicaltrials.gov/study/NCT00128492,2011-03-11,2011-03-11,"Not an independently verified unique active drug; requires alias, arm and regimen review."
GILD,"GILEAD SCIENCES, INC.",azli 75 mg two times a day (bid)/three times a day (tid) | placebo two times a day (bid)/three times a day (tid),PROVISIONAL_SINGLE_INTERVENTION,1,Cystic Fibrosis,NCT00104520,https://clinicaltrials.gov/study/NCT00104520,2011-03-11,2011-03-11,"Not an independently verified unique active drug; requires alias, arm and regimen review."
GILD,"GILEAD SCIENCES, INC.",azli | placebo,PROVISIONAL_SINGLE_INTERVENTION,4,Bronchiectasis | Burkholderia Infections | Cystic Fibrosis | Cystic Fibrosis | Pseudomonas Aeruginosa Respiratory Tract Infection/Colonization,NCT01059565 | NCT01313624 | NCT01314716 | NCT03219164,https://clinicaltrials.gov/study/NCT01059565 | https://clinicaltrials.gov/study/NCT01313624 | https://clinicaltrials.gov/study/NCT01314716 | https://clinicaltrials.gov/study/NCT03219164,2014-03-11,2022-05-16,"Not an independently verified unique active drug; requires alias, arm and regimen review."
GILD,"GILEAD SCIENCES, INC.",azli | placebo to match azli | tobramycin inhalation solution,PROVISIONAL_SINGLE_INTERVENTION,1,Cystic Fibrosis,NCT01641822,https://clinicaltrials.gov/study/NCT01641822,2016-05-09,2016-05-09,"Not an independently verified unique active drug; requires alias, arm and regimen review."
GILD,"GILEAD SCIENCES, INC.",aztreonam for inhalation solution (azli) | tobramycin inhalation solution (tis),PROVISIONAL_SINGLE_INTERVENTION,1,Cystic Fibrosis,NCT00757237,https://clinicaltrials.gov/study/NCT00757237,2011-07-04,2011-07-04,"Not an independently verified unique active drug; requires alias, arm and regimen review."
GILD,"GILEAD SCIENCES, INC.",b/f/taf,PROVISIONAL_SINGLE_INTERVENTION,1,HIV-1 Infection,NCT03405935,https://clinicaltrials.gov/study/NCT03405935,2019-12-05,2019-12-05,"Not an independently verified unique active drug; requires alias, arm and regimen review."
GILD,"GILEAD SCIENCES, INC.",b/f/taf | b/f/taf placebo | dtg | dtg placebo | f/taf | f/taf placebo,PROVISIONAL_SINGLE_INTERVENTION,2,HIV-1 Infection | HIV-1-infection,NCT02607956 | NCT03110380,https://clinicaltrials.gov/study/NCT02607956 | https://clinicaltrials.gov/study/NCT03110380,2018-06-06,2019-11-20,"Not an independently verified unique active drug; requires alias, arm and regimen review."
GILD,"GILEAD SCIENCES, INC.",b/f/taf | dtg | f/tdf | placebo to match b/f/taf | placebo to match dtg | placebo to match f/tdf,PROVISIONAL_SINGLE_INTERVENTION,1,HIV-1/HBV Co-Infection,NCT03547908,https://clinicaltrials.gov/study/NCT03547908,2023-03-15,2023-03-15,"Not an independently verified unique active drug; requires alias, arm and regimen review."
GILD,"GILEAD SCIENCES, INC.",b/f/taf | e/c/f/taf,PROVISIONAL_SINGLE_INTERVENTION,1,HIV-1 Infection,NCT02600819,https://clinicaltrials.gov/study/NCT02600819,2018-10-16,2018-10-16,"Not an independently verified unique active drug; requires alias, arm and regimen review."
GILD,"GILEAD SCIENCES, INC.",b/f/taf | nrtis | third agent,PROVISIONAL_SINGLE_INTERVENTION,1,HIV-1 Infection,NCT03631732,https://clinicaltrials.gov/study/NCT03631732,2020-08-27,2020-08-27,"Not an independently verified unique active drug; requires alias, arm and regimen review."
GILD,"GILEAD SCIENCES, INC.",background regimen | evg,PROVISIONAL_SINGLE_INTERVENTION,1,Acquired Immune Deficiency Syndrome (AIDS) | HIV Infections,NCT01923311,https://clinicaltrials.gov/study/NCT01923311,2018-07-11,2018-07-11,"Not an independently verified unique active drug; requires alias, arm and regimen review."
GILD,"GILEAD SCIENCES, INC.",background regimen | evg placebo | elvitegravir | ral placebo | raltegravir,PROVISIONAL_SINGLE_INTERVENTION,1,HIV Infection,NCT00708162,https://clinicaltrials.gov/study/NCT00708162,2014-11-06,2014-11-06,"Not an independently verified unique active drug; requires alias, arm and regimen review."
GILD,"GILEAD SCIENCES, INC.",baseline drv- containing arv regimen | drv | e/c/f/taf,PROVISIONAL_SINGLE_INTERVENTION,1,Acquired Immunodeficiency Syndrome | HIV Infections | HIV-1,NCT01968551,https://clinicaltrials.gov/study/NCT01968551,2016-11-01,2016-11-01,"Not an independently verified unique active drug; requires alias, arm and regimen review."
GILD,"GILEAD SCIENCES, INC.",bendamustine | idelalisib | placebo to match idelalisib | rituximab,PROVISIONAL_SINGLE_INTERVENTION,1,Chronic Lymphocytic Leukemia,NCT01569295,https://clinicaltrials.gov/study/NCT01569295,2018-02-27,2018-02-27,"Not an independently verified unique active drug; requires alias, arm and regimen review."
GILD,"GILEAD SCIENCES, INC.",bendamustine | idelalisib | placebo | rituximab,PROVISIONAL_SINGLE_INTERVENTION,2,Chronic Lymphocytic Leukemia | Indolent Non-Hodgkin's Lymphomas,NCT01732926 | NCT01980888,https://clinicaltrials.gov/study/NCT01732926 | https://clinicaltrials.gov/study/NCT01980888,2017-05-11,2017-10-11,"Not an independently verified unique active drug; requires alias, arm and regimen review."
GILD,"GILEAD SCIENCES, INC.",bulevirtide,PROVISIONAL_SINGLE_INTERVENTION,1,Chronic Hepatitis Delta,NCT03852719,https://clinicaltrials.gov/study/NCT03852719,2022-10-28,2022-10-28,"Not an independently verified unique active drug; requires alias, arm and regimen review."
GILD,"GILEAD SCIENCES, INC.",capecitabine | eribulin | gemcitabine | sacituzumab govitecan | vinorelbine,PROVISIONAL_SINGLE_INTERVENTION,1,Breast Cancer,NCT02574455,https://clinicaltrials.gov/study/NCT02574455,2021-04-30,2021-04-30,"Not an independently verified unique active drug; requires alias, arm and regimen review."
GILD,"GILEAD SCIENCES, INC.",capecitabine | eribulin | gemcitabine | sacituzumab govitecan-hziy | vinorelbine,PROVISIONAL_SINGLE_INTERVENTION,1,Metastatic Breast Cancer,NCT03901339,https://clinicaltrials.gov/study/NCT03901339,2024-10-21,2024-10-21,"Not an independently verified unique active drug; requires alias, arm and regimen review."
GILD,"GILEAD SCIENCES, INC.",chlorambucil | idelalisib | obinutuzumab,PROVISIONAL_SINGLE_INTERVENTION,1,Chronic Lymphocytic Leukemia,NCT01980875,https://clinicaltrials.gov/study/NCT01980875,2017-06-28,2017-06-28,"Not an independently verified unique active drug; requires alias, arm and regimen review."
GILD,"GILEAD SCIENCES, INC.",cilofexor | placebo,PROVISIONAL_SINGLE_INTERVENTION,1,Primary Sclerosing Cholangitis,NCT03890120,https://clinicaltrials.gov/study/NCT03890120,2023-11-29,2023-11-29,"Not an independently verified unique active drug; requires alias, arm and regimen review."
GILD,"GILEAD SCIENCES, INC.",cobi | drv | nrtis,PROVISIONAL_SINGLE_INTERVENTION,1,Acquired Immunodeficiency Syndrome | HIV Infections,NCT01440569,https://clinicaltrials.gov/study/NCT01440569,2014-10-28,2014-10-28,"Not an independently verified unique active drug; requires alias, arm and regimen review."
GILD,"GILEAD SCIENCES, INC.",docetaxel | paclitaxel | sacituzumab govitecan-hziy | vinflunine,PROVISIONAL_SINGLE_INTERVENTION,1,Locally Advanced or Metastatic Unresectable Urothelial Cancer,NCT04527991,https://clinicaltrials.gov/study/NCT04527991,2026-06-02,2026-06-02,"Not an independently verified unique active drug; requires alias, arm and regimen review."
GILD,"GILEAD SCIENCES, INC.",docetaxel | sacituzumab govitecan-hziy (sg),PROVISIONAL_SINGLE_INTERVENTION,1,Non-Small Cell Lung Cancer,NCT05089734,https://clinicaltrials.gov/study/NCT05089734,2025-01-14,2025-01-14,"Not an independently verified unique active drug; requires alias, arm and regimen review."
GILD,"GILEAD SCIENCES, INC.",e/c/f/taf,PROVISIONAL_SINGLE_INTERVENTION,4,HBV | HIV | HIV | HIV | HIV Infections | HIV-1 Infection,NCT01818596 | NCT02071082 | NCT02276612 | NCT02616029,https://clinicaltrials.gov/study/NCT01818596 | https://clinicaltrials.gov/study/NCT02071082 | https://clinicaltrials.gov/study/NCT02276612 | https://clinicaltrials.gov/study/NCT02616029,2016-02-18,2019-11-04,"Not an independently verified unique active drug; requires alias, arm and regimen review."
GILD,"GILEAD SCIENCES, INC.",e/c/f/taf | e/c/f/taf (low dose),PROVISIONAL_SINGLE_INTERVENTION,1,Acquired Immune Deficiency Syndrome (AIDS) | HIV Infections,NCT01854775,https://clinicaltrials.gov/study/NCT01854775,2021-05-24,2021-05-24,"Not an independently verified unique active drug; requires alias, arm and regimen review."
GILD,"GILEAD SCIENCES, INC.",e/c/f/taf | e/c/f/taf placebo | e/c/f/tdf | e/c/f/tdf placebo,PROVISIONAL_SINGLE_INTERVENTION,2,HIV | HIV Infections,NCT01780506 | NCT01797445,https://clinicaltrials.gov/study/NCT01780506 | https://clinicaltrials.gov/study/NCT01797445,2016-01-08,2016-01-08,"Not an independently verified unique active drug; requires alias, arm and regimen review."
GILD,"GILEAD SCIENCES, INC.",e/c/f/taf | f/r/taf | ldv/sof,PROVISIONAL_SINGLE_INTERVENTION,1,HCV Infection | HIV-1 Infection,NCT02707601,https://clinicaltrials.gov/study/NCT02707601,2018-10-09,2018-10-09,"Not an independently verified unique active drug; requires alias, arm and regimen review."
GILD,"GILEAD SCIENCES, INC.",efavirenz (efv) | emtricitabine (ftc) | ftc/tdf | ftc/tdf/efv | lamivudine/zidovudine | tenofovir disoproxil fumarate (tdf),PROVISIONAL_SINGLE_INTERVENTION,1,HIV Infections,NCT00112047,https://clinicaltrials.gov/study/NCT00112047,2010-10-13,2010-10-13,"Not an independently verified unique active drug; requires alias, arm and regimen review."
GILD,"GILEAD SCIENCES, INC.",efv/ftc/tdf | efv/ftc/tdf placebo | ftc/rpv/taf | ftc/rpv/taf placebo,PROVISIONAL_SINGLE_INTERVENTION,1,HIV-1 Infection,NCT02345226,https://clinicaltrials.gov/study/NCT02345226,2017-10-19,2017-10-19,"Not an independently verified unique active drug; requires alias, arm and regimen review."
GILD,"GILEAD SCIENCES, INC.",efv/ftc/tdf | ftc/rpv/tdf,PROVISIONAL_SINGLE_INTERVENTION,1,HIV-1 Infection,NCT01309243,https://clinicaltrials.gov/study/NCT01309243,2013-11-27,2013-11-27,"Not an independently verified unique active drug; requires alias, arm and regimen review."
GILD,"GILEAD SCIENCES, INC.",eleclazine | eleclazine placebo,PROVISIONAL_SINGLE_INTERVENTION,1,Long QT Syndrome Type 3,NCT02300558,https://clinicaltrials.gov/study/NCT02300558,2018-01-12,2018-01-12,"Not an independently verified unique active drug; requires alias, arm and regimen review."
GILD,"GILEAD SCIENCES, INC.",eleclazine | placebo,PROVISIONAL_SINGLE_INTERVENTION,1,Hypertrophic Cardiomyopathy,NCT02291237,https://clinicaltrials.gov/study/NCT02291237,2018-03-22,2018-03-22,"Not an independently verified unique active drug; requires alias, arm and regimen review."
GILD,"GILEAD SCIENCES, INC.",evg/cobi/ftc/tdf,PROVISIONAL_SINGLE_INTERVENTION,1,Acquired Immunodeficiency Syndrome | HIV Infections,NCT01721109,https://clinicaltrials.gov/study/NCT01721109,2017-04-10,2017-04-10,"Not an independently verified unique active drug; requires alias, arm and regimen review."
GILD,"GILEAD SCIENCES, INC.",f/taf (for us participants only) | f/tdf | oral lenacapavir (len) | ptm f/tdf | ptm oral len | placebo sc len | sub-cutaneous (sc) lenacapavir (len),PROVISIONAL_SINGLE_INTERVENTION,1,Pre-Exposure Prophylaxis of HIV Infection,NCT04925752,https://clinicaltrials.gov/study/NCT04925752,2025-09-17,2025-09-17,"Not an independently verified unique active drug; requires alias, arm and regimen review."
GILD,"GILEAD SCIENCES, INC.",f/taf | f/taf placebo | f/tdf | f/tdf placebo,PROVISIONAL_SINGLE_INTERVENTION,1,Pre-Exposure Prophylaxis of HIV-1 Infection,NCT02842086,https://clinicaltrials.gov/study/NCT02842086,2020-03-17,2020-03-17,"Not an independently verified unique active drug; requires alias, arm and regimen review."
GILD,"GILEAD SCIENCES, INC.",f/taf | f/tdf | oral lenacapavir (len) | ptm f/taf | ptm f/tdf | ptm oral len | placebo sc len | subcutaneous (sc) lenacapavir (len),PROVISIONAL_SINGLE_INTERVENTION,1,Pre-Exposure Prophylaxis of HIV Infection,NCT04994509,https://clinicaltrials.gov/study/NCT04994509,2025-06-19,2025-06-19,"Not an independently verified unique active drug; requires alias, arm and regimen review."
GILD,"GILEAD SCIENCES, INC.",failing arv regimen | optimized background regimen (obr) | oral lenacapavir | oral lenacapavir placebo | subcutaneous lenacapavir,PROVISIONAL_SINGLE_INTERVENTION,1,HIV-1-infection,NCT04150068,https://clinicaltrials.gov/study/NCT04150068,2021-10-20,2021-10-20,"Not an independently verified unique active drug; requires alias, arm and regimen review."
GILD,"GILEAD SCIENCES, INC.",filgotinib | mtx | placebo to match mtx | placebo to match filgotinib,PROVISIONAL_SINGLE_INTERVENTION,1,Rheumatoid Arthritis,NCT02886728,https://clinicaltrials.gov/study/NCT02886728,2021-01-15,2021-01-15,"Not an independently verified unique active drug; requires alias, arm and regimen review."
GILD,"GILEAD SCIENCES, INC.",filgotinib | placebo to match filgotinib,PROVISIONAL_SINGLE_INTERVENTION,1,Psoriatic Arthritis,NCT04115839,https://clinicaltrials.gov/study/NCT04115839,2022-03-18,2022-03-18,"Not an independently verified unique active drug; requires alias, arm and regimen review."
GILD,"GILEAD SCIENCES, INC.",filgotinib | placebo to match filgotinib | csdmards,PROVISIONAL_SINGLE_INTERVENTION,1,Rheumatoid Arthritis,NCT02873936,https://clinicaltrials.gov/study/NCT02873936,2021-01-15,2021-01-15,"Not an independently verified unique active drug; requires alias, arm and regimen review."
GILD,"GILEAD SCIENCES, INC.",filgotinib | ptm filgotinib,PROVISIONAL_SINGLE_INTERVENTION,1,Ulcerative Colitis,NCT02914522,https://clinicaltrials.gov/study/NCT02914522,2021-04-21,2021-04-21,"Not an independently verified unique active drug; requires alias, arm and regimen review."
GILD,"GILEAD SCIENCES, INC.",ftc/rpv/taf | ftc/rpv/taf placebo | ftc/rpv/tdf | ftc/rpv/tdf placebo,PROVISIONAL_SINGLE_INTERVENTION,1,HIV-1 Infection,NCT02345252,https://clinicaltrials.gov/study/NCT02345252,2017-12-08,2017-12-08,"Not an independently verified unique active drug; requires alias, arm and regimen review."
GILD,"GILEAD SCIENCES, INC.",ftc/rpv/tdf | nrtis | pi | rtv,PROVISIONAL_SINGLE_INTERVENTION,1,HIV-1 Infection,NCT01252940,https://clinicaltrials.gov/study/NCT01252940,2013-04-19,2013-04-19,"Not an independently verified unique active drug; requires alias, arm and regimen review."
GILD,"GILEAD SCIENCES, INC.",ftc/tdf | ftc/tdf placebo | tdf | tdf placebo,PROVISIONAL_SINGLE_INTERVENTION,1,Hepatitis B,NCT00737568,https://clinicaltrials.gov/study/NCT00737568,2013-04-11,2013-04-11,"Not an independently verified unique active drug; requires alias, arm and regimen review."
GILD,"GILEAD SCIENCES, INC.",ftc/tdf | nnrti | stribild,PROVISIONAL_SINGLE_INTERVENTION,1,Acquired Immunodeficiency Syndrome | HIV Infections,NCT01495702,https://clinicaltrials.gov/study/NCT01495702,2015-01-26,2015-01-26,"Not an independently verified unique active drug; requires alias, arm and regimen review."
GILD,"GILEAD SCIENCES, INC.",ftc/tdf | pi | rtv | stribild,PROVISIONAL_SINGLE_INTERVENTION,1,Acquired Immunodeficiency Syndrome | HIV Infections,NCT01475838,https://clinicaltrials.gov/study/NCT01475838,2015-01-26,2015-01-26,"Not an independently verified unique active drug; requires alias, arm and regimen review."
GILD,"GILEAD SCIENCES, INC.",glimepiride | placebo | ranolazine,PROVISIONAL_SINGLE_INTERVENTION,1,Type 2 Diabetes Mellitus,NCT01494987,https://clinicaltrials.gov/study/NCT01494987,2014-09-01,2014-09-01,"Not an independently verified unique active drug; requires alias, arm and regimen review."
GILD,"GILEAD SCIENCES, INC.",idelalisib,PROVISIONAL_SINGLE_INTERVENTION,2,Chronic Lymphocytic Leukemia | Follicular Lymphoma,NCT01539291 | NCT02536300,https://clinicaltrials.gov/study/NCT01539291 | https://clinicaltrials.gov/study/NCT02536300,2019-08-20,2023-08-14,"Not an independently verified unique active drug; requires alias, arm and regimen review."
GILD,"GILEAD SCIENCES, INC.",idelalisib | ofatumumab,PROVISIONAL_SINGLE_INTERVENTION,1,Chronic Lymphocytic Leukemia,NCT01659021,https://clinicaltrials.gov/study/NCT01659021,2017-03-31,2017-03-31,"Not an independently verified unique active drug; requires alias, arm and regimen review."
GILD,"GILEAD SCIENCES, INC.",idelalisib | placebo to match idelalisib | rituximab,PROVISIONAL_SINGLE_INTERVENTION,1,Chronic Lymphocytic Leukemia,NCT01539512,https://clinicaltrials.gov/study/NCT01539512,2014-10-16,2014-10-16,"Not an independently verified unique active drug; requires alias, arm and regimen review."
GILD,"GILEAD SCIENCES, INC.",idelalisib | placebo | rituximab,PROVISIONAL_SINGLE_INTERVENTION,1,Indolent Non-Hodgkin's Lymphomas,NCT01732913,https://clinicaltrials.gov/study/NCT01732913,2017-05-11,2017-05-11,"Not an independently verified unique active drug; requires alias, arm and regimen review."
GILD,"GILEAD SCIENCES, INC.",ldv/sof,PROVISIONAL_SINGLE_INTERVENTION,2,Chronic HCV Infection | Hepatitis C Virus Infection,NCT02021656 | NCT02613871,https://clinicaltrials.gov/study/NCT02021656 | https://clinicaltrials.gov/study/NCT02613871,2018-02-13,2018-12-28,"Not an independently verified unique active drug; requires alias, arm and regimen review."
GILD,"GILEAD SCIENCES, INC.",ldv/sof | rbv,PROVISIONAL_SINGLE_INTERVENTION,8,Chronic HCV Infection | Chronic Hepatitis C Virus | HIV | Hepatitis C Virus | Hepatitis C Virus Infection,NCT01701401 | NCT01768286 | NCT01851330 | NCT01975675 | NCT02073656 | NCT02472886 | NCT02487030 | NCT02600351,https://clinicaltrials.gov/study/NCT01701401 | https://clinicaltrials.gov/study/NCT01768286 | https://clinicaltrials.gov/study/NCT01851330 | https://clinicaltrials.gov/study/NCT01975675 | https://clinicaltrials.gov/study/NCT02073656 | https://clinicaltrials.gov/study/NCT02472886 | https://clinicaltrials.gov/study/NCT02487030 | https://clinicaltrials.gov/study/NCT02600351,2014-11-26,2018-04-11,"Not an independently verified unique active drug; requires alias, arm and regimen review."
GILD,"GILEAD SCIENCES, INC.",ldv/sof | rbv | sof,PROVISIONAL_SINGLE_INTERVENTION,1,Hepatitis C Virus Infection,NCT02738333,https://clinicaltrials.gov/study/NCT02738333,2018-03-14,2018-03-14,"Not an independently verified unique active drug; requires alias, arm and regimen review."
GILD,"GILEAD SCIENCES, INC.",liposomal amphotericin b | placebo,PROVISIONAL_SINGLE_INTERVENTION,1,Invasive Fungal Disease,NCT01259713,https://clinicaltrials.gov/study/NCT01259713,2015-04-06,2015-04-06,"Not an independently verified unique active drug; requires alias, arm and regimen review."
GILD,"GILEAD SCIENCES, INC.",metformin | placebo to match metformin | placebo to match ranolazine | ranolazine,PROVISIONAL_SINGLE_INTERVENTION,1,Type 2 Diabetes Mellitus,NCT01555164,https://clinicaltrials.gov/study/NCT01555164,2014-09-23,2014-09-23,"Not an independently verified unique active drug; requires alias, arm and regimen review."
GILD,"GILEAD SCIENCES, INC.",obeldesivir,PROVISIONAL_SINGLE_INTERVENTION,1,COVID-19,NCT05996744,https://clinicaltrials.gov/study/NCT05996744,2025-02-03,2025-02-03,"Not an independently verified unique active drug; requires alias, arm and regimen review."
GILD,"GILEAD SCIENCES, INC.",obeldesivir | obeldesivir placebo,PROVISIONAL_SINGLE_INTERVENTION,2,COVID-19,NCT05603143 | NCT05715528,https://clinicaltrials.gov/study/NCT05603143 | https://clinicaltrials.gov/study/NCT05715528,2024-12-20,2024-12-24,"Not an independently verified unique active drug; requires alias, arm and regimen review."
GILD,"GILEAD SCIENCES, INC.",peg | rbv | sofosbuvir,PROVISIONAL_SINGLE_INTERVENTION,3,Chronic HCV Infection | Chronic Hepatitis C | Hepatitis C,NCT01497366 | NCT01641640 | NCT02021643,https://clinicaltrials.gov/study/NCT01497366 | https://clinicaltrials.gov/study/NCT01641640 | https://clinicaltrials.gov/study/NCT02021643,2014-04-02,2018-02-20,"Not an independently verified unique active drug; requires alias, arm and regimen review."
GILD,"GILEAD SCIENCES, INC.",peg-ifn | rbv | sof,PROVISIONAL_SINGLE_INTERVENTION,2,Chronic Hepatitis C | Hepatitis C,NCT01625338 | NCT01962441,https://clinicaltrials.gov/study/NCT01625338 | https://clinicaltrials.gov/study/NCT01962441,2015-11-09,2016-02-05,"Not an independently verified unique active drug; requires alias, arm and regimen review."
GILD,"GILEAD SCIENCES, INC.",placebo to match rbv | placebo to match sof | rbv | sof,PROVISIONAL_SINGLE_INTERVENTION,3,Chronic Hepatitis C | Hepatitis C,NCT01542788 | NCT01604850 | NCT01682720,https://clinicaltrials.gov/study/NCT01542788 | https://clinicaltrials.gov/study/NCT01604850 | https://clinicaltrials.gov/study/NCT01682720,2014-02-17,2014-10-09,"Not an independently verified unique active drug; requires alias, arm and regimen review."
GILD,"GILEAD SCIENCES, INC.",placebo to match rdv | rdv,PROVISIONAL_SINGLE_INTERVENTION,1,COVID-19,NCT04501952,https://clinicaltrials.gov/study/NCT04501952,2021-11-16,2021-11-16,"Not an independently verified unique active drug; requires alias, arm and regimen review."
GILD,"GILEAD SCIENCES, INC.",placebo to match sel 18 mg | placebo to match sel 6 mg | sel,PROVISIONAL_SINGLE_INTERVENTION,2,Nonalcoholic Steatohepatitis,NCT03053050 | NCT03053063,https://clinicaltrials.gov/study/NCT03053050 | https://clinicaltrials.gov/study/NCT03053063,2020-05-07,2020-06-29,"Not an independently verified unique active drug; requires alias, arm and regimen review."
GILD,"GILEAD SCIENCES, INC.",placebo | ranolazine,PROVISIONAL_SINGLE_INTERVENTION,2,Angina Pectoris | Coronary Artery Disease | Type 2 Diabetes Mellitus,NCT01442038 | NCT01472185,https://clinicaltrials.gov/study/NCT01442038 | https://clinicaltrials.gov/study/NCT01472185,2014-10-15,2016-07-15,"Not an independently verified unique active drug; requires alias, arm and regimen review."
GILD,"GILEAD SCIENCES, INC.",placebo | seladelpar 10 mg | seladelpar 5 mg,PROVISIONAL_SINGLE_INTERVENTION,1,Primary Biliary Cholangitis,NCT04620733,https://clinicaltrials.gov/study/NCT04620733,2024-07-25,2024-07-25,"Not an independently verified unique active drug; requires alias, arm and regimen review."
GILD,"GILEAD SCIENCES, INC.",placebo | seladelpar 10 mg | seladelpar 5-10 mg,PROVISIONAL_SINGLE_INTERVENTION,1,Primary Biliary Cholangitis,NCT03602560,https://clinicaltrials.gov/study/NCT03602560,2022-05-31,2022-05-31,"Not an independently verified unique active drug; requires alias, arm and regimen review."
GILD,"GILEAD SCIENCES, INC.",placebo | sof/vel,PROVISIONAL_SINGLE_INTERVENTION,1,Hepatitis C Virus Infection,NCT02201940,https://clinicaltrials.gov/study/NCT02201940,2016-09-16,2016-09-16,"Not an independently verified unique active drug; requires alias, arm and regimen review."
GILD,"GILEAD SCIENCES, INC.",placebo | sof/vel/vox,PROVISIONAL_SINGLE_INTERVENTION,1,Hepatitis C,NCT02607735,https://clinicaltrials.gov/study/NCT02607735,2017-12-13,2017-12-13,"Not an independently verified unique active drug; requires alias, arm and regimen review."
GILD,"GILEAD SCIENCES, INC.",placebo | tenofovir df,PROVISIONAL_SINGLE_INTERVENTION,1,HIV Infections,NCT00352053,https://clinicaltrials.gov/study/NCT00352053,2010-08-19,2010-08-19,"Not an independently verified unique active drug; requires alias, arm and regimen review."
GILD,"GILEAD SCIENCES, INC.",placebo | tenofovir disoproxil fumarate (tdf),PROVISIONAL_SINGLE_INTERVENTION,1,Hepatitis B Virus (HBV),NCT00734162,https://clinicaltrials.gov/study/NCT00734162,2012-11-07,2012-11-07,"Not an independently verified unique active drug; requires alias, arm and regimen review."
GILD,"GILEAD SCIENCES, INC.",rbv | sof,PROVISIONAL_SINGLE_INTERVENTION,3,Hepatitis C | Hepatitis C Virus | Hepatitis C | Human Immunodeficiency Virus,NCT01667731 | NCT01838590 | NCT01896193,https://clinicaltrials.gov/study/NCT01667731 | https://clinicaltrials.gov/study/NCT01838590 | https://clinicaltrials.gov/study/NCT01896193,2014-11-21,2015-05-22,"Not an independently verified unique active drug; requires alias, arm and regimen review."
GILD,"GILEAD SCIENCES, INC.",rbv | sof | sof/vel,PROVISIONAL_SINGLE_INTERVENTION,2,Hepatitis C Virus Infection,NCT02201953 | NCT02220998,https://clinicaltrials.gov/study/NCT02201953 | https://clinicaltrials.gov/study/NCT02220998,2016-10-26,2016-11-15,"Not an independently verified unique active drug; requires alias, arm and regimen review."
GILD,"GILEAD SCIENCES, INC.",rbv | sof/vel,PROVISIONAL_SINGLE_INTERVENTION,3,Hepatitis C Virus Infection,NCT02201901 | NCT02822794 | NCT02996682,https://clinicaltrials.gov/study/NCT02201901 | https://clinicaltrials.gov/study/NCT02822794 | https://clinicaltrials.gov/study/NCT02996682,2016-12-14,2019-02-26,"Not an independently verified unique active drug; requires alias, arm and regimen review."
GILD,"GILEAD SCIENCES, INC.",rbv | sofosbuvir,PROVISIONAL_SINGLE_INTERVENTION,3,Chronic HCV Infection | Chronic Hepatitis C | Human Immunodeficiency Virus | Hepatitis C,NCT01783678 | NCT01910636 | NCT02074514,https://clinicaltrials.gov/study/NCT01783678 | https://clinicaltrials.gov/study/NCT01910636 | https://clinicaltrials.gov/study/NCT02074514,2015-03-24,2016-10-25,"Not an independently verified unique active drug; requires alias, arm and regimen review."
GILD,"GILEAD SCIENCES, INC.",rdv placebo | remdesivir | standard of care,PROVISIONAL_SINGLE_INTERVENTION,1,COVID-19,NCT04745351,https://clinicaltrials.gov/study/NCT04745351,2023-05-12,2023-05-12,"Not an independently verified unique active drug; requires alias, arm and regimen review."
GILD,"GILEAD SCIENCES, INC.",remdesivir,PROVISIONAL_SINGLE_INTERVENTION,1,COVID-19,NCT04431453,https://clinicaltrials.gov/study/NCT04431453,2023-12-22,2023-12-22,"Not an independently verified unique active drug; requires alias, arm and regimen review."
GILD,"GILEAD SCIENCES, INC.",remdesivir | standard of care,PROVISIONAL_SINGLE_INTERVENTION,2,COVID-19,NCT04292730 | NCT04292899,https://clinicaltrials.gov/study/NCT04292730 | https://clinicaltrials.gov/study/NCT04292899,2020-12-31,2021-01-26,"Not an independently verified unique active drug; requires alias, arm and regimen review."
GILD,"GILEAD SCIENCES, INC.",sof/vel,PROVISIONAL_SINGLE_INTERVENTION,6,Hepatitis C Virus Infection,NCT02346721 | NCT02480712 | NCT02671500 | NCT02722837 | NCT03074331 | NCT04112303,https://clinicaltrials.gov/study/NCT02346721 | https://clinicaltrials.gov/study/NCT02480712 | https://clinicaltrials.gov/study/NCT02671500 | https://clinicaltrials.gov/study/NCT02722837 | https://clinicaltrials.gov/study/NCT03074331 | https://clinicaltrials.gov/study/NCT04112303,2017-05-03,2022-04-20,"Not an independently verified unique active drug; requires alias, arm and regimen review."
GILD,"GILEAD SCIENCES, INC.",sof/vel | sof/vel/vox,PROVISIONAL_SINGLE_INTERVENTION,4,Hepatitis C | Hepatitis C Virus Infection,NCT02607800 | NCT02639247 | NCT02639338 | NCT04211909,https://clinicaltrials.gov/study/NCT02607800 | https://clinicaltrials.gov/study/NCT02639247 | https://clinicaltrials.gov/study/NCT02639338 | https://clinicaltrials.gov/study/NCT04211909,2017-11-06,2021-10-27,"Not an independently verified unique active drug; requires alias, arm and regimen review."
GILD,"GILEAD SCIENCES, INC.",sof/vel/vox,PROVISIONAL_SINGLE_INTERVENTION,1,Hepatitis C Virus Infection,NCT03118843,https://clinicaltrials.gov/study/NCT03118843,2019-04-03,2019-04-03,"Not an independently verified unique active drug; requires alias, arm and regimen review."
GILD,"GILEAD SCIENCES, INC.",stavudine | tenofovir df | zidovudine,PROVISIONAL_SINGLE_INTERVENTION,1,HIV Infections,NCT00528957,https://clinicaltrials.gov/study/NCT00528957,2012-03-22,2012-03-22,"Not an independently verified unique active drug; requires alias, arm and regimen review."
GILD,"GILEAD SCIENCES, INC.",stribild,PROVISIONAL_SINGLE_INTERVENTION,1,Acquired Immunodeficiency Syndrome | HIV Infections,NCT01533259,https://clinicaltrials.gov/study/NCT01533259,2015-01-26,2015-01-26,"Not an independently verified unique active drug; requires alias, arm and regimen review."
GILD,"GILEAD SCIENCES, INC.",taf | taf placebo | tdf | tdf placebo,PROVISIONAL_SINGLE_INTERVENTION,5,Chronic HBV Infection | HBV | Chronic Hepatitis B | HBeAg-negative Chronic Hepatitis B | HBeAg-positive Chronic Hepatitis B,NCT01940341 | NCT01940471 | NCT02836236 | NCT02836249 | NCT02979613,https://clinicaltrials.gov/study/NCT01940341 | https://clinicaltrials.gov/study/NCT01940471 | https://clinicaltrials.gov/study/NCT02836236 | https://clinicaltrials.gov/study/NCT02836249 | https://clinicaltrials.gov/study/NCT02979613,2017-03-30,2019-09-25,"Not an independently verified unique active drug; requires alias, arm and regimen review."
GILD,"GILEAD SCIENCES, INC.",tdf placebo | tenofovir df,PROVISIONAL_SINGLE_INTERVENTION,1,Chronic Hepatitis B,NCT01651403,https://clinicaltrials.gov/study/NCT01651403,2018-09-19,2018-09-19,"Not an independently verified unique active drug; requires alias, arm and regimen review."
GKOS,Glaukos Corporation,epioxa,PROVISIONAL_SINGLE_INTERVENTION,0,Keratoconus,,https://www.biospace.com/press-releases/glaukos-announces-positive-three-year-epioxa-results-demonstrating-durable-clinical-outcomes-in-keratoconus,2026-10-07,2026-10-07,"Not an independently verified unique active drug; requires alias, arm and regimen review."
HALO,"HALOZYME THERAPEUTICS, INC.",gemcitabine | placebo | nab-paclitaxel,PROVISIONAL_SINGLE_INTERVENTION,1,Pancreatic Ductal Carcinoma,NCT02715804,https://clinicaltrials.gov/study/NCT02715804,2020-07-14,2020-07-14,"Not an independently verified unique active drug; requires alias, arm and regimen review."
HUMA,"Humacyte, Inc.",acellular tissue engineered vessel (atev),PROVISIONAL_SINGLE_INTERVENTION,1,Trauma | Vascular System Injury,NCT03005418,https://clinicaltrials.gov/study/NCT03005418,2026-07-29,2026-07-29,"Not an independently verified unique active drug; requires alias, arm and regimen review."
HUMA,"Humacyte, Inc.",human acellular vessel (hav),PROVISIONAL_SINGLE_INTERVENTION,1,End Stage Renal Disease | Hemodialysis | Renal Failure | Vascular Access,NCT02644941,https://clinicaltrials.gov/study/NCT02644941,2025-03-30,2025-03-30,"Not an independently verified unique active drug; requires alias, arm and regimen review."
IBRX,"ImmunityBio, Inc.","aldoxorubicin | investigator's choice treatment (darcabazine, pazopanib, gemcitabine + docetaxel, doxorubicin, ifosfamide)",PROVISIONAL_SINGLE_INTERVENTION,1,"Metastatic, Locally Advanced or Unresectable Soft Tissue Sarcoma",NCT02049905,https://clinicaltrials.gov/study/NCT02049905,2024-06-13,2024-06-13,"Not an independently verified unique active drug; requires alias, arm and regimen review."
IBRX,"ImmunityBio, Inc.",placebo (0.9% (w/v) saline) | had5-s-fusion+n-etsd,PROVISIONAL_SINGLE_INTERVENTION,1,COVID-19,NCT06022224,https://clinicaltrials.gov/study/NCT06022224,2024-06-07,2024-06-07,"Not an independently verified unique active drug; requires alias, arm and regimen review."
IMNN,"Imunon, Inc.",5% dextrose solution | thermodox,PROVISIONAL_SINGLE_INTERVENTION,1,Hepatocellular Carcinoma,NCT00617981,https://clinicaltrials.gov/study/NCT00617981,2017-03-24,2017-03-24,"Not an independently verified unique active drug; requires alias, arm and regimen review."
IMNN,"Imunon, Inc.",dummy infusion | thermodox,PROVISIONAL_SINGLE_INTERVENTION,1,Hepatocellular Carcinoma,NCT02112656,https://clinicaltrials.gov/study/NCT02112656,2024-08-20,2024-08-20,"Not an independently verified unique active drug; requires alias, arm and regimen review."
INCY,INCYTE CORP,5-fluorouracil | carboplatin | cetuximab | cisplatin | epacadostat | pembrolizumab,PROVISIONAL_SINGLE_INTERVENTION,1,Head and Neck Cancer,NCT03358472,https://clinicaltrials.gov/study/NCT03358472,2019-09-10,2019-09-10,"Not an independently verified unique active drug; requires alias, arm and regimen review."
INCY,INCYTE CORP,bendamustine (ben) | rituximab (rtx) | tafasitamab,PROVISIONAL_SINGLE_INTERVENTION,1,Diffuse Large B-cell Lymphoma,NCT02763319,https://clinicaltrials.gov/study/NCT02763319,2025-07-17,2025-07-17,"Not an independently verified unique active drug; requires alias, arm and regimen review."
INCY,INCYTE CORP,capecitabine | placebo | ruxolitinib,PROVISIONAL_SINGLE_INTERVENTION,2,Pancreatic Cancer,NCT02117479 | NCT02119663,https://clinicaltrials.gov/study/NCT02117479 | https://clinicaltrials.gov/study/NCT02119663,2017-06-06,2017-07-11,"Not an independently verified unique active drug; requires alias, arm and regimen review."
INCY,INCYTE CORP,carboplatin | cisplatin | epacadostat | gemcitabine | nivolumab | paclitaxel | pemetrexed | placebo,PROVISIONAL_SINGLE_INTERVENTION,1,Lung Cancer,NCT03348904,https://clinicaltrials.gov/study/NCT03348904,2019-06-13,2019-06-13,"Not an independently verified unique active drug; requires alias, arm and regimen review."
INCY,INCYTE CORP,carboplatin | cisplatin | paclitaxel | pemetrexed | placebo | retifanlimab | nab-paclitaxel,PROVISIONAL_SINGLE_INTERVENTION,1,Metastatic Nonsquamous Non-Small Cell Lung Cancer | Metastatic Squamous Non-Small Cell Lung Cancer,NCT04205812,https://clinicaltrials.gov/study/NCT04205812,2025-02-06,2025-02-06,"Not an independently verified unique active drug; requires alias, arm and regimen review."
INCY,INCYTE CORP,carboplatin | paclitaxel | retifanlimab,PROVISIONAL_SINGLE_INTERVENTION,1,Squamous Cell Carcinoma of the Anal Canal,NCT04472429,https://clinicaltrials.gov/study/NCT04472429,2025-05-23,2025-05-23,"Not an independently verified unique active drug; requires alias, arm and regimen review."
INCY,INCYTE CORP,cisplatin | gemcitabine | pemigatinib,PROVISIONAL_SINGLE_INTERVENTION,1,Metastatic Cholangiocarcinoma | Unresectable Cholangiocarcinoma,NCT03656536,https://clinicaltrials.gov/study/NCT03656536,2026-08-11,2026-08-11,"Not an independently verified unique active drug; requires alias, arm and regimen review."
INCY,INCYTE CORP,epacadostat | pazopanib | pembrolizumab | sunitinib,PROVISIONAL_SINGLE_INTERVENTION,1,Renal Cell Carcinoma (RCC),NCT03260894,https://clinicaltrials.gov/study/NCT03260894,2019-09-10,2019-09-10,"Not an independently verified unique active drug; requires alias, arm and regimen review."
INCY,INCYTE CORP,epacadostat | pembrolizumab | placebo,PROVISIONAL_SINGLE_INTERVENTION,2,UC (Urothelial Cancer),NCT03361865 | NCT03374488,https://clinicaltrials.gov/study/NCT03361865 | https://clinicaltrials.gov/study/NCT03374488,2019-08-28,2019-08-29,"Not an independently verified unique active drug; requires alias, arm and regimen review."
INCY,INCYTE CORP,extracorporeal photopheresis (ecp) | ibrutinib | imatinib | infliximab | low-dose methotrexate (mtx) | mycophenolate mofetil (mmf) | pentostatin | rituximab | ruxolitinib | mechanistic target of rapamycin (mtor) inhibitors (everolimus or sirolimus),PROVISIONAL_SINGLE_INTERVENTION,1,Graft-versus-host Disease (GVHD),NCT03112603,https://clinicaltrials.gov/study/NCT03112603,2022-04-15,2022-04-15,"Not an independently verified unique active drug; requires alias, arm and regimen review."
INCY,INCYTE CORP,hu-placebo | hydroxyurea (hu) | ruxolitinib | ruxolitinib-placebo,PROVISIONAL_SINGLE_INTERVENTION,1,Polycythemia Vera,NCT01632904,https://clinicaltrials.gov/study/NCT01632904,2015-04-07,2015-04-07,"Not an independently verified unique active drug; requires alias, arm and regimen review."
INCY,INCYTE CORP,itacitinib | methylprednisolone | placebo | prednisone,PROVISIONAL_SINGLE_INTERVENTION,2,Chronic Graft-versus-host Disease | Graft-versus-host Disease (GVHD),NCT03139604 | NCT03584516,https://clinicaltrials.gov/study/NCT03139604 | https://clinicaltrials.gov/study/NCT03584516,2020-05-15,2025-01-27,"Not an independently verified unique active drug; requires alias, arm and regimen review."
INCY,INCYTE CORP,lenalidomide | placebo | rituximab | tafasitamab,PROVISIONAL_SINGLE_INTERVENTION,1,Follicular Lymphoma | Marginal Zone Lymphoma,NCT04680052,https://clinicaltrials.gov/study/NCT04680052,2025-04-04,2025-04-04,"Not an independently verified unique active drug; requires alias, arm and regimen review."
INCY,INCYTE CORP,parsaclisib | placebo | ruxolitinib,PROVISIONAL_SINGLE_INTERVENTION,2,Myelofibrosis | Post Essential Thrombocythemia Myelofibrosis | Post Polycythemia Vera Myelofibrosis | Primary Myelofibrosis,NCT04551053 | NCT04551066,https://clinicaltrials.gov/study/NCT04551053 | https://clinicaltrials.gov/study/NCT04551066,2024-08-23,2024-10-04,"Not an independently verified unique active drug; requires alias, arm and regimen review."
INCY,INCYTE CORP,parsaclisinib | placebo,PROVISIONAL_SINGLE_INTERVENTION,1,Warm Autoimmune Hemolytic Anemia (wAIHA),NCT05073458,https://clinicaltrials.gov/study/NCT05073458,2025-01-15,2025-01-15,"Not an independently verified unique active drug; requires alias, arm and regimen review."
INCY,INCYTE CORP,pembrolizumab + epacadostat | pembrolizumab + placebo,PROVISIONAL_SINGLE_INTERVENTION,1,Melanoma,NCT02752074,https://clinicaltrials.gov/study/NCT02752074,2019-05-15,2019-05-15,"Not an independently verified unique active drug; requires alias, arm and regimen review."
INCY,INCYTE CORP,placebo | ruxolitinib,PROVISIONAL_SINGLE_INTERVENTION,2,COVID-19 | MPN (Myeloproliferative Neoplasms),NCT00952289 | NCT04377620,https://clinicaltrials.gov/study/NCT00952289 | https://clinicaltrials.gov/study/NCT04377620,2012-01-24,2022-01-19,"Not an independently verified unique active drug; requires alias, arm and regimen review."
INCY,INCYTE CORP,ruxolitinib cream,PROVISIONAL_SINGLE_INTERVENTION,1,Atopic Dermatitis (AD),NCT05456529,https://clinicaltrials.gov/study/NCT05456529,2025-06-25,2025-06-25,"Not an independently verified unique active drug; requires alias, arm and regimen review."
INCY,INCYTE CORP,ruxolitinib cream | vehicle,PROVISIONAL_SINGLE_INTERVENTION,2,Non-segmental Vitiligo,NCT04052425 | NCT04057573,https://clinicaltrials.gov/study/NCT04052425 | https://clinicaltrials.gov/study/NCT04057573,2022-09-21,2022-09-21,"Not an independently verified unique active drug; requires alias, arm and regimen review."
INCY,INCYTE CORP,ruxolitinib cream | vehicle cream,PROVISIONAL_SINGLE_INTERVENTION,5,Atopic Dermatitis | Prurigo | Prurigo Nodularis,NCT03745638 | NCT03745651 | NCT05755438 | NCT05764161 | NCT06238817,https://clinicaltrials.gov/study/NCT03745638 | https://clinicaltrials.gov/study/NCT03745651 | https://clinicaltrials.gov/study/NCT05755438 | https://clinicaltrials.gov/study/NCT05764161 | https://clinicaltrials.gov/study/NCT06238817,2021-12-17,2026-05-22,"Not an independently verified unique active drug; requires alias, arm and regimen review."
INCY,INCYTE CORP,ruxolitinib tablets,PROVISIONAL_SINGLE_INTERVENTION,1,Polycythemia Vera,NCT01243944,https://clinicaltrials.gov/study/NCT01243944,2015-03-06,2015-03-06,"Not an independently verified unique active drug; requires alias, arm and regimen review."
INCY,INCYTE CORP,ruxolitinib | vehicle cream,PROVISIONAL_SINGLE_INTERVENTION,1,Atopic Dermatitis,NCT04921969,https://clinicaltrials.gov/study/NCT04921969,2024-06-10,2024-06-10,"Not an independently verified unique active drug; requires alias, arm and regimen review."
INCY,INCYTE CORP,vehicle | ruxolitinib,PROVISIONAL_SINGLE_INTERVENTION,1,Vitiligo,NCT04530344,https://clinicaltrials.gov/study/NCT04530344,2023-07-19,2023-07-19,"Not an independently verified unique active drug; requires alias, arm and regimen review."
INMB,"Inmune Bio, Inc.",inb03 | placebo,PROVISIONAL_SINGLE_INTERVENTION,1,COVID-19,NCT04370236,https://clinicaltrials.gov/study/NCT04370236,2026-05-19,2026-05-19,"Not an independently verified unique active drug; requires alias, arm and regimen review."
INO,"INOVIO PHARMACEUTICALS, INC.",ino-4800 | placebo,PROVISIONAL_SINGLE_INTERVENTION,1,COVID-19 Disease | Coronavirus Infection | Severe Acute Respiratory Syndrome Coronavirus 2 (SARS-CoV-2),NCT04642638,https://clinicaltrials.gov/study/NCT04642638,2023-12-20,2023-12-20,"Not an independently verified unique active drug; requires alias, arm and regimen review."
INO,"INOVIO PHARMACEUTICALS, INC.",matched placebo | vgx-3100,PROVISIONAL_SINGLE_INTERVENTION,1,Cervical Dysplasia | Cervical High Grade Squamous Intraepithelial Lesion | HSIL,NCT03721978,https://clinicaltrials.gov/study/NCT03721978,2024-10-17,2024-10-17,"Not an independently verified unique active drug; requires alias, arm and regimen review."
INO,"INOVIO PHARMACEUTICALS, INC.",placebo | vgx-3100,PROVISIONAL_SINGLE_INTERVENTION,1,Cervical Dysplasia | Cervical High Grade Squamous Intraepithelial Lesion | HSIL,NCT03185013,https://clinicaltrials.gov/study/NCT03185013,2023-07-25,2023-07-25,"Not an independently verified unique active drug; requires alias, arm and regimen review."
INSM,INSMED Inc,alis | azithromycin | elc | ethambutol,PROVISIONAL_SINGLE_INTERVENTION,1,"Mycobacterium Infections, Nontuberculous",NCT04677543,https://clinicaltrials.gov/study/NCT04677543,2024-06-28,2024-06-28,"Not an independently verified unique active drug; requires alias, arm and regimen review."
INSM,INSMED Inc,brensocatib 10 mg | brensocatib 25 mg | placebo,PROVISIONAL_SINGLE_INTERVENTION,1,Non-Cystic Fibrosis Bronchiectasis,NCT04594369,https://clinicaltrials.gov/study/NCT04594369,2025-12-16,2025-12-16,"Not an independently verified unique active drug; requires alias, arm and regimen review."
INSM,INSMED Inc,lai (liposomal amikacin for inhalation) 590 mg,PROVISIONAL_SINGLE_INTERVENTION,1,"Mycobacterium Infections, Nontuberculous",NCT02344004,https://clinicaltrials.gov/study/NCT02344004,2018-11-20,2018-11-20,"Not an independently verified unique active drug; requires alias, arm and regimen review."
INSM,INSMED Inc,lai 590 mg | multi-drug regimen,PROVISIONAL_SINGLE_INTERVENTION,1,NTM Lung Infection Due to MAC,NCT02628600,https://clinicaltrials.gov/study/NCT02628600,2019-11-19,2019-11-19,"Not an independently verified unique active drug; requires alias, arm and regimen review."
INSM,INSMED Inc,liposomal amikacin for inhalation,PROVISIONAL_SINGLE_INTERVENTION,1,Cystic Fibrosis,NCT01316276,https://clinicaltrials.gov/study/NCT01316276,2019-07-26,2019-07-26,"Not an independently verified unique active drug; requires alias, arm and regimen review."
INSM,INSMED Inc,liposomal amikacin for inhalation (arikayce™) using the pari investigational eflow® nebulizer. | tobramycin inhalation solution using a pari lc® plus nebulizer.,PROVISIONAL_SINGLE_INTERVENTION,1,Pseudomonas Aeruginosa Infection,NCT01315678,https://clinicaltrials.gov/study/NCT01315678,2019-06-24,2019-06-24,"Not an independently verified unique active drug; requires alias, arm and regimen review."
IONS,IONIS PHARMACEUTICALS INC,donidalorsen | placebo,PROVISIONAL_SINGLE_INTERVENTION,1,Hereditary Angioedema,NCT05139810,https://clinicaltrials.gov/study/NCT05139810,2025-03-06,2025-03-06,"Not an independently verified unique active drug; requires alias, arm and regimen review."
IONS,IONIS PHARMACEUTICALS INC,eplontersen | inotersen,PROVISIONAL_SINGLE_INTERVENTION,1,Hereditary Transthyretin-Mediated Amyloid Polyneuropathy,NCT04136184,https://clinicaltrials.gov/study/NCT04136184,2024-12-10,2024-12-10,"Not an independently verified unique active drug; requires alias, arm and regimen review."
IONS,IONIS PHARMACEUTICALS INC,inotersen,PROVISIONAL_SINGLE_INTERVENTION,1,Amyloidosis | FAP | Familial Amyloid Polyneuropathy | TTR | Transthyretin,NCT02175004,https://clinicaltrials.gov/study/NCT02175004,2023-02-09,2023-02-09,"Not an independently verified unique active drug; requires alias, arm and regimen review."
IONS,IONIS PHARMACEUTICALS INC,inotersen | placebo,PROVISIONAL_SINGLE_INTERVENTION,1,Amyloidosis | FAP | Familial Amyloid Polyneuropathy | TTR | Transthyretin,NCT01737398,https://clinicaltrials.gov/study/NCT01737398,2019-01-23,2019-01-23,"Not an independently verified unique active drug; requires alias, arm and regimen review."
IONS,IONIS PHARMACEUTICALS INC,olezarsen | placebo,PROVISIONAL_SINGLE_INTERVENTION,1,Familial Chylomicronemia Syndrome,NCT04568434,https://clinicaltrials.gov/study/NCT04568434,2025-03-06,2025-03-06,"Not an independently verified unique active drug; requires alias, arm and regimen review."
IONS,IONIS PHARMACEUTICALS INC,placebo | volanesorsen,PROVISIONAL_SINGLE_INTERVENTION,2,Familial Chylomicronemia Syndrome | Hypertriglyceridemia,NCT02211209 | NCT02300233,https://clinicaltrials.gov/study/NCT02211209 | https://clinicaltrials.gov/study/NCT02300233,2022-04-13,2022-04-13,"Not an independently verified unique active drug; requires alias, arm and regimen review."
IRWD,IRONWOOD PHARMACEUTICALS INC,iw-3718 | standard-dose ppis qd | placebo,PROVISIONAL_SINGLE_INTERVENTION,2,Gastroesophageal Reflux Disease (GERD),NCT03561090 | NCT03561883,https://clinicaltrials.gov/study/NCT03561090 | https://clinicaltrials.gov/study/NCT03561883,2021-08-18,2021-08-18,"Not an independently verified unique active drug; requires alias, arm and regimen review."
IRWD,IRONWOOD PHARMACEUTICALS INC,linaclotide,PROVISIONAL_SINGLE_INTERVENTION,1,Chronic Constipation | Irritable Bowel Syndrome With Constipation,NCT00730171,https://clinicaltrials.gov/study/NCT00730171,2018-02-19,2018-02-19,"Not an independently verified unique active drug; requires alias, arm and regimen review."
IRWD,IRONWOOD PHARMACEUTICALS INC,linaclotide or matching placebo,PROVISIONAL_SINGLE_INTERVENTION,1,Irritable Bowel Syndrome With Constipation,NCT00938717,https://clinicaltrials.gov/study/NCT00938717,2013-01-30,2013-01-30,"Not an independently verified unique active drug; requires alias, arm and regimen review."
IRWD,IRONWOOD PHARMACEUTICALS INC,linaclotide | matching placebo,PROVISIONAL_SINGLE_INTERVENTION,2,Chronic Constipation | Chronic Idiopathic Constipation,NCT00730015 | NCT02291679,https://clinicaltrials.gov/study/NCT00730015 | https://clinicaltrials.gov/study/NCT02291679,2013-01-30,2017-05-19,"Not an independently verified unique active drug; requires alias, arm and regimen review."
IRWD,IRONWOOD PHARMACEUTICALS INC,linaclotide | placebo,PROVISIONAL_SINGLE_INTERVENTION,1,Irritable Bowel Syndrome Characterized by Constipation,NCT03573908,https://clinicaltrials.gov/study/NCT03573908,2020-11-16,2020-11-16,"Not an independently verified unique active drug; requires alias, arm and regimen review."
IVVD,"Invivyd, Inc.",adg20 | normal saline,PROVISIONAL_SINGLE_INTERVENTION,1,COVID-19,NCT04805671,https://clinicaltrials.gov/study/NCT04805671,2024-02-06,2024-02-06,"Not an independently verified unique active drug; requires alias, arm and regimen review."
IVVD,"Invivyd, Inc.",adg20 | placebo,PROVISIONAL_SINGLE_INTERVENTION,1,COVID-19,NCT04859517,https://clinicaltrials.gov/study/NCT04859517,2024-08-20,2024-08-20,"Not an independently verified unique active drug; requires alias, arm and regimen review."
JAZZ,Jazz Pharmaceuticals plc,7+3 (cytarabine and daunorubicin) | cpx-351,PROVISIONAL_SINGLE_INTERVENTION,1,High Risk Acute Myeloid Leukemia,NCT01696084,https://clinicaltrials.gov/study/NCT01696084,2017-10-02,2017-10-02,"Not an independently verified unique active drug; requires alias, arm and regimen review."
JAZZ,Jazz Pharmaceuticals plc,brincidofovir,PROVISIONAL_SINGLE_INTERVENTION,3,Adenovirus Infection | CMV | Double-stranded DNA Virus,NCT01143181 | NCT01769170 | NCT02087306,https://clinicaltrials.gov/study/NCT01143181 | https://clinicaltrials.gov/study/NCT01769170 | https://clinicaltrials.gov/study/NCT02087306,2021-01-05,2021-08-13,"Not an independently verified unique active drug; requires alias, arm and regimen review."
JAZZ,Jazz Pharmaceuticals plc,brincidofovir | valganciclovir,PROVISIONAL_SINGLE_INTERVENTION,2,Cytomegalovirus Disease | Cytomegalovirus Disease | Kidney Transplant Infection,NCT02439957 | NCT02439970,https://clinicaltrials.gov/study/NCT02439957 | https://clinicaltrials.gov/study/NCT02439970,2021-07-16,2021-07-16,"Not an independently verified unique active drug; requires alias, arm and regimen review."
JAZZ,Jazz Pharmaceuticals plc,defibrotide,PROVISIONAL_SINGLE_INTERVENTION,3,Hepatic Veno-Occlusive Disease | Severe Hepatic Veno-Occlusive Disease | Veno-occlusive Disease,NCT00358501 | NCT00628498 | NCT02851407,https://clinicaltrials.gov/study/NCT00358501 | https://clinicaltrials.gov/study/NCT00628498 | https://clinicaltrials.gov/study/NCT02851407,2017-01-30,2022-03-02,"Not an independently verified unique active drug; requires alias, arm and regimen review."
JAZZ,Jazz Pharmaceuticals plc,dociparstat,PROVISIONAL_SINGLE_INTERVENTION,1,Acute Myeloid Leukemia,NCT04571645,https://clinicaltrials.gov/study/NCT04571645,2024-04-15,2024-04-15,"Not an independently verified unique active drug; requires alias, arm and regimen review."
JAZZ,Jazz Pharmaceuticals plc,dociparstat sodium | placebo,PROVISIONAL_SINGLE_INTERVENTION,1,Acute Lung Injury | Coronavirus Disease 2019 (COVID-19) | Severe Acute Respiratory Syndrome Coronavirus 2 (SARS-CoV-2),NCT04389840,https://clinicaltrials.gov/study/NCT04389840,2022-08-30,2022-08-30,"Not an independently verified unique active drug; requires alias, arm and regimen review."
JAZZ,Jazz Pharmaceuticals plc,experimental anti-anxiety drug,PROVISIONAL_SINGLE_INTERVENTION,1,Anxiety Disorder,NCT00097708,https://clinicaltrials.gov/study/NCT00097708,2014-10-03,2014-10-03,"Not an independently verified unique active drug; requires alias, arm and regimen review."
JAZZ,Jazz Pharmaceuticals plc,gw-1000-02,PROVISIONAL_SINGLE_INTERVENTION,3,Multiple Sclerosis | Multiple Sclerosis | Pain | Spasticity | Multiple Sclerosis | Spasticity,NCT01606137 | NCT01610687 | NCT01610713,https://clinicaltrials.gov/study/NCT01606137 | https://clinicaltrials.gov/study/NCT01610687 | https://clinicaltrials.gov/study/NCT01610713,2012-08-17,2012-09-19,"Not an independently verified unique active drug; requires alias, arm and regimen review."
JAZZ,Jazz Pharmaceuticals plc,gw-1000-02 | gw-2000-02 | placebo,PROVISIONAL_SINGLE_INTERVENTION,1,Pain,NCT01606189,https://clinicaltrials.gov/study/NCT01606189,2012-11-19,2012-11-19,"Not an independently verified unique active drug; requires alias, arm and regimen review."
JAZZ,Jazz Pharmaceuticals plc,gw-1000-02 | placebo,PROVISIONAL_SINGLE_INTERVENTION,3,Multiple Sclerosis | Multiple Sclerosis | Pain | Pain,NCT01606176 | NCT01606202 | NCT01610700,https://clinicaltrials.gov/study/NCT01606176 | https://clinicaltrials.gov/study/NCT01606202 | https://clinicaltrials.gov/study/NCT01610700,2012-08-24,2012-09-28,"Not an independently verified unique active drug; requires alias, arm and regimen review."
JAZZ,Jazz Pharmaceuticals plc,gw-2000-02 | sativex,PROVISIONAL_SINGLE_INTERVENTION,1,Cancer | Pain,NCT00675948,https://clinicaltrials.gov/study/NCT00675948,2012-09-13,2012-09-13,"Not an independently verified unique active drug; requires alias, arm and regimen review."
JAZZ,Jazz Pharmaceuticals plc,gwp42003-p,PROVISIONAL_SINGLE_INTERVENTION,5,Infantile Spasms | RTT | Rett Syndrome | Seizure in Participants With Dravet Syndrome | Seizure in Participants With Lennox-Gastaut Syndrome | Seizure in Participants With Tuberous Sclerosis Complex | Seizures | Tuberous Sclerosis Complex,NCT02544750 | NCT02953548 | NCT02954887 | NCT04252586 | NCT04485104,https://clinicaltrials.gov/study/NCT02544750 | https://clinicaltrials.gov/study/NCT02953548 | https://clinicaltrials.gov/study/NCT02954887 | https://clinicaltrials.gov/study/NCT04252586 | https://clinicaltrials.gov/study/NCT04485104,2020-07-23,2025-10-31,"Not an independently verified unique active drug; requires alias, arm and regimen review."
JAZZ,Jazz Pharmaceuticals plc,gwp42003-p 20 mg/kg/day dose | placebo,PROVISIONAL_SINGLE_INTERVENTION,1,Epilepsy | Lennox-Gastaut Syndrome,NCT02224690,https://clinicaltrials.gov/study/NCT02224690,2018-07-27,2018-07-27,"Not an independently verified unique active drug; requires alias, arm and regimen review."
JAZZ,Jazz Pharmaceuticals plc,gwp42003-p 20 mg/kg/day dose | placebo control,PROVISIONAL_SINGLE_INTERVENTION,1,Dravet Syndrome | Epilepsy,NCT02091375,https://clinicaltrials.gov/study/NCT02091375,2018-07-20,2018-07-20,"Not an independently verified unique active drug; requires alias, arm and regimen review."
JAZZ,Jazz Pharmaceuticals plc,gwp42003-p | placebo,PROVISIONAL_SINGLE_INTERVENTION,3,RTT | Rett Syndrome | Seizures Associated With EMAS | Seizures | Tuberous Sclerosis Complex,NCT02544763 | NCT03848832 | NCT05288283,https://clinicaltrials.gov/study/NCT02544763 | https://clinicaltrials.gov/study/NCT03848832 | https://clinicaltrials.gov/study/NCT05288283,2020-09-23,2025-02-03,"Not an independently verified unique active drug; requires alias, arm and regimen review."
JAZZ,Jazz Pharmaceuticals plc,gwp42003-p | placebo control,PROVISIONAL_SINGLE_INTERVENTION,2,Dravet Syndrome | Epilepsy | Epilepsy | Lennox Gastaut Syndrome,NCT02224560 | NCT02224703,https://clinicaltrials.gov/study/NCT02224560 | https://clinicaltrials.gov/study/NCT02224703,2018-07-27,2019-08-01,"Not an independently verified unique active drug; requires alias, arm and regimen review."
JAZZ,Jazz Pharmaceuticals plc,im jzp-458 | iv jzp-458,PROVISIONAL_SINGLE_INTERVENTION,1,Acute Lymphoblastic Leukemia | Lymphoblastic Leukemia,NCT04145531,https://clinicaltrials.gov/study/NCT04145531,2023-11-18,2023-11-18,"Not an independently verified unique active drug; requires alias, arm and regimen review."
JAZZ,Jazz Pharmaceuticals plc,jzp-110,PROVISIONAL_SINGLE_INTERVENTION,2,Narcolepsy | Obstructive Sleep Apnea | Obstructive Sleep Apnea,NCT02348619 | NCT02348632,https://clinicaltrials.gov/study/NCT02348619 | https://clinicaltrials.gov/study/NCT02348632,2019-06-25,2019-09-09,"Not an independently verified unique active drug; requires alias, arm and regimen review."
JAZZ,Jazz Pharmaceuticals plc,jzp-110 | placebo oral tablet,PROVISIONAL_SINGLE_INTERVENTION,2,Narcolepsy | Obstructive Sleep Apnea,NCT02348593 | NCT02348606,https://clinicaltrials.gov/study/NCT02348593 | https://clinicaltrials.gov/study/NCT02348606,2019-07-23,2019-07-23,"Not an independently verified unique active drug; requires alias, arm and regimen review."
JAZZ,Jazz Pharmaceuticals plc,jzp-258,PROVISIONAL_SINGLE_INTERVENTION,1,Narcolepsy With Cataplexy,NCT03030599,https://clinicaltrials.gov/study/NCT03030599,2020-11-12,2020-11-12,"Not an independently verified unique active drug; requires alias, arm and regimen review."
JAZZ,Jazz Pharmaceuticals plc,jzp-258 | placebo oral solution,PROVISIONAL_SINGLE_INTERVENTION,1,Idiopathic Hypersomnia,NCT03533114,https://clinicaltrials.gov/study/NCT03533114,2021-11-24,2021-11-24,"Not an independently verified unique active drug; requires alias, arm and regimen review."
JAZZ,Jazz Pharmaceuticals plc,modafinil (placebo) | modafinil at established dose | xyrem | xyrem placebo,PROVISIONAL_SINGLE_INTERVENTION,1,Narcolepsy,NCT00066170,https://clinicaltrials.gov/study/NCT00066170,2011-11-30,2011-11-30,"Not an independently verified unique active drug; requires alias, arm and regimen review."
JAZZ,Jazz Pharmaceuticals plc,nabiximols,PROVISIONAL_SINGLE_INTERVENTION,1,Advanced Cancer | Pain,NCT01337089,https://clinicaltrials.gov/study/NCT01337089,2018-04-23,2018-04-23,"Not an independently verified unique active drug; requires alias, arm and regimen review."
JAZZ,Jazz Pharmaceuticals plc,nabiximols | placebo,PROVISIONAL_SINGLE_INTERVENTION,3,Multiple Sclerosis (MS) | Spasticity With Multiple Sclerosis | Spasticity in Participants With Multiple Sclerosis,NCT04203498 | NCT04657666 | NCT04984278,https://clinicaltrials.gov/study/NCT04203498 | https://clinicaltrials.gov/study/NCT04657666 | https://clinicaltrials.gov/study/NCT04984278,2023-07-20,2024-05-08,"Not an independently verified unique active drug; requires alias, arm and regimen review."
JAZZ,Jazz Pharmaceuticals plc,nabiximols | placebo (ga-0034),PROVISIONAL_SINGLE_INTERVENTION,2,Advanced Cancer | Pain,NCT01361607 | NCT01424566,https://clinicaltrials.gov/study/NCT01361607 | https://clinicaltrials.gov/study/NCT01424566,2018-04-23,2018-04-23,"Not an independently verified unique active drug; requires alias, arm and regimen review."
JAZZ,Jazz Pharmaceuticals plc,placebo | sativex,PROVISIONAL_SINGLE_INTERVENTION,5,Diabetic Neuropathy | Pain | Multiple Sclerosis | Multiple Sclerosis | Neuropathic Pain | Multiple Sclerosis | Spasticity | Pain | Peripheral Neuropathy,NCT00702468 | NCT00710424 | NCT00710554 | NCT01599234 | NCT01604265,https://clinicaltrials.gov/study/NCT00702468 | https://clinicaltrials.gov/study/NCT00710424 | https://clinicaltrials.gov/study/NCT00710554 | https://clinicaltrials.gov/study/NCT01599234 | https://clinicaltrials.gov/study/NCT01604265,2011-06-17,2012-09-19,"Not an independently verified unique active drug; requires alias, arm and regimen review."
JAZZ,Jazz Pharmaceuticals plc,placebo | sativex®,PROVISIONAL_SINGLE_INTERVENTION,5,Detrusor Overactivity | Multiple Sclerosis | Multiple Sclerosis | Spasticity | Pain | Peripheral Neuropathy,NCT00678795 | NCT00681538 | NCT00711646 | NCT00711880 | NCT00713817,https://clinicaltrials.gov/study/NCT00678795 | https://clinicaltrials.gov/study/NCT00681538 | https://clinicaltrials.gov/study/NCT00711646 | https://clinicaltrials.gov/study/NCT00711880 | https://clinicaltrials.gov/study/NCT00713817,2011-12-07,2012-09-28,"Not an independently verified unique active drug; requires alias, arm and regimen review."
JAZZ,Jazz Pharmaceuticals plc,placebo | sativex® | thc alone,PROVISIONAL_SINGLE_INTERVENTION,1,Cancer | Pain | Palliative Care,NCT00674609,https://clinicaltrials.gov/study/NCT00674609,2012-08-13,2012-08-13,"Not an independently verified unique active drug; requires alias, arm and regimen review."
JAZZ,Jazz Pharmaceuticals plc,placebo | xyrem®,PROVISIONAL_SINGLE_INTERVENTION,1,Fibromyalgia,NCT00371137,https://clinicaltrials.gov/study/NCT00371137,2011-11-30,2011-11-30,"Not an independently verified unique active drug; requires alias, arm and regimen review."
JAZZ,Jazz Pharmaceuticals plc,sativex®,PROVISIONAL_SINGLE_INTERVENTION,1,Pain | Peripheral Neuropathy,NCT00713323,https://clinicaltrials.gov/study/NCT00713323,2012-09-14,2012-09-14,"Not an independently verified unique active drug; requires alias, arm and regimen review."
JAZZ,Jazz Pharmaceuticals plc,sodium oxybate | sodium oxybate & 6 tablets | sodium oxybate & 8 tablets | sodium oxybate oral solution (6 grams),PROVISIONAL_SINGLE_INTERVENTION,1,Fibromyalgia,NCT00803023,https://clinicaltrials.gov/study/NCT00803023,2011-08-16,2011-08-16,"Not an independently verified unique active drug; requires alias, arm and regimen review."
JAZZ,Jazz Pharmaceuticals plc,xyrem,PROVISIONAL_SINGLE_INTERVENTION,1,Narcolepsy With Cataplexy,NCT02221869,https://clinicaltrials.gov/study/NCT02221869,2019-04-30,2019-04-30,"Not an independently verified unique active drug; requires alias, arm and regimen review."
JAZZ,Jazz Pharmaceuticals plc,xyrem (sodium oxybate) oral solution,PROVISIONAL_SINGLE_INTERVENTION,1,Narcolepsy,NCT00132873,https://clinicaltrials.gov/study/NCT00132873,2013-11-25,2013-11-25,"Not an independently verified unique active drug; requires alias, arm and regimen review."
JAZZ,Jazz Pharmaceuticals plc,xyrem®,PROVISIONAL_SINGLE_INTERVENTION,1,Fibromyalgia,NCT00423605,https://clinicaltrials.gov/study/NCT00423605,2011-10-20,2011-10-20,"Not an independently verified unique active drug; requires alias, arm and regimen review."
JAZZ,Jazz Pharmaceuticals plc,xyrem® | placebo,PROVISIONAL_SINGLE_INTERVENTION,1,Fibromyalgia,NCT00423813,https://clinicaltrials.gov/study/NCT00423813,2012-01-10,2012-01-10,"Not an independently verified unique active drug; requires alias, arm and regimen review."
KMDA,KAMADA LTD,active rabies vaccine (us-fda approved),PROVISIONAL_SINGLE_INTERVENTION,1,Rabies,NCT02040090,https://clinicaltrials.gov/study/NCT02040090,2021-09-29,2021-09-29,"Not an independently verified unique active drug; requires alias, arm and regimen review."
KNSA,"Kiniksa Pharmaceuticals International, plc",mavrilimumab,PROVISIONAL_SINGLE_INTERVENTION,1,COVID,NCT04447469,https://clinicaltrials.gov/study/NCT04447469,2025-01-22,2025-01-22,"Not an independently verified unique active drug; requires alias, arm and regimen review."
KOD,Kodiak Sciences Inc.,aflibercept | ksi-301,PROVISIONAL_SINGLE_INTERVENTION,5,Diabetic Macular Edema | Macular Edema | Retinal Vein Occlusion | Wet Age-related Macular Degeneration | Wet Macular Degeneration,NCT04049266 | NCT04592419 | NCT04603937 | NCT04611152 | NCT04964089,https://clinicaltrials.gov/study/NCT04049266 | https://clinicaltrials.gov/study/NCT04592419 | https://clinicaltrials.gov/study/NCT04603937 | https://clinicaltrials.gov/study/NCT04611152 | https://clinicaltrials.gov/study/NCT04964089,2024-05-02,2024-08-22,"Not an independently verified unique active drug; requires alias, arm and regimen review."
KOD,Kodiak Sciences Inc.,ksi-301,PROVISIONAL_SINGLE_INTERVENTION,1,Non-proliferative Diabetic Retinopathy,NCT05066230,https://clinicaltrials.gov/study/NCT05066230,2024-09-05,2024-09-05,"Not an independently verified unique active drug; requires alias, arm and regimen review."
KOD,Kodiak Sciences,tabirafusp-ted (ksi-501),PROVISIONAL_SINGLE_INTERVENTION,0,Wet age-related macular degeneration,,https://ir.kodiak.com/news-releases/news-release-details/kodiak-sciences-present-clinical-data-across-all-three-late,2026-09-28,2026-09-28,"Not an independently verified unique active drug; requires alias, arm and regimen review."
KOD,Kodiak Sciences,zenkuda (tarcocimab tedromer),PROVISIONAL_SINGLE_INTERVENTION,0,Wet age-related macular degeneration,,https://ir.kodiak.com/news-releases/news-release-details/kodiak-sciences-present-clinical-data-across-all-three-late,2026-09-28,2026-09-28,"Not an independently verified unique active drug; requires alias, arm and regimen review."
KPTI,Karyopharm Therapeutics Inc.,bortezomib | dexamethasone | selinexor,PROVISIONAL_SINGLE_INTERVENTION,1,Multiple Myeloma,NCT03110562,https://clinicaltrials.gov/study/NCT03110562,2021-07-08,2021-07-08,"Not an independently verified unique active drug; requires alias, arm and regimen review."
KPTI,Karyopharm Therapeutics Inc.,placebo | selinexor,PROVISIONAL_SINGLE_INTERVENTION,1,Dedifferentiated Liposarcoma,NCT02606461,https://clinicaltrials.gov/study/NCT02606461,2021-12-07,2021-12-07,"Not an independently verified unique active drug; requires alias, arm and regimen review."
KPTI,Karyopharm Therapeutics,selinexor,PROVISIONAL_SINGLE_INTERVENTION,0,Endometrial cancer,,https://www.prnewswire.com/news-releases/karyopharm-announces-topline-results-from-phase-3-xport-ec-042-trial-in-endometrial-cancer-302839314.html,2026-07-30,2026-07-30,"Not an independently verified unique active drug; requires alias, arm and regimen review."
KRYS,"Krystal Biotech, Inc.",topical beremagene geperpavec,PROVISIONAL_SINGLE_INTERVENTION,1,Dominant Dystrophic Epidermolysis Bullosa | Dystrophic Epidermolysis Bullosa | Recessive Dystrophic Epidermolysis Bullosa,NCT04491604,https://clinicaltrials.gov/study/NCT04491604,2023-02-17,2023-02-17,"Not an independently verified unique active drug; requires alias, arm and regimen review."
KYNB,"KYNTRA BIO, INC.",corticosteroids | pamrevlumab | placebo,PROVISIONAL_SINGLE_INTERVENTION,2,Duchenne Muscular Dystrophy,NCT04371666 | NCT04632940,https://clinicaltrials.gov/study/NCT04371666 | https://clinicaltrials.gov/study/NCT04632940,2024-03-12,2024-08-26,"Not an independently verified unique active drug; requires alias, arm and regimen review."
KYNB,"KYNTRA BIO, INC.",epoetin alfa | roxadustat,PROVISIONAL_SINGLE_INTERVENTION,2,Anemia in Incident Dialysis Patients | CKD Anemia in Stable Dialysis Patients,NCT02052310 | NCT02273726,https://clinicaltrials.gov/study/NCT02052310 | https://clinicaltrials.gov/study/NCT02273726,2021-10-01,2021-10-29,"Not an independently verified unique active drug; requires alias, arm and regimen review."
KYNB,"KYNTRA BIO, INC.",pamrevlumab + gemcitabine + nab-paclitaxel or pamrevlumab + folfirinox | placebo + gemcitabine + nab-paclitaxel or placebo + folfirinox,PROVISIONAL_SINGLE_INTERVENTION,1,Pancreatic Cancer Non-resectable,NCT03941093,https://clinicaltrials.gov/study/NCT03941093,2024-11-05,2024-11-05,"Not an independently verified unique active drug; requires alias, arm and regimen review."
KYNB,"KYNTRA BIO, INC.",pamrevlumab | placebo,PROVISIONAL_SINGLE_INTERVENTION,2,Idiopathic Pulmonary Fibrosis,NCT03955146 | NCT04419558,https://clinicaltrials.gov/study/NCT03955146 | https://clinicaltrials.gov/study/NCT04419558,2024-08-12,2024-09-19,"Not an independently verified unique active drug; requires alias, arm and regimen review."
KYNB,"KYNTRA BIO, INC.",placebo | roxadustat,PROVISIONAL_SINGLE_INTERVENTION,2,"Anemia | Primary MDS (Very Low, Low or Intermediate IPSS-R With <5% Blasts) | CKD Anemia",NCT01750190 | NCT03263091,https://clinicaltrials.gov/study/NCT01750190 | https://clinicaltrials.gov/study/NCT03263091,2021-10-01,2024-08-01,"Not an independently verified unique active drug; requires alias, arm and regimen review."
KYNB,"KYNTRA BIO, INC.",roxadustat,PROVISIONAL_SINGLE_INTERVENTION,2,Anemia Associated With End Stage Renal Disease | Anemia Associated With End Stage Renal Disease (ESRD),NCT04410198 | NCT04484857,https://clinicaltrials.gov/study/NCT04410198 | https://clinicaltrials.gov/study/NCT04484857,2022-07-26,2022-09-13,"Not an independently verified unique active drug; requires alias, arm and regimen review."
LENZ,"LENZ Therapeutics, Inc.",aceclidine ophthalmic solution | aceclidine+brimonidine combination ophthalmic solution | brimonidine,PROVISIONAL_SINGLE_INTERVENTION,1,Eye Diseases | Near Vision | Presbyopia | Refractive Error,NCT05656027,https://clinicaltrials.gov/study/NCT05656027,2026-02-25,2026-02-25,"Not an independently verified unique active drug; requires alias, arm and regimen review."
LENZ,"LENZ Therapeutics, Inc.",aceclidine ophthalmic solution | aceclidine+brimonidine combination ophthalmic solution | vehicle,PROVISIONAL_SINGLE_INTERVENTION,2,Eye Diseases | Near Vision | Presbyopia | Refractive Error,NCT05728944 | NCT05753189,https://clinicaltrials.gov/study/NCT05728944 | https://clinicaltrials.gov/study/NCT05753189,2026-02-25,2026-05-13,"Not an independently verified unique active drug; requires alias, arm and regimen review."
LKFT,Lakefront Biotherapeutics NV,filgotinib,PROVISIONAL_SINGLE_INTERVENTION,1,Crohn's Disease,NCT02914561,https://clinicaltrials.gov/study/NCT02914561,2023-12-18,2023-12-18,"Not an independently verified unique active drug; requires alias, arm and regimen review."
LKFT,Lakefront Biotherapeutics NV,filgotinib | placebo,PROVISIONAL_SINGLE_INTERVENTION,2,Crohn's Disease | Ulcerative Colitis,NCT02914600 | NCT05479058,https://clinicaltrials.gov/study/NCT02914600 | https://clinicaltrials.gov/study/NCT05479058,2024-07-10,2024-10-04,"Not an independently verified unique active drug; requires alias, arm and regimen review."
LKFT,Lakefront Biotherapeutics NV,glpg1690 | placebo,PROVISIONAL_SINGLE_INTERVENTION,2,Idiopathic Pulmonary Fibrosis,NCT03711162 | NCT03733444,https://clinicaltrials.gov/study/NCT03711162 | https://clinicaltrials.gov/study/NCT03733444,2022-07-29,2022-07-29,"Not an independently verified unique active drug; requires alias, arm and regimen review."
LONA,"LeonaBio, Inc.",ath-1017,PROVISIONAL_SINGLE_INTERVENTION,1,Alzheimer Disease,NCT04886063,https://clinicaltrials.gov/study/NCT04886063,2025-04-01,2025-04-01,"Not an independently verified unique active drug; requires alias, arm and regimen review."
LONA,"LeonaBio, Inc.",ath-1017 | placebo,PROVISIONAL_SINGLE_INTERVENTION,1,Alzheimer Disease | Dementia of Alzheimer Type,NCT04488419,https://clinicaltrials.gov/study/NCT04488419,2025-04-04,2025-04-04,"Not an independently verified unique active drug; requires alias, arm and regimen review."
LPCN,Lipocine Inc.,lpcn 1021,PROVISIONAL_SINGLE_INTERVENTION,3,"Hypogonadism, Male",NCT03242408 | NCT03242590 | NCT03868059,https://clinicaltrials.gov/study/NCT03242408 | https://clinicaltrials.gov/study/NCT03242590 | https://clinicaltrials.gov/study/NCT03868059,2019-09-11,2021-06-10,"Not an independently verified unique active drug; requires alias, arm and regimen review."
LSTA,"LISATA THERAPEUTICS, INC.",auto-cd34+ cells | placebo: diluent used to suspend auto-cd34+ cells,PROVISIONAL_SINGLE_INTERVENTION,1,Advanced Coronary Heart Disease | Chronic Myocardial Ischemia | Refractory Angina Pectoris,NCT01508910,https://clinicaltrials.gov/study/NCT01508910,2017-02-15,2017-02-15,"Not an independently verified unique active drug; requires alias, arm and regimen review."
LXRX,"LEXICON PHARMACEUTICALS, INC.",empagliflozin | placebo | sotagliflozin,PROVISIONAL_SINGLE_INTERVENTION,1,Type 2 Diabetes Mellitus,NCT03351478,https://clinicaltrials.gov/study/NCT03351478,2021-05-11,2021-05-11,"Not an independently verified unique active drug; requires alias, arm and regimen review."
LXRX,"LEXICON PHARMACEUTICALS, INC.",glimepiride | metformin | placebo | sotagliflozin (sar439954),PROVISIONAL_SINGLE_INTERVENTION,1,Type 2 Diabetes Mellitus,NCT03332771,https://clinicaltrials.gov/study/NCT03332771,2021-05-11,2021-05-11,"Not an independently verified unique active drug; requires alias, arm and regimen review."
LXRX,"LEXICON PHARMACEUTICALS, INC.",insulin glargine (hoe901) | oral antidiabetes drugs (oads) | placebo | sotagliflozin,PROVISIONAL_SINGLE_INTERVENTION,1,Type 2 Diabetes Mellitus,NCT03285594,https://clinicaltrials.gov/study/NCT03285594,2021-05-11,2021-05-11,"Not an independently verified unique active drug; requires alias, arm and regimen review."
LXRX,"LEXICON PHARMACEUTICALS, INC.",metformin | placebo | sotagliflozin (sar439954),PROVISIONAL_SINGLE_INTERVENTION,1,Type 2 Diabetes Mellitus,NCT02926950,https://clinicaltrials.gov/study/NCT02926950,2021-05-11,2021-05-11,"Not an independently verified unique active drug; requires alias, arm and regimen review."
LXRX,"LEXICON PHARMACEUTICALS, INC.",metformin | placebo | sotagliflozin (sar439954) | sulfonylurea,PROVISIONAL_SINGLE_INTERVENTION,1,Type 2 Diabetes Mellitus,NCT03066830,https://clinicaltrials.gov/study/NCT03066830,2021-05-11,2021-05-11,"Not an independently verified unique active drug; requires alias, arm and regimen review."
LXRX,"LEXICON PHARMACEUTICALS, INC.",placebo | sotagliflozin,PROVISIONAL_SINGLE_INTERVENTION,8,Chronic Kidney Disease Stage 3 | Type 2 Diabetes Mellitus | Chronic Kidney Disease Stage 4 | Type 2 Diabetes Mellitus | Chronic Kidney Diseases | Heart Failure | Type 2 Diabetes Mellitus | Heart Failure | Type 2 Diabetes Mellitus | High Level of Sugar (Glucose) in the Blood | Type 1 Diabetes Mellitus (T1DM) | Type 1 Diabetes Mellitus | Type 2 Diabetes Mellitus,NCT02384941 | NCT02421510 | NCT02531035 | NCT03242018 | NCT03242252 | NCT03315143 | NCT03386344 | NCT03521934,https://clinicaltrials.gov/study/NCT02384941 | https://clinicaltrials.gov/study/NCT02421510 | https://clinicaltrials.gov/study/NCT02531035 | https://clinicaltrials.gov/study/NCT03242018 | https://clinicaltrials.gov/study/NCT03242252 | https://clinicaltrials.gov/study/NCT03315143 | https://clinicaltrials.gov/study/NCT03386344 | https://clinicaltrials.gov/study/NCT03521934,2019-10-30,2022-10-28,"Not an independently verified unique active drug; requires alias, arm and regimen review."
LXRX,"LEXICON PHARMACEUTICALS, INC.",placebo | sotagliflozin (sar439954),PROVISIONAL_SINGLE_INTERVENTION,1,Type 2 Diabetes Mellitus,NCT02926937,https://clinicaltrials.gov/study/NCT02926937,2021-06-21,2021-06-21,"Not an independently verified unique active drug; requires alias, arm and regimen review."
LXRX,"LEXICON PHARMACEUTICALS, INC.",placebo | telotristat etiprate,PROVISIONAL_SINGLE_INTERVENTION,1,Carcinoid Syndrome,NCT02063659,https://clinicaltrials.gov/study/NCT02063659,2017-09-25,2017-09-25,"Not an independently verified unique active drug; requires alias, arm and regimen review."
LXRX,"LEXICON PHARMACEUTICALS, INC.",placebo-matching telotristat etiprate | telotristat etiprate,PROVISIONAL_SINGLE_INTERVENTION,1,Carcinoid Syndrome,NCT01677910,https://clinicaltrials.gov/study/NCT01677910,2017-09-18,2017-09-18,"Not an independently verified unique active drug; requires alias, arm and regimen review."
LXRX,"LEXICON PHARMACEUTICALS, INC.",telotristat etiprate,PROVISIONAL_SINGLE_INTERVENTION,1,Carcinoid Syndrome,NCT02026063,https://clinicaltrials.gov/study/NCT02026063,2019-09-17,2019-09-17,"Not an independently verified unique active drug; requires alias, arm and regimen review."
MCRB,"Seres Therapeutics, Inc.",placebo | ser-109,PROVISIONAL_SINGLE_INTERVENTION,1,Clostridium Difficile Infection,NCT03183128,https://clinicaltrials.gov/study/NCT03183128,2023-04-27,2023-04-27,"Not an independently verified unique active drug; requires alias, arm and regimen review."
MCRB,"Seres Therapeutics, Inc.",ser-109,PROVISIONAL_SINGLE_INTERVENTION,1,Clostridioides Difficile Infection,NCT03183141,https://clinicaltrials.gov/study/NCT03183141,2023-03-31,2023-03-31,"Not an independently verified unique active drug; requires alias, arm and regimen review."
MDWD,MediWound Ltd.,gel vehicle | nexobrid,PROVISIONAL_SINGLE_INTERVENTION,1,Thermal Burns,NCT02148705,https://clinicaltrials.gov/study/NCT02148705,2023-06-27,2023-06-27,"Not an independently verified unique active drug; requires alias, arm and regimen review."
MDWD,MediWound Ltd.,nexobrid,PROVISIONAL_SINGLE_INTERVENTION,1,Thermal Burns,NCT02278718,https://clinicaltrials.gov/study/NCT02278718,2024-09-27,2024-09-27,"Not an independently verified unique active drug; requires alias, arm and regimen review."
MESO,MESOBLAST LTD,placebo | rexlemestrocel-l | rexlemestrocel-l + ha mixture,PROVISIONAL_SINGLE_INTERVENTION,1,Degenerative Disc Disease,NCT02412735,https://clinicaltrials.gov/study/NCT02412735,2022-01-18,2022-01-18,"Not an independently verified unique active drug; requires alias, arm and regimen review."
MESO,MESOBLAST LTD,remestemcel-l,PROVISIONAL_SINGLE_INTERVENTION,2,Grade B Acute Graft Versus Host Disease | Grade C Acute Graft Versus Host Disease | Grade D Acute Graft Versus Host Disease | Grade B aGVHD | Grade C aGVHD | Grade D aGVHD,NCT02336230 | NCT02652130,https://clinicaltrials.gov/study/NCT02336230 | https://clinicaltrials.gov/study/NCT02652130,2022-03-16,2022-03-17,"Not an independently verified unique active drug; requires alias, arm and regimen review."
MESO,MESOBLAST LTD,rexlemestrocel-l,PROVISIONAL_SINGLE_INTERVENTION,1,Chronic Heart Failure,NCT02032004,https://clinicaltrials.gov/study/NCT02032004,2026-03-23,2026-03-23,"Not an independently verified unique active drug; requires alias, arm and regimen review."
MGNX,MACROGENICS INC,margetuximab | physician's choice of chemotherapy. | trastuzumab,PROVISIONAL_SINGLE_INTERVENTION,1,HER-2 Positive Breast Cancer | Metastatic Neoplasm,NCT02492711,https://clinicaltrials.gov/study/NCT02492711,2022-11-23,2022-11-23,"Not an independently verified unique active drug; requires alias, arm and regimen review."
MGNX,MACROGENICS INC,placebo | teplizumab,PROVISIONAL_SINGLE_INTERVENTION,1,Type 1 Diabetes Mellitus,NCT00385697,https://clinicaltrials.gov/study/NCT00385697,2023-12-05,2023-12-05,"Not an independently verified unique active drug; requires alias, arm and regimen review."
MGNX,MACROGENICS INC,placebo | teplizumab 33.3% herold regimen | teplizumab curtailed herold regimen | teplizumab herold regimen,PROVISIONAL_SINGLE_INTERVENTION,1,Type 1 Diabetes Mellitus,NCT00920582,https://clinicaltrials.gov/study/NCT00920582,2023-12-20,2023-12-20,"Not an independently verified unique active drug; requires alias, arm and regimen review."
MGNX,MACROGENICS INC,retifanlimab | tebotelimab | trastuzumab | margetuximab,PROVISIONAL_SINGLE_INTERVENTION,1,Gastric Cancer | Gastroesophageal Junction Cancer | HER2-positive Gastric Cancer,NCT04082364,https://clinicaltrials.gov/study/NCT04082364,2025-04-22,2025-04-22,"Not an independently verified unique active drug; requires alias, arm and regimen review."
MIRM,"Mirum Pharmaceuticals, Inc.",blinded cdca 250 mg tid | cdca weight-based dose tid | open-label cdca 250 mg tid | placebo | rescue medication cdca 250 mg tid,PROVISIONAL_SINGLE_INTERVENTION,1,CTX,NCT04270682,https://clinicaltrials.gov/study/NCT04270682,2024-10-28,2024-10-28,"Not an independently verified unique active drug; requires alias, arm and regimen review."
MIRM,"Mirum Pharmaceuticals, Inc.",cholic acid,PROVISIONAL_SINGLE_INTERVENTION,2,Bile Acid Synthesis Defect | Inborn Errors of Bile Acid Synthesis,NCT01115582 | NCT01438411,https://clinicaltrials.gov/study/NCT01115582 | https://clinicaltrials.gov/study/NCT01438411,2016-12-09,2020-08-21,"Not an independently verified unique active drug; requires alias, arm and regimen review."
MIRM,"Mirum Pharmaceuticals, Inc.",cholic acids,PROVISIONAL_SINGLE_INTERVENTION,1,Adrenoleukodystrophy | Cholestasis | Infantile Refsum's Disease | Peroxisomal Disorders | Zellweger Syndrome,NCT00007020,https://clinicaltrials.gov/study/NCT00007020,2020-07-15,2020-07-15,"Not an independently verified unique active drug; requires alias, arm and regimen review."
MIRM,"Mirum Pharmaceuticals, Inc.",maralixibat,PROVISIONAL_SINGLE_INTERVENTION,2,Progressive Familial Intrahepatic Cholestasis (PFIC),NCT03905330 | NCT04185363,https://clinicaltrials.gov/study/NCT03905330 | https://clinicaltrials.gov/study/NCT04185363,2023-12-11,2026-06-23,"Not an independently verified unique active drug; requires alias, arm and regimen review."
MIST,Milestone Pharmaceuticals Inc.,etripamil ns,PROVISIONAL_SINGLE_INTERVENTION,1,Paroxysmal Supraventricular Tachycardia,NCT04072835,https://clinicaltrials.gov/study/NCT04072835,2024-05-23,2024-05-23,"Not an independently verified unique active drug; requires alias, arm and regimen review."
MIST,Milestone Pharmaceuticals Inc.,etripamil ns 70 mg,PROVISIONAL_SINGLE_INTERVENTION,1,Paroxysmal Supraventricular Tachycardia,NCT03635996,https://clinicaltrials.gov/study/NCT03635996,2023-04-24,2023-04-24,"Not an independently verified unique active drug; requires alias, arm and regimen review."
MIST,Milestone Pharmaceuticals Inc.,etripamil | etripamil test dose | placebo,PROVISIONAL_SINGLE_INTERVENTION,1,Paroxysmal Supraventricular Tachycardia,NCT03464019,https://clinicaltrials.gov/study/NCT03464019,2024-07-12,2024-07-12,"Not an independently verified unique active drug; requires alias, arm and regimen review."
MNKD,MANNKIND CORP,70% insulin aspart protamine suspension and 30% insulin aspart injection (rdna origin) | technosphere® insulin inhalation powder,PROVISIONAL_SINGLE_INTERVENTION,1,Diabetes Type 2,NCT00309244,https://clinicaltrials.gov/study/NCT00309244,2014-10-16,2014-10-16,"Not an independently verified unique active drug; requires alias, arm and regimen review."
MNKD,MANNKIND CORP,active comparator | technosphere insulin,PROVISIONAL_SINGLE_INTERVENTION,1,"Diabetes, Type I",NCT00308308,https://clinicaltrials.gov/study/NCT00308308,2014-10-16,2014-10-16,"Not an independently verified unique active drug; requires alias, arm and regimen review."
MNKD,MANNKIND CORP,insulin aspart in combination with a basal insulin | technosphere ®insulin with gen2 inhaler | technosphere® insulin with medtone c inhaler,PROVISIONAL_SINGLE_INTERVENTION,1,Type 1 Diabetes Mellitus,NCT01445951,https://clinicaltrials.gov/study/NCT01445951,2014-10-22,2014-10-22,"Not an independently verified unique active drug; requires alias, arm and regimen review."
MNKD,MANNKIND CORP,insulin aspart | insulin glargine | technosphere® insulin inhalation powder,PROVISIONAL_SINGLE_INTERVENTION,1,Type 2 Diabetes,NCT01196104,https://clinicaltrials.gov/study/NCT01196104,2014-10-21,2014-10-21,"Not an independently verified unique active drug; requires alias, arm and regimen review."
MNKD,MANNKIND CORP,insulin glargine | insulin lispro | technosphere insulin,PROVISIONAL_SINGLE_INTERVENTION,1,"Diabetes, Type 1",NCT00700622,https://clinicaltrials.gov/study/NCT00700622,2014-10-16,2014-10-16,"Not an independently verified unique active drug; requires alias, arm and regimen review."
MNKD,MANNKIND CORP,metformin & secretagogues | technosphere insulin | technosphere insulin & metformin,PROVISIONAL_SINGLE_INTERVENTION,1,"Diabetes Mellitus, Type 2",NCT00332488,https://clinicaltrials.gov/study/NCT00332488,2014-10-16,2014-10-16,"Not an independently verified unique active drug; requires alias, arm and regimen review."
MNKD,MANNKIND CORP,technosphere powder | technosphere® insulin,PROVISIONAL_SINGLE_INTERVENTION,1,Type 2 Diabetes,NCT01451398,https://clinicaltrials.gov/study/NCT01451398,2014-10-17,2014-10-17,"Not an independently verified unique active drug; requires alias, arm and regimen review."
MNKD,MANNKIND CORP,technosphere® insulin inhalation powder | usual care,PROVISIONAL_SINGLE_INTERVENTION,1,"Diabetes, Type 1 | Diabetes, Type 2",NCT00308737,https://clinicaltrials.gov/study/NCT00308737,2014-10-16,2014-10-16,"Not an independently verified unique active drug; requires alias, arm and regimen review."
MNKD,MANNKIND CORP,technosphere® insulin | usual care,PROVISIONAL_SINGLE_INTERVENTION,1,Asthma | Moderate Chronic Obstructive Pulmonary Disease | Type 1 Diabetes Mellitus | Type 2 Diabetes Mellitus,NCT00642616,https://clinicaltrials.gov/study/NCT00642616,2016-02-15,2016-02-15,"Not an independently verified unique active drug; requires alias, arm and regimen review."
NBIX,NEUROCRINE BIOSCIENCES INC,crinecerfont | placebo,PROVISIONAL_SINGLE_INTERVENTION,2,Congenital Adrenal Hyperplasia,NCT04490915 | NCT04806451,https://clinicaltrials.gov/study/NCT04490915 | https://clinicaltrials.gov/study/NCT04806451,2025-02-05,2025-02-05,"Not an independently verified unique active drug; requires alias, arm and regimen review."
NBIX,NEUROCRINE BIOSCIENCES INC,nbi-98854,PROVISIONAL_SINGLE_INTERVENTION,1,Tardive Dyskinesia,NCT02405091,https://clinicaltrials.gov/study/NCT02405091,2018-11-30,2018-11-30,"Not an independently verified unique active drug; requires alias, arm and regimen review."
NBIX,NEUROCRINE BIOSCIENCES INC,nbi-98854 | placebo,PROVISIONAL_SINGLE_INTERVENTION,1,Tardive Dyskinesia,NCT02274558,https://clinicaltrials.gov/study/NCT02274558,2017-07-11,2017-07-11,"Not an independently verified unique active drug; requires alias, arm and regimen review."
NBIX,NEUROCRINE BIOSCIENCES INC,placebo | valbenazine,PROVISIONAL_SINGLE_INTERVENTION,1,"Chorea, Huntington",NCT04102579,https://clinicaltrials.gov/study/NCT04102579,2023-10-11,2023-10-11,"Not an independently verified unique active drug; requires alias, arm and regimen review."
NBIX,NEUROCRINE BIOSCIENCES INC,valbenazine,PROVISIONAL_SINGLE_INTERVENTION,1,Tardive Dyskinesia,NCT02736955,https://clinicaltrials.gov/study/NCT02736955,2018-12-19,2018-12-19,"Not an independently verified unique active drug; requires alias, arm and regimen review."
NCNA,NuCana plc,cisplatin | gemcitabine | nuc-1031,PROVISIONAL_SINGLE_INTERVENTION,1,Biliary Tract Cancer,NCT04163900,https://clinicaltrials.gov/study/NCT04163900,2023-05-24,2023-05-24,"Not an independently verified unique active drug; requires alias, arm and regimen review."
NERV,"Minerva Neurosciences, Inc.",placebo oral tablet | roluperidone 32 mg | roluperidone 64 mg,PROVISIONAL_SINGLE_INTERVENTION,1,Negative Symptoms of Schizophrenia,NCT03397134,https://clinicaltrials.gov/study/NCT03397134,2023-04-28,2023-04-28,"Not an independently verified unique active drug; requires alias, arm and regimen review."
NKTR,NEKTAR THERAPEUTICS,bempegaldesleukin | cabozantinib | nivolumab | sunitinib,PROVISIONAL_SINGLE_INTERVENTION,1,Metastatic Renal Cell Carcinoma | Renal Cell Carcinoma,NCT03729245,https://clinicaltrials.gov/study/NCT03729245,2023-04-11,2023-04-11,"Not an independently verified unique active drug; requires alias, arm and regimen review."
NKTR,NEKTAR THERAPEUTICS,bempegaldesleukin | nivolumab,PROVISIONAL_SINGLE_INTERVENTION,1,Melanoma | Melanoma (Skin) | Melanoma Stage III | Melanoma Stage IV,NCT04410445,https://clinicaltrials.gov/study/NCT04410445,2023-04-21,2023-04-21,"Not an independently verified unique active drug; requires alias, arm and regimen review."
NKTR,NEKTAR THERAPEUTICS,bempegaldesleukin | pembrolizumab,PROVISIONAL_SINGLE_INTERVENTION,1,Metastatic Head and Neck Cancer | Recurrent Head and Neck Cancer,NCT04969861,https://clinicaltrials.gov/study/NCT04969861,2022-12-15,2022-12-15,"Not an independently verified unique active drug; requires alias, arm and regimen review."
NKTR,NEKTAR THERAPEUTICS,docetaxel | eribulin | gemcitabine | ixabepilone | nktr-102 | nab-paclitaxel | paclitaxel | vinorelbine,PROVISIONAL_SINGLE_INTERVENTION,1,Breast Cancer | Metastasis,NCT02915744,https://clinicaltrials.gov/study/NCT02915744,2021-08-27,2021-08-27,"Not an independently verified unique active drug; requires alias, arm and regimen review."
NKTR,NEKTAR THERAPEUTICS,nktr-102 | treatment of physician's choice (tpc),PROVISIONAL_SINGLE_INTERVENTION,1,Locally Recurrent Breast Cancer | Metastatic Breast Cancer,NCT01492101,https://clinicaltrials.gov/study/NCT01492101,2021-06-01,2021-06-01,"Not an independently verified unique active drug; requires alias, arm and regimen review."
NKTR,NEKTAR THERAPEUTICS,nktr-181 bid tablets,PROVISIONAL_SINGLE_INTERVENTION,1,Chronic Pain | Low Back Pain,NCT02367820,https://clinicaltrials.gov/study/NCT02367820,2020-10-08,2020-10-08,"Not an independently verified unique active drug; requires alias, arm and regimen review."
NKTR,NEKTAR THERAPEUTICS,nktr-181 bid tablets | placebo to match nktr-181 bid tablets,PROVISIONAL_SINGLE_INTERVENTION,1,Chronic Pain | Low Back Pain,NCT02362672,https://clinicaltrials.gov/study/NCT02362672,2020-09-16,2020-09-16,"Not an independently verified unique active drug; requires alias, arm and regimen review."
NVAX,NOVAVAX INC,fluzone quadrivalent | nanoflu,PROVISIONAL_SINGLE_INTERVENTION,1,"Influenza, Human",NCT04120194,https://clinicaltrials.gov/study/NCT04120194,2023-05-06,2023-05-06,"Not an independently verified unique active drug; requires alias, arm and regimen review."
NVAX,NOVAVAX INC,formulation buffer | rsv f vaccine with adjuvant,PROVISIONAL_SINGLE_INTERVENTION,1,Respiratory Syncytial Virus Infections,NCT02624947,https://clinicaltrials.gov/study/NCT02624947,2025-05-06,2025-05-06,"Not an independently verified unique active drug; requires alias, arm and regimen review."
NVAX,NOVAVAX INC,nvx-cov2373,PROVISIONAL_SINGLE_INTERVENTION,1,COVID-19 | SARS-CoV-2 Infection,NCT05463068,https://clinicaltrials.gov/study/NCT05463068,2026-04-17,2026-04-17,"Not an independently verified unique active drug; requires alias, arm and regimen review."
NVAX,NOVAVAX INC,nvx-cov2373 | sars-cov-2 rs antigen/matrix-m adjuvant,PROVISIONAL_SINGLE_INTERVENTION,1,COVID-19,NCT05875701,https://clinicaltrials.gov/study/NCT05875701,2025-06-26,2025-06-26,"Not an independently verified unique active drug; requires alias, arm and regimen review."
NVAX,NOVAVAX INC,nvx-cov2601 co-formulated omicron xbb.1.5 sars-cov-2 rs vaccine | prototype/xbb.1.5 bivalent vaccine (5 µg),PROVISIONAL_SINGLE_INTERVENTION,1,COVID-19,NCT05973006,https://clinicaltrials.gov/study/NCT05973006,2025-07-15,2025-07-15,"Not an independently verified unique active drug; requires alias, arm and regimen review."
NVO,NOVO NORDISK A S,biphasic insulin aspart 30 | biphasic insulin aspart 50 | metformin,PROVISIONAL_SINGLE_INTERVENTION,1,"Diabetes | Diabetes Mellitus, Type 2",NCT00627445,https://clinicaltrials.gov/study/NCT00627445,2010-03-31,2010-03-31,"Not an independently verified unique active drug; requires alias, arm and regimen review."
NVO,NOVO NORDISK A S,biphasic insulin aspart 30 | insulin degludec/insulin aspart,PROVISIONAL_SINGLE_INTERVENTION,2,"Diabetes | Diabetes Mellitus, Type 2",NCT01009580 | NCT01059812,https://clinicaltrials.gov/study/NCT01009580 | https://clinicaltrials.gov/study/NCT01059812,2015-11-20,2015-11-20,"Not an independently verified unique active drug; requires alias, arm and regimen review."
NVO,NOVO NORDISK A S,biphasic insulin aspart | insulin aspart | insulin detemir,PROVISIONAL_SINGLE_INTERVENTION,1,"Diabetes | Diabetes Mellitus, Type 2",NCT00184600,https://clinicaltrials.gov/study/NCT00184600,2011-07-25,2011-07-25,"Not an independently verified unique active drug; requires alias, arm and regimen review."
NVO,NOVO NORDISK A S,biphasic insulin aspart | insulin degludec/insulin aspart,PROVISIONAL_SINGLE_INTERVENTION,2,"Diabetes | Diabetes Mellitus, Type 2",NCT02648217 | NCT02762578,https://clinicaltrials.gov/study/NCT02648217 | https://clinicaltrials.gov/study/NCT02762578,2018-09-11,2018-12-07,"Not an independently verified unique active drug; requires alias, arm and regimen review."
NVO,NOVO NORDISK A S,canagliflozin | placebo (canagliflozin) | placebo (semaglutide) | semaglutide,PROVISIONAL_SINGLE_INTERVENTION,1,"Diabetes | Diabetes Mellitus, Type 2",NCT03136484,https://clinicaltrials.gov/study/NCT03136484,2019-12-17,2019-12-17,"Not an independently verified unique active drug; requires alias, arm and regimen review."
NVO,NOVO NORDISK A S,catridecacog,PROVISIONAL_SINGLE_INTERVENTION,4,Congenital Bleeding Disorder | Congenital FXIII Deficiency,NCT00713648 | NCT00978380 | NCT01230021 | NCT01253811,https://clinicaltrials.gov/study/NCT00713648 | https://clinicaltrials.gov/study/NCT00978380 | https://clinicaltrials.gov/study/NCT01230021 | https://clinicaltrials.gov/study/NCT01253811,2014-06-12,2016-12-13,"Not an independently verified unique active drug; requires alias, arm and regimen review."
NVO,NOVO NORDISK A S,concizumab,PROVISIONAL_SINGLE_INTERVENTION,2,Haemophilia A With Inhibitors | Haemophilia B With Inhibitors | Haemophilia A Without Inhibitors | Haemophilia B Without Inhibitors,NCT04082429 | NCT04083781,https://clinicaltrials.gov/study/NCT04082429 | https://clinicaltrials.gov/study/NCT04083781,2025-04-27,2025-10-31,"Not an independently verified unique active drug; requires alias, arm and regimen review."
NVO,NOVO NORDISK A S,dpp-4 inhibitor | semaglutide,PROVISIONAL_SINGLE_INTERVENTION,1,"Diabetes | Diabetes Mellitus, Type 2",NCT02207374,https://clinicaltrials.gov/study/NCT02207374,2019-01-07,2019-01-07,"Not an independently verified unique active drug; requires alias, arm and regimen review."
NVO,NOVO NORDISK A S,dulaglutide | semaglutide,PROVISIONAL_SINGLE_INTERVENTION,2,"Diabetes | Diabetes Mellitus, Type 2",NCT02648204 | NCT03015220,https://clinicaltrials.gov/study/NCT02648204 | https://clinicaltrials.gov/study/NCT03015220,2018-05-08,2019-12-30,"Not an independently verified unique active drug; requires alias, arm and regimen review."
NVO,NOVO NORDISK A S,empagliflozin | semaglutide,PROVISIONAL_SINGLE_INTERVENTION,1,"Diabetes | Diabetes Mellitus, Type 2",NCT02863328,https://clinicaltrials.gov/study/NCT02863328,2019-12-24,2019-12-24,"Not an independently verified unique active drug; requires alias, arm and regimen review."
NVO,NOVO NORDISK A S,eptacog alfa (activated) | placebo,PROVISIONAL_SINGLE_INTERVENTION,1,Acquired Bleeding Disorder | Trauma,NCT00184548,https://clinicaltrials.gov/study/NCT00184548,2009-11-26,2009-11-26,"Not an independently verified unique active drug; requires alias, arm and regimen review."
NVO,NOVO NORDISK A S,eptacog alfa (activated) | vatreptacog alfa (activated),PROVISIONAL_SINGLE_INTERVENTION,1,Congenital Bleeding Disorder | Haemophilia A With Inhibitors | Haemophilia B With Inhibitors,NCT01392547,https://clinicaltrials.gov/study/NCT01392547,2013-12-06,2013-12-06,"Not an independently verified unique active drug; requires alias, arm and regimen review."
NVO,NOVO NORDISK A S,"estradiol, 10 mcg",PROVISIONAL_SINGLE_INTERVENTION,1,Menopause | Postmenopausal Vaginal Atrophy,NCT00431132,https://clinicaltrials.gov/study/NCT00431132,2011-04-07,2011-04-07,"Not an independently verified unique active drug; requires alias, arm and regimen review."
NVO,NOVO NORDISK A S,exenatide | insulin degludec/liraglutide | liraglutide,PROVISIONAL_SINGLE_INTERVENTION,1,"Diabetes | Diabetes Mellitus, Type 2",NCT01676116,https://clinicaltrials.gov/study/NCT01676116,2018-07-09,2018-07-09,"Not an independently verified unique active drug; requires alias, arm and regimen review."
NVO,NOVO NORDISK A S,exenatide | liraglutide,PROVISIONAL_SINGLE_INTERVENTION,1,"Diabetes | Diabetes Mellitus, Type 2",NCT00518882,https://clinicaltrials.gov/study/NCT00518882,2010-03-23,2010-03-23,"Not an independently verified unique active drug; requires alias, arm and regimen review."
NVO,NOVO NORDISK A S,exenatide | semaglutide,PROVISIONAL_SINGLE_INTERVENTION,1,"Diabetes | Diabetes Mellitus, Type 2",NCT01885208,https://clinicaltrials.gov/study/NCT01885208,2018-03-30,2018-03-30,"Not an independently verified unique active drug; requires alias, arm and regimen review."
NVO,NOVO NORDISK A S,faster aspart | insulin aspart | insulin degludec,PROVISIONAL_SINGLE_INTERVENTION,1,"Diabetes Mellitus, Type 1 | Diabetes Mellitus, Type 2",NCT04588259,https://clinicaltrials.gov/study/NCT04588259,2024-03-20,2024-03-20,"Not an independently verified unique active drug; requires alias, arm and regimen review."
NVO,NOVO NORDISK A S,faster-acting insulin aspart | basal insulin,PROVISIONAL_SINGLE_INTERVENTION,1,"Diabetes | Diabetes Mellitus, Type 2",NCT01850615,https://clinicaltrials.gov/study/NCT01850615,2018-01-17,2018-01-17,"Not an independently verified unique active drug; requires alias, arm and regimen review."
NVO,NOVO NORDISK A S,faster-acting insulin aspart | insulin aspart,PROVISIONAL_SINGLE_INTERVENTION,2,"Diabetes | Diabetes Mellitus, Type 1",NCT01999322 | NCT02825251,https://clinicaltrials.gov/study/NCT01999322 | https://clinicaltrials.gov/study/NCT02825251,2017-10-31,2018-07-24,"Not an independently verified unique active drug; requires alias, arm and regimen review."
NVO,NOVO NORDISK A S,faster-acting insulin aspart | insulin aspart | insulin degludec,PROVISIONAL_SINGLE_INTERVENTION,2,"Diabetes | Diabetes Mellitus, Type 1",NCT02500706 | NCT02670915,https://clinicaltrials.gov/study/NCT02500706 | https://clinicaltrials.gov/study/NCT02670915,2018-08-10,2019-04-04,"Not an independently verified unique active drug; requires alias, arm and regimen review."
NVO,NOVO NORDISK A S,faster-acting insulin aspart | insulin aspart | insulin degludec | metformin,PROVISIONAL_SINGLE_INTERVENTION,1,"Diabetes | Diabetes Mellitus, Type 2",NCT03268005,https://clinicaltrials.gov/study/NCT03268005,2020-03-12,2020-03-12,"Not an independently verified unique active drug; requires alias, arm and regimen review."
NVO,NOVO NORDISK A S,faster-acting insulin aspart | insulin aspart | insulin detemir,PROVISIONAL_SINGLE_INTERVENTION,1,"Diabetes | Diabetes Mellitus, Type 1",NCT01831765,https://clinicaltrials.gov/study/NCT01831765,2018-01-23,2018-01-23,"Not an independently verified unique active drug; requires alias, arm and regimen review."
NVO,NOVO NORDISK A S,faster-acting insulin aspart | insulin aspart | insulin glargine,PROVISIONAL_SINGLE_INTERVENTION,1,"Diabetes | Diabetes Mellitus, Type 2",NCT01819129,https://clinicaltrials.gov/study/NCT01819129,2017-12-05,2017-12-05,"Not an independently verified unique active drug; requires alias, arm and regimen review."
NVO,NOVO NORDISK A S,glibenclamide | liraglutide | placebo,PROVISIONAL_SINGLE_INTERVENTION,1,"Diabetes | Diabetes Mellitus, Type 2",NCT00393718,https://clinicaltrials.gov/study/NCT00393718,2010-03-12,2010-03-12,"Not an independently verified unique active drug; requires alias, arm and regimen review."
NVO,NOVO NORDISK A S,glimepiride | liraglutide | metformin | placebo,PROVISIONAL_SINGLE_INTERVENTION,2,"Diabetes | Diabetes Mellitus, Type 2",NCT00318461 | NCT00614120,https://clinicaltrials.gov/study/NCT00318461 | https://clinicaltrials.gov/study/NCT00614120,2010-03-12,2010-03-12,"Not an independently verified unique active drug; requires alias, arm and regimen review."
NVO,NOVO NORDISK A S,glimepiride | liraglutide | placebo,PROVISIONAL_SINGLE_INTERVENTION,2,"Diabetes | Diabetes Mellitus, Type 2",NCT00294723 | NCT00620282,https://clinicaltrials.gov/study/NCT00294723 | https://clinicaltrials.gov/study/NCT00620282,2010-03-12,2011-06-15,"Not an independently verified unique active drug; requires alias, arm and regimen review."
NVO,NOVO NORDISK A S,icosema | insulin icodec,PROVISIONAL_SINGLE_INTERVENTION,1,"Diabetes Mellitus, Type 2",NCT05352815,https://clinicaltrials.gov/study/NCT05352815,2025-04-03,2025-04-03,"Not an independently verified unique active drug; requires alias, arm and regimen review."
NVO,NOVO NORDISK A S,icosema | semaglutide 1 mg,PROVISIONAL_SINGLE_INTERVENTION,1,"Diabetes Mellitus, Type 2",NCT05259033,https://clinicaltrials.gov/study/NCT05259033,2025-01-17,2025-01-17,"Not an independently verified unique active drug; requires alias, arm and regimen review."
NVO,NOVO NORDISK A S,insulin aspart | insulin degludec | insulin degludec/insulin aspart,PROVISIONAL_SINGLE_INTERVENTION,2,"Diabetes | Diabetes Mellitus, Type 2",NCT01713530 | NCT01814137,https://clinicaltrials.gov/study/NCT01713530 | https://clinicaltrials.gov/study/NCT01814137,2015-11-13,2015-11-17,"Not an independently verified unique active drug; requires alias, arm and regimen review."
NVO,NOVO NORDISK A S,insulin aspart | insulin degludec | insulin detemir,PROVISIONAL_SINGLE_INTERVENTION,3,"Diabetes | Diabetes Mellitus, Type 1",NCT01074268 | NCT01513473 | NCT03377699,https://clinicaltrials.gov/study/NCT01074268 | https://clinicaltrials.gov/study/NCT01513473 | https://clinicaltrials.gov/study/NCT03377699,2015-11-16,2022-04-27,"Not an independently verified unique active drug; requires alias, arm and regimen review."
NVO,NOVO NORDISK A S,insulin aspart | insulin degludec | insulin glargine,PROVISIONAL_SINGLE_INTERVENTION,4,"Diabetes | Diabetes Mellitus, Type 1 | Diabetes | Diabetes Mellitus, Type 2",NCT00972283 | NCT00982228 | NCT01079234 | NCT02034513,https://clinicaltrials.gov/study/NCT00972283 | https://clinicaltrials.gov/study/NCT00982228 | https://clinicaltrials.gov/study/NCT01079234 | https://clinicaltrials.gov/study/NCT02034513,2015-11-13,2017-05-15,"Not an independently verified unique active drug; requires alias, arm and regimen review."
NVO,NOVO NORDISK A S,insulin aspart | insulin degludec | insulin icodec,PROVISIONAL_SINGLE_INTERVENTION,1,"Diabetes Mellitus, Type 1",NCT04848480,https://clinicaltrials.gov/study/NCT04848480,2025-06-12,2025-06-12,"Not an independently verified unique active drug; requires alias, arm and regimen review."
NVO,NOVO NORDISK A S,insulin aspart | insulin degludec | liraglutide,PROVISIONAL_SINGLE_INTERVENTION,1,"Diabetes | Diabetes Mellitus, Type 2",NCT01388361,https://clinicaltrials.gov/study/NCT01388361,2015-11-26,2015-11-26,"Not an independently verified unique active drug; requires alias, arm and regimen review."
NVO,NOVO NORDISK A S,insulin aspart | insulin degludec/insulin aspart | insulin detemir,PROVISIONAL_SINGLE_INTERVENTION,2,"Diabetes | Diabetes Mellitus, Type 1",NCT00978627 | NCT01835431,https://clinicaltrials.gov/study/NCT00978627 | https://clinicaltrials.gov/study/NCT01835431,2015-11-17,2015-11-20,"Not an independently verified unique active drug; requires alias, arm and regimen review."
NVO,NOVO NORDISK A S,insulin aspart | insulin degludec/insulin aspart | insulin glargine,PROVISIONAL_SINGLE_INTERVENTION,1,"Diabetes | Diabetes Mellitus, Type 2",NCT02906917,https://clinicaltrials.gov/study/NCT02906917,2018-09-28,2018-09-28,"Not an independently verified unique active drug; requires alias, arm and regimen review."
NVO,NOVO NORDISK A S,insulin aspart | insulin degludec/liraglutide,PROVISIONAL_SINGLE_INTERVENTION,1,"Diabetes | Diabetes Mellitus, Type 2",NCT02100475,https://clinicaltrials.gov/study/NCT02100475,2017-01-20,2017-01-20,"Not an independently verified unique active drug; requires alias, arm and regimen review."
NVO,NOVO NORDISK A S,insulin aspart | insulin degludec/liraglutide | insulin glargine,PROVISIONAL_SINGLE_INTERVENTION,1,"Diabetes | Diabetes Mellitus, Type 2",NCT02420262,https://clinicaltrials.gov/study/NCT02420262,2017-12-07,2017-12-07,"Not an independently verified unique active drug; requires alias, arm and regimen review."
NVO,NOVO NORDISK A S,insulin aspart | insulin detemir,PROVISIONAL_SINGLE_INTERVENTION,2,"Diabetes | Diabetes Mellitus, Type 1",NCT00447382 | NCT00623194,https://clinicaltrials.gov/study/NCT00447382 | https://clinicaltrials.gov/study/NCT00623194,2011-01-24,2011-05-12,"Not an independently verified unique active drug; requires alias, arm and regimen review."
NVO,NOVO NORDISK A S,insulin aspart | insulin glargine u100 | semaglutide,PROVISIONAL_SINGLE_INTERVENTION,1,"Diabetes Mellitus, Type 2",NCT03689374,https://clinicaltrials.gov/study/NCT03689374,2022-05-04,2022-05-04,"Not an independently verified unique active drug; requires alias, arm and regimen review."
NVO,NOVO NORDISK A S,insulin aspart | insulin glargine | insulin icodec,PROVISIONAL_SINGLE_INTERVENTION,1,"Diabetes Mellitus, Type 2",NCT04880850,https://clinicaltrials.gov/study/NCT04880850,2025-07-02,2025-07-02,"Not an independently verified unique active drug; requires alias, arm and regimen review."
NVO,NOVO NORDISK A S,insulin degludec,PROVISIONAL_SINGLE_INTERVENTION,3,"Diabetes | Diabetes Mellitus, Type 2",NCT01326026 | NCT01364428 | NCT01880736,https://clinicaltrials.gov/study/NCT01326026 | https://clinicaltrials.gov/study/NCT01364428 | https://clinicaltrials.gov/study/NCT01880736,2015-11-17,2016-03-17,"Not an independently verified unique active drug; requires alias, arm and regimen review."
NVO,NOVO NORDISK A S,insulin degludec | insulin degludec/liraglutide,PROVISIONAL_SINGLE_INTERVENTION,3,"Diabetes | Diabetes Mellitus, Type 2",NCT01392573 | NCT02911948 | NCT03175120,https://clinicaltrials.gov/study/NCT01392573 | https://clinicaltrials.gov/study/NCT02911948 | https://clinicaltrials.gov/study/NCT03175120,2017-01-20,2020-03-19,"Not an independently verified unique active drug; requires alias, arm and regimen review."
NVO,NOVO NORDISK A S,insulin degludec | insulin degludec/liraglutide | liraglutide,PROVISIONAL_SINGLE_INTERVENTION,3,"Diabetes | Diabetes Mellitus, Type 2",NCT01336023 | NCT02607306 | NCT03172494,https://clinicaltrials.gov/study/NCT01336023 | https://clinicaltrials.gov/study/NCT02607306 | https://clinicaltrials.gov/study/NCT03172494,2017-06-02,2020-07-07,"Not an independently verified unique active drug; requires alias, arm and regimen review."
NVO,NOVO NORDISK A S,insulin degludec | insulin glargine,PROVISIONAL_SINGLE_INTERVENTION,13,"Diabetes | Diabetes Mellitus, Type 1 | Diabetes | Diabetes Mellitus, Type 2",NCT00982644 | NCT01006291 | NCT01059799 | NCT01068665 | NCT01068678 | NCT01076647 | NCT01135992 | NCT01569841 | NCT01570751 | NCT01849289 | NCT01959529 | NCT02030600 | NCT03078478,https://clinicaltrials.gov/study/NCT00982644 | https://clinicaltrials.gov/study/NCT01006291 | https://clinicaltrials.gov/study/NCT01059799 | https://clinicaltrials.gov/study/NCT01068665 | https://clinicaltrials.gov/study/NCT01068678 | https://clinicaltrials.gov/study/NCT01076647 | https://clinicaltrials.gov/study/NCT01135992 | https://clinicaltrials.gov/study/NCT01569841 | https://clinicaltrials.gov/study/NCT01570751 | https://clinicaltrials.gov/study/NCT01849289 | https://clinicaltrials.gov/study/NCT01959529 | https://clinicaltrials.gov/study/NCT02030600 | https://clinicaltrials.gov/study/NCT03078478,2015-11-10,2020-03-12,"Not an independently verified unique active drug; requires alias, arm and regimen review."
NVO,NOVO NORDISK A S,insulin degludec | insulin glargine 100u/ml | insulin glargine 300u/ml | insulin icodec,PROVISIONAL_SINGLE_INTERVENTION,1,"Diabetes Mellitus, Type 2",NCT04760626,https://clinicaltrials.gov/study/NCT04760626,2025-08-26,2025-08-26,"Not an independently verified unique active drug; requires alias, arm and regimen review."
NVO,NOVO NORDISK A S,insulin degludec | insulin icodec | placebo insulin degludec | placebo insulin icodec,PROVISIONAL_SINGLE_INTERVENTION,1,"Diabetes Mellitus, Type 2",NCT04795531,https://clinicaltrials.gov/study/NCT04795531,2024-12-04,2024-12-04,"Not an independently verified unique active drug; requires alias, arm and regimen review."
NVO,NOVO NORDISK A S,insulin degludec | liraglutide | placebo,PROVISIONAL_SINGLE_INTERVENTION,1,"Diabetes | Diabetes Mellitus, Type 2",NCT01664247,https://clinicaltrials.gov/study/NCT01664247,2016-04-20,2016-04-20,"Not an independently verified unique active drug; requires alias, arm and regimen review."
NVO,NOVO NORDISK A S,insulin degludec | sitagliptin,PROVISIONAL_SINGLE_INTERVENTION,1,"Diabetes | Diabetes Mellitus, Type 2",NCT01046110,https://clinicaltrials.gov/study/NCT01046110,2015-11-18,2015-11-18,"Not an independently verified unique active drug; requires alias, arm and regimen review."
NVO,NOVO NORDISK A S,insulin degludec/insulin aspart,PROVISIONAL_SINGLE_INTERVENTION,3,"Diabetes | Diabetes Mellitus, Type 2",NCT01365507 | NCT01513590 | NCT01680341,https://clinicaltrials.gov/study/NCT01365507 | https://clinicaltrials.gov/study/NCT01513590 | https://clinicaltrials.gov/study/NCT01680341,2015-11-17,2015-11-20,"Not an independently verified unique active drug; requires alias, arm and regimen review."
NVO,NOVO NORDISK A S,insulin degludec/insulin aspart | insulin glargine,PROVISIONAL_SINGLE_INTERVENTION,3,"Diabetes | Diabetes Mellitus, Type 2",NCT01045447 | NCT01045707 | NCT01272193,https://clinicaltrials.gov/study/NCT01045447 | https://clinicaltrials.gov/study/NCT01045707 | https://clinicaltrials.gov/study/NCT01272193,2015-11-18,2015-11-23,"Not an independently verified unique active drug; requires alias, arm and regimen review."
NVO,NOVO NORDISK A S,insulin degludec/liraglutide,PROVISIONAL_SINGLE_INTERVENTION,1,"Diabetes | Diabetes Mellitus, Type 2",NCT02298192,https://clinicaltrials.gov/study/NCT02298192,2017-05-23,2017-05-23,"Not an independently verified unique active drug; requires alias, arm and regimen review."
NVO,NOVO NORDISK A S,insulin degludec/liraglutide | insulin glargine,PROVISIONAL_SINGLE_INTERVENTION,3,"Diabetes | Diabetes Mellitus, Type 2",NCT01952145 | NCT02501161 | NCT02773368,https://clinicaltrials.gov/study/NCT01952145 | https://clinicaltrials.gov/study/NCT02501161 | https://clinicaltrials.gov/study/NCT02773368,2017-01-20,2019-11-27,"Not an independently verified unique active drug; requires alias, arm and regimen review."
NVO,NOVO NORDISK A S,insulin degludec/liraglutide | placebo,PROVISIONAL_SINGLE_INTERVENTION,1,"Diabetes | Diabetes Mellitus, Type 2",NCT01618162,https://clinicaltrials.gov/study/NCT01618162,2017-02-17,2017-02-17,"Not an independently verified unique active drug; requires alias, arm and regimen review."
NVO,NOVO NORDISK A S,insulin detemir | liraglutide | metformin,PROVISIONAL_SINGLE_INTERVENTION,1,"Diabetes | Diabetes Mellitus, Type 2",NCT00856986,https://clinicaltrials.gov/study/NCT00856986,2011-05-13,2011-05-13,"Not an independently verified unique active drug; requires alias, arm and regimen review."
NVO,NOVO NORDISK A S,insulin detemir | metformin | sitagliptin | sulphonylurea,PROVISIONAL_SINGLE_INTERVENTION,1,"Diabetes | Diabetes Mellitus, Type 2",NCT00789191,https://clinicaltrials.gov/study/NCT00789191,2010-12-10,2010-12-10,"Not an independently verified unique active drug; requires alias, arm and regimen review."
NVO,NOVO NORDISK A S,insulin glargine | insulin icodec,PROVISIONAL_SINGLE_INTERVENTION,2,"Diabetes Mellitus, Type 2 | Diabetes, Type 2",NCT04460885 | NCT06340854,https://clinicaltrials.gov/study/NCT04460885 | https://clinicaltrials.gov/study/NCT06340854,2025-06-12,2026-07-02,"Not an independently verified unique active drug; requires alias, arm and regimen review."
NVO,NOVO NORDISK A S,insulin glargine | semaglutide,PROVISIONAL_SINGLE_INTERVENTION,1,"Diabetes | Diabetes Mellitus, Type 2",NCT02128932,https://clinicaltrials.gov/study/NCT02128932,2018-03-08,2018-03-08,"Not an independently verified unique active drug; requires alias, arm and regimen review."
NVO,NOVO NORDISK A S,insulin icodec,PROVISIONAL_SINGLE_INTERVENTION,1,"Diabetes Mellitus, Type 2",NCT05823948,https://clinicaltrials.gov/study/NCT05823948,2026-04-30,2026-04-30,"Not an independently verified unique active drug; requires alias, arm and regimen review."
NVO,NOVO NORDISK A S,insulin icodec | insulin degludec,PROVISIONAL_SINGLE_INTERVENTION,1,"Diabetes Mellitus, Type 2",NCT04770532,https://clinicaltrials.gov/study/NCT04770532,2025-02-20,2025-02-20,"Not an independently verified unique active drug; requires alias, arm and regimen review."
NVO,NOVO NORDISK A S,insulin icodec | semaglutide,PROVISIONAL_SINGLE_INTERVENTION,1,"Diabetes Mellitus, Type 2",NCT05813912,https://clinicaltrials.gov/study/NCT05813912,2026-06-03,2026-06-03,"Not an independently verified unique active drug; requires alias, arm and regimen review."
NVO,NOVO NORDISK A S,insulin nph | insulin aspart | insulin detemir,PROVISIONAL_SINGLE_INTERVENTION,1,"Diabetes | Diabetes Mellitus, Type 1",NCT00435019,https://clinicaltrials.gov/study/NCT00435019,2009-12-08,2009-12-08,"Not an independently verified unique active drug; requires alias, arm and regimen review."
NVO,NOVO NORDISK A S,insulin nph | insulin detemir,PROVISIONAL_SINGLE_INTERVENTION,1,"Diabetes | Diabetes Mellitus, Type 2",NCT02131272,https://clinicaltrials.gov/study/NCT02131272,2017-09-01,2017-09-01,"Not an independently verified unique active drug; requires alias, arm and regimen review."
NVO,NOVO NORDISK A S,insulin | liraglutide | placebo,PROVISIONAL_SINGLE_INTERVENTION,1,"Diabetes | Diabetes Mellitus, Type 2",NCT01572740,https://clinicaltrials.gov/study/NCT01572740,2014-05-23,2014-05-23,"Not an independently verified unique active drug; requires alias, arm and regimen review."
NVO,NOVO NORDISK A S,insuline glargine u100 (reduced) | insuline glargine u100 (titrated) | semaglutide,PROVISIONAL_SINGLE_INTERVENTION,1,"Diabetes Mellitus, Type 2 | Obesity",NCT05514535,https://clinicaltrials.gov/study/NCT05514535,2026-05-11,2026-05-11,"Not an independently verified unique active drug; requires alias, arm and regimen review."
NVO,NOVO NORDISK A S,liraglutide,PROVISIONAL_SINGLE_INTERVENTION,1,"Diabetes | Diabetes Mellitus, Type 2",NCT02505334,https://clinicaltrials.gov/study/NCT02505334,2018-06-25,2018-06-25,"Not an independently verified unique active drug; requires alias, arm and regimen review."
NVO,NOVO NORDISK A S,liraglutide 3.0 mg | placebo,PROVISIONAL_SINGLE_INTERVENTION,1,Metabolism and Nutrition Disorder | Obesity,NCT02963922,https://clinicaltrials.gov/study/NCT02963922,2019-11-27,2019-11-27,"Not an independently verified unique active drug; requires alias, arm and regimen review."
NVO,NOVO NORDISK A S,liraglutide | metformin | placebo,PROVISIONAL_SINGLE_INTERVENTION,1,"Diabetes | Diabetes Mellitus, Type 2",NCT01541215,https://clinicaltrials.gov/study/NCT01541215,2018-12-11,2018-12-11,"Not an independently verified unique active drug; requires alias, arm and regimen review."
NVO,NOVO NORDISK A S,liraglutide | metformin | sitagliptin,PROVISIONAL_SINGLE_INTERVENTION,1,"Diabetes | Diabetes Mellitus, Type 2",NCT00700817,https://clinicaltrials.gov/study/NCT00700817,2010-08-04,2010-08-04,"Not an independently verified unique active drug; requires alias, arm and regimen review."
NVO,NOVO NORDISK A S,liraglutide | oral anti-diabetic drug,PROVISIONAL_SINGLE_INTERVENTION,1,"Diabetes | Diabetes Mellitus, Type 2",NCT01512108,https://clinicaltrials.gov/study/NCT01512108,2014-05-28,2014-05-28,"Not an independently verified unique active drug; requires alias, arm and regimen review."
NVO,NOVO NORDISK A S,liraglutide | placebo,PROVISIONAL_SINGLE_INTERVENTION,13,"Diabetes | Diabetes Mellitus, Type 1 | Diabetes | Diabetes Mellitus, Type 2 | Metabolism and Nutrition Disorder | Obesity | Metabolism and Nutrition Disorder | Obesity | Obstructive Sleep Apnoea",NCT00781937 | NCT01179048 | NCT01272219 | NCT01272232 | NCT01557166 | NCT01617434 | NCT01620489 | NCT01836523 | NCT02098395 | NCT02527200 | NCT02918279 | NCT02963935 | NCT02964247,https://clinicaltrials.gov/study/NCT00781937 | https://clinicaltrials.gov/study/NCT01179048 | https://clinicaltrials.gov/study/NCT01272219 | https://clinicaltrials.gov/study/NCT01272232 | https://clinicaltrials.gov/study/NCT01557166 | https://clinicaltrials.gov/study/NCT01617434 | https://clinicaltrials.gov/study/NCT01620489 | https://clinicaltrials.gov/study/NCT01836523 | https://clinicaltrials.gov/study/NCT02098395 | https://clinicaltrials.gov/study/NCT02527200 | https://clinicaltrials.gov/study/NCT02918279 | https://clinicaltrials.gov/study/NCT02963935 | https://clinicaltrials.gov/study/NCT02964247,2011-11-28,2022-02-03,"Not an independently verified unique active drug; requires alias, arm and regimen review."
NVO,NOVO NORDISK A S,liraglutide | placebo (liraglutide) | placebo (semaglutide) | semaglutide,PROVISIONAL_SINGLE_INTERVENTION,1,Obesity | Overweight,NCT04074161,https://clinicaltrials.gov/study/NCT04074161,2022-04-27,2022-04-27,"Not an independently verified unique active drug; requires alias, arm and regimen review."
NVO,NOVO NORDISK A S,liraglutide | placebo | semaglutide,PROVISIONAL_SINGLE_INTERVENTION,2,"Diabetes | Diabetes Mellitus, Type 2",NCT02863419 | NCT03018028,https://clinicaltrials.gov/study/NCT02863419 | https://clinicaltrials.gov/study/NCT03018028,2019-11-07,2019-12-30,"Not an independently verified unique active drug; requires alias, arm and regimen review."
NVO,NOVO NORDISK A S,liraglutide | semaglutide,PROVISIONAL_SINGLE_INTERVENTION,1,"Diabetes | Diabetes Mellitus, Type 2",NCT03191396,https://clinicaltrials.gov/study/NCT03191396,2019-08-28,2019-08-28,"Not an independently verified unique active drug; requires alias, arm and regimen review."
NVO,NOVO NORDISK A S,liraglutide | sulfonylurea,PROVISIONAL_SINGLE_INTERVENTION,1,"Diabetes | Diabetes Mellitus, Type 2",NCT00395746,https://clinicaltrials.gov/study/NCT00395746,2010-03-12,2010-03-12,"Not an independently verified unique active drug; requires alias, arm and regimen review."
NVO,NOVO NORDISK A S,nonacog beta pegol,PROVISIONAL_SINGLE_INTERVENTION,6,Congenital Bleeding Disorder | Haemophilia B | Haemophilia B,NCT01333111 | NCT01386528 | NCT01395810 | NCT01467427 | NCT02141074 | NCT05365217,https://clinicaltrials.gov/study/NCT01333111 | https://clinicaltrials.gov/study/NCT01386528 | https://clinicaltrials.gov/study/NCT01395810 | https://clinicaltrials.gov/study/NCT01467427 | https://clinicaltrials.gov/study/NCT02141074 | https://clinicaltrials.gov/study/NCT05365217,2017-07-24,2025-05-31,"Not an independently verified unique active drug; requires alias, arm and regimen review."
NVO,NOVO NORDISK A S,norditropin | somapacitan,PROVISIONAL_SINGLE_INTERVENTION,1,Adult Growth Hormone Deficiency | Growth Hormone Disorder,NCT03075644,https://clinicaltrials.gov/study/NCT03075644,2020-10-06,2020-10-06,"Not an independently verified unique active drug; requires alias, arm and regimen review."
NVO,NOVO NORDISK A S,norditropin® | somapacitan,PROVISIONAL_SINGLE_INTERVENTION,2,Growth Hormone Deficiency in Children,NCT03811535 | NCT04970654,https://clinicaltrials.gov/study/NCT03811535 | https://clinicaltrials.gov/study/NCT04970654,2023-08-04,2024-12-10,"Not an independently verified unique active drug; requires alias, arm and regimen review."
NVO,NOVO NORDISK A S,nph insulin | insulin aspart | insulin detemir,PROVISIONAL_SINGLE_INTERVENTION,1,"Diabetes | Diabetes Mellitus, Type 1",NCT00474045,https://clinicaltrials.gov/study/NCT00474045,2011-12-05,2011-12-05,"Not an independently verified unique active drug; requires alias, arm and regimen review."
NVO,NOVO NORDISK A S,oral semaglutide,PROVISIONAL_SINGLE_INTERVENTION,1,"Diabetes Mellitus, Type 2",NCT04707469,https://clinicaltrials.gov/study/NCT04707469,2024-04-03,2024-04-03,"Not an independently verified unique active drug; requires alias, arm and regimen review."
NVO,NOVO NORDISK A S,oral semaglutide | placebo,PROVISIONAL_SINGLE_INTERVENTION,1,"Diabetes Mellitus, Type 2",NCT04109547,https://clinicaltrials.gov/study/NCT04109547,2023-09-14,2023-09-14,"Not an independently verified unique active drug; requires alias, arm and regimen review."
NVO,NOVO NORDISK A S,oral semaglutide | placebo (oral semaglutide) | placebo (sitagliptin) | sitagliptin,PROVISIONAL_SINGLE_INTERVENTION,1,"Diabetes Mellitus, Type 2",NCT04017832,https://clinicaltrials.gov/study/NCT04017832,2023-09-29,2023-09-29,"Not an independently verified unique active drug; requires alias, arm and regimen review."
NVO,NOVO NORDISK A S,oral semaglutide | placebo (semaglutide),PROVISIONAL_SINGLE_INTERVENTION,2,"Diabetes Mellitus, Type 2 | Obesity | Overweight",NCT04596631 | NCT05035095,https://clinicaltrials.gov/study/NCT04596631 | https://clinicaltrials.gov/study/NCT05035095,2026-05-07,2026-08-21,"Not an independently verified unique active drug; requires alias, arm and regimen review."
NVO,NOVO NORDISK A S,placebo (semaglutide 2.4 mg) | semaglutide 2.4 mg,PROVISIONAL_SINGLE_INTERVENTION,1,Obesity,NCT04998136,https://clinicaltrials.gov/study/NCT04998136,2025-04-03,2025-04-03,"Not an independently verified unique active drug; requires alias, arm and regimen review."
NVO,NOVO NORDISK A S,placebo (semaglutide) | semaglutide,PROVISIONAL_SINGLE_INTERVENTION,12,"Chronic Kidney Disease | Diabetes Mellitus, Type 2 | Diabetes Mellitus, Type 2 | Diabetes Mellitus, Type 2 | Obesity | Overweight | Diabetes Mellitus, Type 2 | Peripheral Arterial Disease | Metabolism and Nutrition Disorder | Overweight or Obesity | Obesity | Obesity | Overweight",NCT03548935 | NCT03574597 | NCT03611582 | NCT03693430 | NCT03811574 | NCT03819153 | NCT03914326 | NCT03989232 | NCT04251156 | NCT04560998 | NCT04788511 | NCT04865770,https://clinicaltrials.gov/study/NCT03548935 | https://clinicaltrials.gov/study/NCT03574597 | https://clinicaltrials.gov/study/NCT03611582 | https://clinicaltrials.gov/study/NCT03693430 | https://clinicaltrials.gov/study/NCT03811574 | https://clinicaltrials.gov/study/NCT03819153 | https://clinicaltrials.gov/study/NCT03914326 | https://clinicaltrials.gov/study/NCT03989232 | https://clinicaltrials.gov/study/NCT04251156 | https://clinicaltrials.gov/study/NCT04560998 | https://clinicaltrials.gov/study/NCT04788511 | https://clinicaltrials.gov/study/NCT04865770,2021-07-09,2026-01-14,"Not an independently verified unique active drug; requires alias, arm and regimen review."
NVO,NOVO NORDISK A S,placebo (semaglutide) | semaglutide 50 mg,PROVISIONAL_SINGLE_INTERVENTION,1,Overweight and Obesity,NCT05132088,https://clinicaltrials.gov/study/NCT05132088,2026-08-14,2026-08-14,"Not an independently verified unique active drug; requires alias, arm and regimen review."
NVO,NOVO NORDISK A S,placebo i (semaglutide) | placebo ii (semaglutide) | semaglutide 1.0 mg | semaglutide 2.4 mg,PROVISIONAL_SINGLE_INTERVENTION,1,Obesity | Overweight,NCT03552757,https://clinicaltrials.gov/study/NCT03552757,2021-08-11,2021-08-11,"Not an independently verified unique active drug; requires alias, arm and regimen review."
NVO,NOVO NORDISK A S,placebo semaglutide | semaglutide,PROVISIONAL_SINGLE_INTERVENTION,1,Obesity | Overweight,NCT05564117,https://clinicaltrials.gov/study/NCT05564117,2026-02-25,2026-02-25,"Not an independently verified unique active drug; requires alias, arm and regimen review."
NVO,NOVO NORDISK A S,placebo | semaglutide,PROVISIONAL_SINGLE_INTERVENTION,13,"Alzheimers Disease | Diabetes Mellitus, Type 2 | Obesity | Diabetes | Diabetes Mellitus, Type 2 | Metabolism and Nutrition Disorder | Obesity | Obesity | Obesity | Overweight",NCT01720446 | NCT02054897 | NCT02305381 | NCT02692716 | NCT02827708 | NCT02906930 | NCT03021187 | NCT03086330 | NCT03548987 | NCT05646706 | NCT05649137 | NCT05891496 | NCT06041217,https://clinicaltrials.gov/study/NCT01720446 | https://clinicaltrials.gov/study/NCT02054897 | https://clinicaltrials.gov/study/NCT02305381 | https://clinicaltrials.gov/study/NCT02692716 | https://clinicaltrials.gov/study/NCT02827708 | https://clinicaltrials.gov/study/NCT02906930 | https://clinicaltrials.gov/study/NCT03021187 | https://clinicaltrials.gov/study/NCT03086330 | https://clinicaltrials.gov/study/NCT03548987 | https://clinicaltrials.gov/study/NCT05646706 | https://clinicaltrials.gov/study/NCT05649137 | https://clinicaltrials.gov/study/NCT05891496 | https://clinicaltrials.gov/study/NCT06041217,2018-01-23,2026-05-18,"Not an independently verified unique active drug; requires alias, arm and regimen review."
NVO,NOVO NORDISK A S,placebo | semaglutide 2.4 mg,PROVISIONAL_SINGLE_INTERVENTION,1,Obesity,NCT05040971,https://clinicaltrials.gov/study/NCT05040971,2024-10-28,2024-10-28,"Not an independently verified unique active drug; requires alias, arm and regimen review."
NVO,NOVO NORDISK A S,placebo | semaglutide | sitagliptin,PROVISIONAL_SINGLE_INTERVENTION,2,"Diabetes | Diabetes Mellitus, Type 2",NCT01930188 | NCT02607865,https://clinicaltrials.gov/study/NCT01930188 | https://clinicaltrials.gov/study/NCT02607865,2019-01-07,2020-02-27,"Not an independently verified unique active drug; requires alias, arm and regimen review."
NVO,NOVO NORDISK A S,placebo | somapacitan | somatropin,PROVISIONAL_SINGLE_INTERVENTION,1,Adult Growth Hormone Deficiency | Growth Hormone Disorder,NCT02229851,https://clinicaltrials.gov/study/NCT02229851,2020-07-07,2020-07-07,"Not an independently verified unique active drug; requires alias, arm and regimen review."
NVO,NOVO NORDISK A S,placebo | somatropin,PROVISIONAL_SINGLE_INTERVENTION,1,Chronic Kidney Disease | End-Stage Renal Disease,NCT00503698,https://clinicaltrials.gov/study/NCT00503698,2010-07-13,2010-07-13,"Not an independently verified unique active drug; requires alias, arm and regimen review."
NVO,NOVO NORDISK A S,semaglutide,PROVISIONAL_SINGLE_INTERVENTION,1,Obesity | Overweight,NCT04102189,https://clinicaltrials.gov/study/NCT04102189,2023-04-18,2023-04-18,"Not an independently verified unique active drug; requires alias, arm and regimen review."
NVO,NOVO NORDISK A S,semaglutide 0.5 mg | semaglutide 1.0 mg | semaglutide placebo 0.5 mg | semaglutide placebo 1.0 mg | sitagliptin | sitagliptin placebo,PROVISIONAL_SINGLE_INTERVENTION,1,"Diabetes | Diabetes Mellitus, Type 2",NCT03061214,https://clinicaltrials.gov/study/NCT03061214,2020-04-09,2020-04-09,"Not an independently verified unique active drug; requires alias, arm and regimen review."
NVO,NOVO NORDISK A S,semaglutide 2.4 mg | semaglutide 2.4 mg (placebo),PROVISIONAL_SINGLE_INTERVENTION,1,Obesity,NCT05064735,https://clinicaltrials.gov/study/NCT05064735,2024-08-13,2024-08-13,"Not an independently verified unique active drug; requires alias, arm and regimen review."
NVO,NOVO NORDISK A S,semaglutide b | semaglutide j,PROVISIONAL_SINGLE_INTERVENTION,1,"Diabetes Mellitus, Type 2",NCT05478252,https://clinicaltrials.gov/study/NCT05478252,2024-10-09,2024-10-09,"Not an independently verified unique active drug; requires alias, arm and regimen review."
NVO,NOVO NORDISK A S,semaglutide | sitagliptin,PROVISIONAL_SINGLE_INTERVENTION,2,"Diabetes | Diabetes Mellitus, Type 2",NCT02254291 | NCT02849080,https://clinicaltrials.gov/study/NCT02254291 | https://clinicaltrials.gov/study/NCT02849080,2018-09-13,2020-02-17,"Not an independently verified unique active drug; requires alias, arm and regimen review."
NVO,NOVO NORDISK A S,somapacitan,PROVISIONAL_SINGLE_INTERVENTION,1,ISS | Noonan Syndrome | SGA | Turner Syndrome,NCT05723835,https://clinicaltrials.gov/study/NCT05723835,2025-11-21,2025-11-21,"Not an independently verified unique active drug; requires alias, arm and regimen review."
NVO,NOVO NORDISK A S,somapacitan | somatropin,PROVISIONAL_SINGLE_INTERVENTION,1,Adult Growth Hormone Deficiency | Growth Hormone Disorder,NCT02382939,https://clinicaltrials.gov/study/NCT02382939,2020-06-16,2020-06-16,"Not an independently verified unique active drug; requires alias, arm and regimen review."
NVO,NOVO NORDISK A S,somatropin,PROVISIONAL_SINGLE_INTERVENTION,3,Foetal Growth Problem | Small for Gestational Age | Genetic Disorder | Noonan Syndrome | Growth Disorder | Idiopathic Short Stature,NCT00184717 | NCT01778023 | NCT01927861,https://clinicaltrials.gov/study/NCT00184717 | https://clinicaltrials.gov/study/NCT01778023 | https://clinicaltrials.gov/study/NCT01927861,2011-07-07,2019-10-14,"Not an independently verified unique active drug; requires alias, arm and regimen review."
NVO,NOVO NORDISK A S,turoctocog alfa,PROVISIONAL_SINGLE_INTERVENTION,6,Congenital Bleeding Disorder | Haemophilia A | Haemophilia A,NCT00840086 | NCT00984126 | NCT01138501 | NCT01493778 | NCT02938585 | NCT03588741,https://clinicaltrials.gov/study/NCT00840086 | https://clinicaltrials.gov/study/NCT00984126 | https://clinicaltrials.gov/study/NCT01138501 | https://clinicaltrials.gov/study/NCT01493778 | https://clinicaltrials.gov/study/NCT02938585 | https://clinicaltrials.gov/study/NCT03588741,2014-06-11,2020-07-07,"Not an independently verified unique active drug; requires alias, arm and regimen review."
NVO,NOVO NORDISK A S,turoctocog alfa pegol,PROVISIONAL_SINGLE_INTERVENTION,5,Congenital Bleeding Disorder | Haemophilia A,NCT01480180 | NCT01489111 | NCT01731600 | NCT02137850 | NCT03528551,https://clinicaltrials.gov/study/NCT01480180 | https://clinicaltrials.gov/study/NCT01489111 | https://clinicaltrials.gov/study/NCT01731600 | https://clinicaltrials.gov/study/NCT02137850 | https://clinicaltrials.gov/study/NCT03528551,2019-10-30,2024-10-31,"Not an independently verified unique active drug; requires alias, arm and regimen review."
NVO,NOVO NORDISK A S,turoctocog alfa pegol (n8-gp),PROVISIONAL_SINGLE_INTERVENTION,1,Haemophilia A,NCT05082116,https://clinicaltrials.gov/study/NCT05082116,2024-01-18,2024-01-18,"Not an independently verified unique active drug; requires alias, arm and regimen review."
OCGN,"Ocugen, Inc.",brimonidine tartrate | placebos,PROVISIONAL_SINGLE_INTERVENTION,2,Brimonidine Tartrate | Graft Versus Host Disease | Graft vs Host Disease | Lubricant Eye Drops | Ocular Graft vs Host Disease | Ocular Surface Disease | Ophthalmic Solutions | oGVHD | Dry Eye,NCT03591874 | NCT03785340,https://clinicaltrials.gov/study/NCT03591874 | https://clinicaltrials.gov/study/NCT03785340,2022-06-06,2022-07-06,"Not an independently verified unique active drug; requires alias, arm and regimen review."
OCUL,"OCULAR THERAPEUTIX, INC",dexamethasone,PROVISIONAL_SINGLE_INTERVENTION,4,Chronic Allergic Conjunctivitis | Post-Surgical Ocular Inflammation | Post-Surgical Ocular Pain,NCT02089113 | NCT02445326 | NCT02736175 | NCT02988882,https://clinicaltrials.gov/study/NCT02089113 | https://clinicaltrials.gov/study/NCT02445326 | https://clinicaltrials.gov/study/NCT02736175 | https://clinicaltrials.gov/study/NCT02988882,2016-03-30,2018-04-30,"Not an independently verified unique active drug; requires alias, arm and regimen review."
OCUL,"OCULAR THERAPEUTIX, INC",dexamethasone | punctum plug,PROVISIONAL_SINGLE_INTERVENTION,1,Post Ocular Surgical Inflammation and Pain,NCT02034019,https://clinicaltrials.gov/study/NCT02034019,2020-01-31,2020-01-31,"Not an independently verified unique active drug; requires alias, arm and regimen review."
OCUL,"OCULAR THERAPEUTIX, INC","dexamethasone, 0.4mg",PROVISIONAL_SINGLE_INTERVENTION,1,Allergic Conjunctivitis,NCT04050865,https://clinicaltrials.gov/study/NCT04050865,2021-10-07,2021-10-07,"Not an independently verified unique active drug; requires alias, arm and regimen review."
OCUL,"OCULAR THERAPEUTIX, INC",travoprost,PROVISIONAL_SINGLE_INTERVENTION,1,Ocular Hypertension | Open Angle Glaucoma,NCT02914509,https://clinicaltrials.gov/study/NCT02914509,2021-10-11,2021-10-11,"Not an independently verified unique active drug; requires alias, arm and regimen review."
OMER,OMEROS CORP,oms302 | phenylephrine hcl,PROVISIONAL_SINGLE_INTERVENTION,1,Congenital Cataract | Unilateral Cataract Extraction,NCT02132312,https://clinicaltrials.gov/study/NCT02132312,2021-07-22,2021-07-22,"Not an independently verified unique active drug; requires alias, arm and regimen review."
OMER,OMEROS CORP,oms302 | placebo,PROVISIONAL_SINGLE_INTERVENTION,2,Intraocular Lens Replacement,NCT01454063 | NCT01579565,https://clinicaltrials.gov/study/NCT01454063 | https://clinicaltrials.gov/study/NCT01579565,2014-08-21,2014-08-22,"Not an independently verified unique active drug; requires alias, arm and regimen review."
OMER,OMEROS CORP,oms721,PROVISIONAL_SINGLE_INTERVENTION,1,IgA Nephropathy,NCT03608033,https://clinicaltrials.gov/study/NCT03608033,2025-12-09,2025-12-09,"Not an independently verified unique active drug; requires alias, arm and regimen review."
OMER,OMEROS CORP,oms721 (narsoplimab),PROVISIONAL_SINGLE_INTERVENTION,1,Atypical Hemolytic Uremic Syndrome | Thrombotic Microangiopathies,NCT03205995,https://clinicaltrials.gov/study/NCT03205995,2025-12-10,2025-12-10,"Not an independently verified unique active drug; requires alias, arm and regimen review."
OMER,OMEROS CORP,part 1 oms302 | part 2 oms302 | part 2 placebo,PROVISIONAL_SINGLE_INTERVENTION,1,Intraocular Lens Replacement | Intraoperative Floppy Iris Syndrome,NCT02093689,https://clinicaltrials.gov/study/NCT02093689,2018-03-13,2018-03-13,"Not an independently verified unique active drug; requires alias, arm and regimen review."
OPK,"OPKO HEALTH, INC.",bevasiranib | ranibizumab,PROVISIONAL_SINGLE_INTERVENTION,1,Macular Degeneration,NCT00499590,https://clinicaltrials.gov/study/NCT00499590,2014-10-06,2014-10-06,"Not an independently verified unique active drug; requires alias, arm and regimen review."
OPK,"OPKO HEALTH, INC.",cohort 1 ctap101 capsules - 90µg | cohort 1 ctap101 capsules- 60µg | cohort 1 matching sugar capsule | cohort 2 ctap101 capsules - 30µg | cohort 2 matching sugar capsule,PROVISIONAL_SINGLE_INTERVENTION,1,Chronic Kidney Disease | Secondary Hyperparathyroidism | Vitamin D Insufficiency,NCT01219855,https://clinicaltrials.gov/study/NCT01219855,2016-08-25,2016-08-25,"Not an independently verified unique active drug; requires alias, arm and regimen review."
OPK,"OPKO HEALTH, INC.",ctap101 capsules | calcitriol | doxercalciferol | paricalcitol,PROVISIONAL_SINGLE_INTERVENTION,1,"Chronic Kidney Disease | Hyperparathyroidism, Secondary | Vitamin D Deficiency",NCT02282813,https://clinicaltrials.gov/study/NCT02282813,2016-08-17,2016-08-17,"Not an independently verified unique active drug; requires alias, arm and regimen review."
OPK,"OPKO HEALTH, INC.",ctap101 | placebo,PROVISIONAL_SINGLE_INTERVENTION,1,Chronic Kidney Disease stage3 | Chronic Kidney Disease stage4 | Secondary Hyperparathyroidism | Vitamin d Deficiency,NCT05543928,https://clinicaltrials.gov/study/NCT05543928,2025-07-25,2025-07-25,"Not an independently verified unique active drug; requires alias, arm and regimen review."
OPK,"OPKO HEALTH, INC.",genotropin | mod-4023,PROVISIONAL_SINGLE_INTERVENTION,1,Growth Hormone Deficiency,NCT03874013,https://clinicaltrials.gov/study/NCT03874013,2021-08-12,2021-08-12,"Not an independently verified unique active drug; requires alias, arm and regimen review."
OPK,"OPKO HEALTH, INC.",mod-4023,PROVISIONAL_SINGLE_INTERVENTION,1,Adult Growth Hormone Deficiency,NCT01909479,https://clinicaltrials.gov/study/NCT01909479,2022-08-12,2022-08-12,"Not an independently verified unique active drug; requires alias, arm and regimen review."
OPK,"OPKO HEALTH, INC.",mod-4023 | somatropin,PROVISIONAL_SINGLE_INTERVENTION,1,Pediatric Growth Hormone Deficiency,NCT02968004,https://clinicaltrials.gov/study/NCT02968004,2021-06-25,2021-06-25,"Not an independently verified unique active drug; requires alias, arm and regimen review."
OTLK,"Outlook Therapeutics, Inc.",bevacizumab,PROVISIONAL_SINGLE_INTERVENTION,1,Age-related Macular Degeneration | BRVO - Branch Retinal Vein Occlusion | Diabetic Macular Edema | Neovascular Age-related Macular Degeneration | Wet Macular Degeneration,NCT04516278,https://clinicaltrials.gov/study/NCT04516278,2026-07-17,2026-07-17,"Not an independently verified unique active drug; requires alias, arm and regimen review."
OTLK,"Outlook Therapeutics, Inc.",bevacizumab | ranibizumab,PROVISIONAL_SINGLE_INTERVENTION,2,Age-Related Macular Degeneration | Neovascular Age-related Macular Degeneration | Wet Macular Degeneration | Age-related Macular Degeneration | Neovascular Age-related Macular Degeneration | Wet Macular Degeneration,NCT03834753 | NCT06190093,https://clinicaltrials.gov/study/NCT03834753 | https://clinicaltrials.gov/study/NCT06190093,2026-06-30,2026-08-03,"Not an independently verified unique active drug; requires alias, arm and regimen review."
OVID,Ovid Therapeutics Inc.,gaboxadol | placebo,PROVISIONAL_SINGLE_INTERVENTION,1,Primary Disease or Condition Being Studied: Angelman Syndrome (AS),NCT04106557,https://clinicaltrials.gov/study/NCT04106557,2024-01-08,2024-01-08,"Not an independently verified unique active drug; requires alias, arm and regimen review."
PALI,"PALISADE BIO, INC.",lb1148 | placebo,PROVISIONAL_SINGLE_INTERVENTION,1,Gastro-Intestinal Disorder | Ileus,NCT05470387,https://clinicaltrials.gov/study/NCT05470387,2024-06-13,2024-06-13,"Not an independently verified unique active drug; requires alias, arm and regimen review."
PBYI,"PUMA BIOTECHNOLOGY, INC.",capecitabine | lapatinib | neratinib,PROVISIONAL_SINGLE_INTERVENTION,1,HER2+ Metastatic Breast Cancer (MBC),NCT01808573,https://clinicaltrials.gov/study/NCT01808573,2019-12-11,2019-12-11,"Not an independently verified unique active drug; requires alias, arm and regimen review."
PBYI,"PUMA BIOTECHNOLOGY, INC.",neratinib,PROVISIONAL_SINGLE_INTERVENTION,1,Breast Cancer,NCT00878709,https://clinicaltrials.gov/study/NCT00878709,2017-10-09,2017-10-09,"Not an independently verified unique active drug; requires alias, arm and regimen review."
PFE,PFIZER INC,13 valent pneumococcal conjugate vaccine,PROVISIONAL_SINGLE_INTERVENTION,2,Healthy Subjects | Influenza,NCT00521586 | NCT00761631,https://clinicaltrials.gov/study/NCT00521586 | https://clinicaltrials.gov/study/NCT00761631,2011-08-10,2015-04-09,"Not an independently verified unique active drug; requires alias, arm and regimen review."
PFE,PFIZER INC,13 valent pneumococcal conjugate vaccine | 7vpnc pneumococcal conjugate vaccine,PROVISIONAL_SINGLE_INTERVENTION,1,"Vaccines, Pneumococcal",NCT00373958,https://clinicaltrials.gov/study/NCT00373958,2013-02-21,2013-02-21,"Not an independently verified unique active drug; requires alias, arm and regimen review."
PFE,PFIZER INC,13-valent pneumoccocal conjugate vaccine,PROVISIONAL_SINGLE_INTERVENTION,1,Pneumococcal Conjugate Vaccine,NCT00918580,https://clinicaltrials.gov/study/NCT00918580,2014-04-21,2014-04-21,"Not an independently verified unique active drug; requires alias, arm and regimen review."
PFE,PFIZER INC,13-valent pneumococcal conjugate vaccine,PROVISIONAL_SINGLE_INTERVENTION,5,13-valent Pneumococcal Vaccine | Antibody Response | Immunization | Safety | 13-valent Pneumococcal Vaccine | Pneumococcal Disease | HIV Infections | Pneumococcal Infections | Pneumococcal Infections | Pneumococcal Vaccines,NCT00743652 | NCT00963235 | NCT01026038 | NCT01964716 | NCT03571607,https://clinicaltrials.gov/study/NCT00743652 | https://clinicaltrials.gov/study/NCT00963235 | https://clinicaltrials.gov/study/NCT01026038 | https://clinicaltrials.gov/study/NCT01964716 | https://clinicaltrials.gov/study/NCT03571607,2012-02-08,2019-12-10,"Not an independently verified unique active drug; requires alias, arm and regimen review."
PFE,PFIZER INC,13-valent pneumococcal conjugate vaccine (13vpnc),PROVISIONAL_SINGLE_INTERVENTION,1,Pneumococcal Infections,NCT00500266,https://clinicaltrials.gov/study/NCT00500266,2011-09-16,2011-09-16,"Not an independently verified unique active drug; requires alias, arm and regimen review."
PFE,PFIZER INC,13-valent pneumococcal conjugate vaccine (13vpnc) | 23-valent pneumococcal polysaccharide vaccine (23vps),PROVISIONAL_SINGLE_INTERVENTION,2,HIV Infections | Pneumococcal Infections | Pneumococcal Infections,NCT00427895 | NCT00962780,https://clinicaltrials.gov/study/NCT00427895 | https://clinicaltrials.gov/study/NCT00962780,2012-09-05,2014-11-17,"Not an independently verified unique active drug; requires alias, arm and regimen review."
PFE,PFIZER INC,"13-valent pneumococcal conjugate vaccine (13vpnc) | 7-valent pneumococcal conjugate vaccine (7vpnc) | dtap | diphtheria, tetanus, and acellular pertussis vaccine (dtap)",PROVISIONAL_SINGLE_INTERVENTION,1,Healthy Subjects,NCT01200368,https://clinicaltrials.gov/study/NCT01200368,2012-10-12,2012-10-12,"Not an independently verified unique active drug; requires alias, arm and regimen review."
PFE,PFIZER INC,13-valent pneumococcal conjugate vaccine | 13vpnc + tiv,PROVISIONAL_SINGLE_INTERVENTION,1,Pneumococcal Infections,NCT00492557,https://clinicaltrials.gov/study/NCT00492557,2012-02-17,2012-02-17,"Not an independently verified unique active drug; requires alias, arm and regimen review."
PFE,PFIZER INC,13-valent pneumococcal conjugate vaccine | 20-valent pneumococcal conjugate vaccine,PROVISIONAL_SINGLE_INTERVENTION,5,Pneumococcal Disease,NCT04379713 | NCT04382326 | NCT04530838 | NCT04546425 | NCT05408429,https://clinicaltrials.gov/study/NCT04379713 | https://clinicaltrials.gov/study/NCT04382326 | https://clinicaltrials.gov/study/NCT04530838 | https://clinicaltrials.gov/study/NCT04546425 | https://clinicaltrials.gov/study/NCT05408429,2023-04-21,2024-09-19,"Not an independently verified unique active drug; requires alias, arm and regimen review."
PFE,PFIZER INC,13-valent pneumococcal conjugate vaccine | 23-valent pneumococcal polysaccharide vaccine,PROVISIONAL_SINGLE_INTERVENTION,1,Pneumococcal Conjugate Vaccine | Pneumococcal Vaccines,NCT01646398,https://clinicaltrials.gov/study/NCT01646398,2013-09-20,2013-09-20,"Not an independently verified unique active drug; requires alias, arm and regimen review."
PFE,PFIZER INC,13-valent pneumococcal conjugate vaccine | 7 valent pneumococcal conjugate vaccine,PROVISIONAL_SINGLE_INTERVENTION,1,Pneumococcal Infections,NCT00508742,https://clinicaltrials.gov/study/NCT00508742,2012-07-13,2012-07-13,"Not an independently verified unique active drug; requires alias, arm and regimen review."
PFE,PFIZER INC,13vpnc,PROVISIONAL_SINGLE_INTERVENTION,2,Healthy | Pneumococcal Vaccines,NCT00562354 | NCT00824655,https://clinicaltrials.gov/study/NCT00562354 | https://clinicaltrials.gov/study/NCT00824655,2011-07-18,2011-11-11,"Not an independently verified unique active drug; requires alias, arm and regimen review."
PFE,PFIZER INC,13vpnc | 20vpnc,PROVISIONAL_SINGLE_INTERVENTION,1,Pneumococcal Disease,NCT03828617,https://clinicaltrials.gov/study/NCT03828617,2020-11-04,2020-11-04,"Not an independently verified unique active drug; requires alias, arm and regimen review."
PFE,PFIZER INC,13vpnc | 20vpnc | ppsv23,PROVISIONAL_SINGLE_INTERVENTION,3,Pneumococcal Disease,NCT03760146 | NCT03835975 | NCT04875533,https://clinicaltrials.gov/study/NCT03760146 | https://clinicaltrials.gov/study/NCT03835975 | https://clinicaltrials.gov/study/NCT04875533,2020-12-29,2023-11-28,"Not an independently verified unique active drug; requires alias, arm and regimen review."
PFE,PFIZER INC,13vpnc | 23vps,PROVISIONAL_SINGLE_INTERVENTION,1,"Vaccines, Pneumococcal Conjugate Vaccine",NCT00980655,https://clinicaltrials.gov/study/NCT00980655,2014-04-21,2014-04-21,"Not an independently verified unique active drug; requires alias, arm and regimen review."
PFE,PFIZER INC,13vpnc | hib,PROVISIONAL_SINGLE_INTERVENTION,1,Pneumococcal Conjugate Vaccine | Pneumococcal Infections,NCT03574389,https://clinicaltrials.gov/study/NCT03574389,2024-04-26,2024-04-26,"Not an independently verified unique active drug; requires alias, arm and regimen review."
PFE,PFIZER INC,20-valent pneumococcal conjugate vaccine,PROVISIONAL_SINGLE_INTERVENTION,1,Pneumococcal Disease,NCT05875727,https://clinicaltrials.gov/study/NCT05875727,2024-10-24,2024-10-24,"Not an independently verified unique active drug; requires alias, arm and regimen review."
PFE,PFIZER INC,20-valent pneumococcal conjugate vaccine (20vpnc) | bnt162b2,PROVISIONAL_SINGLE_INTERVENTION,1,COVID-19 | Pneumococcal Disease | SARS-CoV-2 Infection,NCT04887948,https://clinicaltrials.gov/study/NCT04887948,2022-12-14,2022-12-14,"Not an independently verified unique active drug; requires alias, arm and regimen review."
PFE,PFIZER INC,20vpnc,PROVISIONAL_SINGLE_INTERVENTION,1,Pneumococcal Disease,NCT04642079,https://clinicaltrials.gov/study/NCT04642079,2023-04-26,2023-04-26,"Not an independently verified unique active drug; requires alias, arm and regimen review."
PFE,PFIZER INC,5 fluorouracil | irinotecan | levo- leucovorin | placebo | sunitinib,PROVISIONAL_SINGLE_INTERVENTION,1,Metastatic Colorectal Cancer,NCT00457691,https://clinicaltrials.gov/study/NCT00457691,2011-06-03,2011-06-03,"Not an independently verified unique active drug; requires alias, arm and regimen review."
PFE,PFIZER INC,5-fluorouracil | binimetinib | cetuximab | encorafenib | folinic acid | irinotecan,PROVISIONAL_SINGLE_INTERVENTION,1,BRAF V600E-mutant Metastatic Colorectal Cancer,NCT02928224,https://clinicaltrials.gov/study/NCT02928224,2020-07-14,2020-07-14,"Not an independently verified unique active drug; requires alias, arm and regimen review."
PFE,PFIZER INC,5-fu | bevacizumab | capecitabine | cetuximab | encorafenib | irinotecan | leucovorin | oxaliplatin,PROVISIONAL_SINGLE_INTERVENTION,1,Neoplasms,NCT04607421,https://clinicaltrials.gov/study/NCT04607421,2026-06-11,2026-06-11,"Not an independently verified unique active drug; requires alias, arm and regimen review."
PFE,PFIZER INC,abrocitinib 100 mg | abrocitinib 200 mg,PROVISIONAL_SINGLE_INTERVENTION,1,Atopic Dermatitis,NCT05375929,https://clinicaltrials.gov/study/NCT05375929,2024-09-19,2024-09-19,"Not an independently verified unique active drug; requires alias, arm and regimen review."
PFE,PFIZER INC,abrocitinib 200 mg,PROVISIONAL_SINGLE_INTERVENTION,1,Atopic Dermatitis,NCT04345367,https://clinicaltrials.gov/study/NCT04345367,2022-07-08,2022-07-08,"Not an independently verified unique active drug; requires alias, arm and regimen review."
PFE,PFIZER INC,acetaminophen 500 mg | ibuprofen 250 mg | ibuprofen 250 mg / acetaminophen 500 mg | placebo,PROVISIONAL_SINGLE_INTERVENTION,1,Fever,NCT02761980,https://clinicaltrials.gov/study/NCT02761980,2018-12-07,2018-12-07,"Not an independently verified unique active drug; requires alias, arm and regimen review."
PFE,PFIZER INC,acetaminophen 650 mg | ibuprofen 250 mg | ibuprofen 250 mg / acetaminophen 500 mg | placebo,PROVISIONAL_SINGLE_INTERVENTION,1,Post-surgical Pain Following Extraction of Molar Teeth,NCT02912650,https://clinicaltrials.gov/study/NCT02912650,2017-08-30,2017-08-30,"Not an independently verified unique active drug; requires alias, arm and regimen review."
PFE,PFIZER INC,acetaminophen | novel ibuprofen | placebo,PROVISIONAL_SINGLE_INTERVENTION,1,Pain,NCT01216163,https://clinicaltrials.gov/study/NCT01216163,2012-08-20,2012-08-20,"Not an independently verified unique active drug; requires alias, arm and regimen review."
PFE,PFIZER INC,active anidulafungin | active caspofungin,PROVISIONAL_SINGLE_INTERVENTION,1,Candidiasis | Fungemia | Neutropenia,NCT00806351,https://clinicaltrials.gov/study/NCT00806351,2012-12-20,2012-12-20,"Not an independently verified unique active drug; requires alias, arm and regimen review."
PFE,PFIZER INC,active caspofungin | active anidulafungin,PROVISIONAL_SINGLE_INTERVENTION,1,Candidiasis | Fungemia,NCT00805740,https://clinicaltrials.gov/study/NCT00805740,2013-08-01,2013-08-01,"Not an independently verified unique active drug; requires alias, arm and regimen review."
PFE,PFIZER INC,active comparator (erlotinib) | dacomitinib (pf-00299804) | placebo pf00299804 | placebo erlotinib,PROVISIONAL_SINGLE_INTERVENTION,1,Non-Small Cell Lung Cancer,NCT01360554,https://clinicaltrials.gov/study/NCT01360554,2017-05-24,2017-05-24,"Not an independently verified unique active drug; requires alias, arm and regimen review."
PFE,PFIZER INC,adalimumab | pf-06410293,PROVISIONAL_SINGLE_INTERVENTION,1,Rheumatoid Arthritis,NCT02480153,https://clinicaltrials.gov/study/NCT02480153,2017-09-26,2017-09-26,"Not an independently verified unique active drug; requires alias, arm and regimen review."
PFE,PFIZER INC,adalimumab | placebo | tofacitinib 10 mg bid | tofacitinib 5 mg bid,PROVISIONAL_SINGLE_INTERVENTION,1,Psoriatic Arthritis,NCT01877668,https://clinicaltrials.gov/study/NCT01877668,2017-07-06,2017-07-06,"Not an independently verified unique active drug; requires alias, arm and regimen review."
PFE,PFIZER INC,ag-013736 | gemcitabine | placebo,PROVISIONAL_SINGLE_INTERVENTION,1,"Carcinoma, Pancreatic Ductal",NCT00471146,https://clinicaltrials.gov/study/NCT00471146,2012-07-16,2012-07-16,"Not an independently verified unique active drug; requires alias, arm and regimen review."
PFE,PFIZER INC,alo-01 (morphine sulfate plus naltrexone hydrochloride er),PROVISIONAL_SINGLE_INTERVENTION,1,Pain,NCT00415597,https://clinicaltrials.gov/study/NCT00415597,2009-10-29,2009-10-29,"Not an independently verified unique active drug; requires alias, arm and regimen review."
PFE,PFIZER INC,alo-01 (morphine sulfate plus naltrexone hydrochloride extended release) | placebo,PROVISIONAL_SINGLE_INTERVENTION,1,Chronic Pain | Osteoarthritis,NCT00420992,https://clinicaltrials.gov/study/NCT00420992,2009-10-30,2009-10-30,"Not an independently verified unique active drug; requires alias, arm and regimen review."
PFE,PFIZER INC,alo-02 | placebo,PROVISIONAL_SINGLE_INTERVENTION,1,Analgesia | Chronic Pain | Low Back Pain,NCT01571362,https://clinicaltrials.gov/study/NCT01571362,2017-04-04,2017-04-04,"Not an independently verified unique active drug; requires alias, arm and regimen review."
PFE,PFIZER INC,amlodipine,PROVISIONAL_SINGLE_INTERVENTION,1,Hypertension,NCT00443456,https://clinicaltrials.gov/study/NCT00443456,2009-10-09,2009-10-09,"Not an independently verified unique active drug; requires alias, arm and regimen review."
PFE,PFIZER INC,ampicillin sodium/sulbactam sodium,PROVISIONAL_SINGLE_INTERVENTION,1,"Pneumonia, Bacterial",NCT01189487,https://clinicaltrials.gov/study/NCT01189487,2012-05-18,2012-05-18,"Not an independently verified unique active drug; requires alias, arm and regimen review."
PFE,PFIZER INC,"an2690 topical solution, 5% | solution vehicle",PROVISIONAL_SINGLE_INTERVENTION,2,Onychomycosis of Toenails,NCT01270971 | NCT01302119,https://clinicaltrials.gov/study/NCT01270971 | https://clinicaltrials.gov/study/NCT01302119,2014-08-15,2014-08-15,"Not an independently verified unique active drug; requires alias, arm and regimen review."
PFE,PFIZER INC,"an2728 topical ointment, 2% | matching vehicle control",PROVISIONAL_SINGLE_INTERVENTION,2,"Dermatitis, Atopic",NCT02118766 | NCT02118792,https://clinicaltrials.gov/study/NCT02118766 | https://clinicaltrials.gov/study/NCT02118792,2017-03-06,2017-03-06,"Not an independently verified unique active drug; requires alias, arm and regimen review."
PFE,PFIZER INC,anastrozole | exemestane,PROVISIONAL_SINGLE_INTERVENTION,1,Breast Neoplasms,NCT00143390,https://clinicaltrials.gov/study/NCT00143390,2012-01-25,2012-01-25,"Not an independently verified unique active drug; requires alias, arm and regimen review."
PFE,PFIZER INC,anidulafungin,PROVISIONAL_SINGLE_INTERVENTION,1,Candidemia,NCT00537329,https://clinicaltrials.gov/study/NCT00537329,2010-02-17,2010-02-17,"Not an independently verified unique active drug; requires alias, arm and regimen review."
PFE,PFIZER INC,anidulafungin | fluconazole,PROVISIONAL_SINGLE_INTERVENTION,1,Candidemia,NCT00761267,https://clinicaltrials.gov/study/NCT00761267,2018-09-14,2018-09-14,"Not an independently verified unique active drug; requires alias, arm and regimen review."
PFE,PFIZER INC,anidulafungin | fluconazole | voriconazole,PROVISIONAL_SINGLE_INTERVENTION,1,Invasive Candidiasis,NCT00689338,https://clinicaltrials.gov/study/NCT00689338,2011-05-17,2011-05-17,"Not an independently verified unique active drug; requires alias, arm and regimen review."
PFE,PFIZER INC,anidulafungin | voriconazole,PROVISIONAL_SINGLE_INTERVENTION,1,Aspergillosis,NCT00531479,https://clinicaltrials.gov/study/NCT00531479,2012-04-30,2012-04-30,"Not an independently verified unique active drug; requires alias, arm and regimen review."
PFE,PFIZER INC,anidulafungin/fluconazole,PROVISIONAL_SINGLE_INTERVENTION,1,Candidemia,NCT01176058,https://clinicaltrials.gov/study/NCT01176058,2015-09-21,2015-09-21,"Not an independently verified unique active drug; requires alias, arm and regimen review."
PFE,PFIZER INC,apixaban | unfractionated heparin (ufh) | warfarin,PROVISIONAL_SINGLE_INTERVENTION,1,Deep Vein Thrombosis | Pulmonary Embolism,NCT01780987,https://clinicaltrials.gov/study/NCT01780987,2016-06-23,2016-06-23,"Not an independently verified unique active drug; requires alias, arm and regimen review."
PFE,PFIZER INC,arry-371797 (pf-07265803),PROVISIONAL_SINGLE_INTERVENTION,1,Dilated Cardiomyopathy | Lamin A/C Gene Mutation,NCT03439514,https://clinicaltrials.gov/study/NCT03439514,2024-01-09,2024-01-09,"Not an independently verified unique active drug; requires alias, arm and regimen review."
PFE,PFIZER INC,artemether-lumefantrine | azithromycin plus chloroquine,PROVISIONAL_SINGLE_INTERVENTION,1,"Malaria, Falciparum",NCT00677833,https://clinicaltrials.gov/study/NCT00677833,2014-06-26,2014-06-26,"Not an independently verified unique active drug; requires alias, arm and regimen review."
PFE,PFIZER INC,arv-471 | fulvestrant,PROVISIONAL_SINGLE_INTERVENTION,1,Advanced Breast Cancer,NCT05654623,https://clinicaltrials.gov/study/NCT05654623,2026-02-03,2026-02-03,"Not an independently verified unique active drug; requires alias, arm and regimen review."
PFE,PFIZER INC,atm-avi | col | mer | mtz,PROVISIONAL_SINGLE_INTERVENTION,1,Complicated Intra-abdominal Infection | Hosptial Acquired Pneumonia | Ventilator Associated Pneumonia,NCT03329092,https://clinicaltrials.gov/study/NCT03329092,2024-05-07,2024-05-07,"Not an independently verified unique active drug; requires alias, arm and regimen review."
PFE,PFIZER INC,atorvastatin | bococizumab (pf-04950615;rn316),PROVISIONAL_SINGLE_INTERVENTION,1,Hyperlipidemia,NCT02135029,https://clinicaltrials.gov/study/NCT02135029,2017-12-14,2017-12-14,"Not an independently verified unique active drug; requires alias, arm and regimen review."
PFE,PFIZER INC,avelumab,PROVISIONAL_SINGLE_INTERVENTION,1,Squamous Cell Carcinoma of the Head and Neck,NCT02952586,https://clinicaltrials.gov/study/NCT02952586,2021-02-24,2021-02-24,"Not an independently verified unique active drug; requires alias, arm and regimen review."
PFE,PFIZER INC,avelumab (msb0010718c) | axitinib (ag-013736) | sunitinib,PROVISIONAL_SINGLE_INTERVENTION,1,Renal Cell Cancer,NCT02684006,https://clinicaltrials.gov/study/NCT02684006,2024-10-29,2024-10-29,"Not an independently verified unique active drug; requires alias, arm and regimen review."
PFE,PFIZER INC,avelumab | bendamustine | gemcitabine | oxaliplatin | rituximab | utomilumab,PROVISIONAL_SINGLE_INTERVENTION,1,Diffuse Large B-Cell Lymphoma,NCT02951156,https://clinicaltrials.gov/study/NCT02951156,2020-12-17,2020-12-17,"Not an independently verified unique active drug; requires alias, arm and regimen review."
PFE,PFIZER INC,avelumab | carboplatin | paclitaxel,PROVISIONAL_SINGLE_INTERVENTION,1,Ovarian Cancer,NCT02718417,https://clinicaltrials.gov/study/NCT02718417,2019-12-18,2019-12-18,"Not an independently verified unique active drug; requires alias, arm and regimen review."
PFE,PFIZER INC,avelumab | following the planned interim analysis for this study: avelumab,PROVISIONAL_SINGLE_INTERVENTION,1,Urothelial Cancer,NCT02603432,https://clinicaltrials.gov/study/NCT02603432,2020-12-17,2020-12-17,"Not an independently verified unique active drug; requires alias, arm and regimen review."
PFE,PFIZER INC,axitinib (ag-013736) | sorafenib,PROVISIONAL_SINGLE_INTERVENTION,2,Kidney Neoplasms,NCT00678392 | NCT00920816,https://clinicaltrials.gov/study/NCT00678392 | https://clinicaltrials.gov/study/NCT00920816,2012-03-27,2014-02-04,"Not an independently verified unique active drug; requires alias, arm and regimen review."
PFE,PFIZER INC,azacitidine | glasdegib,PROVISIONAL_SINGLE_INTERVENTION,1,Acute Myeloid Leukemia | Chronic Myelomonocytic Leukemia | Myelodysplastic Syndrome,NCT04842604,https://clinicaltrials.gov/study/NCT04842604,2023-12-18,2023-12-18,"Not an independently verified unique active drug; requires alias, arm and regimen review."
PFE,PFIZER INC,azithromycin,PROVISIONAL_SINGLE_INTERVENTION,2,Community Acquired Pneumonia (CAP) | Pelvic Inflammatory Disease,NCT00809328 | NCT00871494,https://clinicaltrials.gov/study/NCT00809328 | https://clinicaltrials.gov/study/NCT00871494,2011-04-13,2011-11-03,"Not an independently verified unique active drug; requires alias, arm and regimen review."
PFE,PFIZER INC,"azithromycin microspheres | azithromycin microspheres-placebo | minocycline capsules, | minocycline-placebo capsules",PROVISIONAL_SINGLE_INTERVENTION,1,Acne Vulgaris,NCT00392223,https://clinicaltrials.gov/study/NCT00392223,2009-08-03,2009-08-03,"Not an independently verified unique active drug; requires alias, arm and regimen review."
PFE,PFIZER INC,azithromycin plus chloroquine,PROVISIONAL_SINGLE_INTERVENTION,1,Asymptomatic Parasitemia In Pregnancy,NCT01103713,https://clinicaltrials.gov/study/NCT01103713,2015-01-26,2015-01-26,"Not an independently verified unique active drug; requires alias, arm and regimen review."
PFE,PFIZER INC,azithromycin plus chloroquine | sulfadoxine-pyrimethamine,PROVISIONAL_SINGLE_INTERVENTION,1,Intermittent Preventive Treatment In Pregnancy (IPTp),NCT01103063,https://clinicaltrials.gov/study/NCT01103063,2014-09-05,2014-09-05,"Not an independently verified unique active drug; requires alias, arm and regimen review."
PFE,PFIZER INC,azithromycin sr | moxifloxacin,PROVISIONAL_SINGLE_INTERVENTION,1,Chronic Bronchitis,NCT00254566,https://clinicaltrials.gov/study/NCT00254566,2009-09-02,2009-09-02,"Not an independently verified unique active drug; requires alias, arm and regimen review."
PFE,PFIZER INC,aztreonam | ceftaroline fosamil | vancomycin,PROVISIONAL_SINGLE_INTERVENTION,2,Complicated Skin and Soft Tissue Infection,NCT01499277 | NCT02202135,https://clinicaltrials.gov/study/NCT01499277 | https://clinicaltrials.gov/study/NCT02202135,2015-11-09,2016-03-31,"Not an independently verified unique active drug; requires alias, arm and regimen review."
PFE,PFIZER INC,bacillus calmette-guerin | pf-06801591,PROVISIONAL_SINGLE_INTERVENTION,1,Non-muscle Invasive Bladder Cancer,NCT04165317,https://clinicaltrials.gov/study/NCT04165317,2026-01-22,2026-01-22,"Not an independently verified unique active drug; requires alias, arm and regimen review."
PFE,PFIZER INC,background nsaid | etanercept,PROVISIONAL_SINGLE_INTERVENTION,1,"Spondylitis, Ankylosing",NCT01258738,https://clinicaltrials.gov/study/NCT01258738,2015-10-19,2015-10-19,"Not an independently verified unique active drug; requires alias, arm and regimen review."
PFE,PFIZER INC,bapineuzumab 0.5 mg/kg,PROVISIONAL_SINGLE_INTERVENTION,1,Alzheimer Disease,NCT00998764,https://clinicaltrials.gov/study/NCT00998764,2016-01-01,2016-01-01,"Not an independently verified unique active drug; requires alias, arm and regimen review."
PFE,PFIZER INC,bapineuzumab 0.5 mg/kg | bapineuzumab 1.0 m/kg,PROVISIONAL_SINGLE_INTERVENTION,1,Alzheimer Disease,NCT00996918,https://clinicaltrials.gov/study/NCT00996918,2014-01-01,2014-01-01,"Not an independently verified unique active drug; requires alias, arm and regimen review."
PFE,PFIZER INC,bapineuzumab | placebo,PROVISIONAL_SINGLE_INTERVENTION,2,Alzheimer Disease,NCT00667810 | NCT00676143,https://clinicaltrials.gov/study/NCT00667810 | https://clinicaltrials.gov/study/NCT00676143,2016-01-08,2016-06-10,"Not an independently verified unique active drug; requires alias, arm and regimen review."
PFE,PFIZER INC,bat,PROVISIONAL_SINGLE_INTERVENTION,1,Serious Bacterial Infection,NCT03580044,https://clinicaltrials.gov/study/NCT03580044,2024-02-02,2024-02-02,"Not an independently verified unique active drug; requires alias, arm and regimen review."
PFE,PFIZER INC,bazedoxifene acetate,PROVISIONAL_SINGLE_INTERVENTION,1,Osteoporosis,NCT00205777,https://clinicaltrials.gov/study/NCT00205777,2013-04-10,2013-04-10,"Not an independently verified unique active drug; requires alias, arm and regimen review."
PFE,PFIZER INC,bazedoxifene/conjugated estrogen | ce 0.45 mg/mpa 1.5mg,PROVISIONAL_SINGLE_INTERVENTION,1,Endometrial Hyperplasia | Osteoporosis,NCT00242710,https://clinicaltrials.gov/study/NCT00242710,2013-12-20,2013-12-20,"Not an independently verified unique active drug; requires alias, arm and regimen review."
PFE,PFIZER INC,best available therapy | ceftazidime - avibactam ( caz-avi) | metronidazole,PROVISIONAL_SINGLE_INTERVENTION,1,Complicated Intra-abdominal Infection | Complicated Urinary Tract Infection,NCT01644643,https://clinicaltrials.gov/study/NCT01644643,2015-12-14,2015-12-14,"Not an independently verified unique active drug; requires alias, arm and regimen review."
PFE,PFIZER INC,bevacizumab | interferon-alfa 9mu | temsirolimus,PROVISIONAL_SINGLE_INTERVENTION,1,Renal Cell Carcinoma,NCT00631371,https://clinicaltrials.gov/study/NCT00631371,2013-06-04,2013-06-04,"Not an independently verified unique active drug; requires alias, arm and regimen review."
PFE,PFIZER INC,bevacizumab-eu | bevacizumab-pfizer | carboplatin | paclitaxel,PROVISIONAL_SINGLE_INTERVENTION,1,Non-Small Cell Lung Cancer,NCT02364999,https://clinicaltrials.gov/study/NCT02364999,2018-06-27,2018-06-27,"Not an independently verified unique active drug; requires alias, arm and regimen review."
PFE,PFIZER INC,bevacizumab-eu | carboplatin | pf-06439535 (cn) | paclitaxel,PROVISIONAL_SINGLE_INTERVENTION,1,Advanced Non-squamous NSCLC,NCT04325698,https://clinicaltrials.gov/study/NCT04325698,2024-10-01,2024-10-01,"Not an independently verified unique active drug; requires alias, arm and regimen review."
PFE,PFIZER INC,bhv-3500 (zavegepant) | placebo,PROVISIONAL_SINGLE_INTERVENTION,1,Migraine,NCT04804033,https://clinicaltrials.gov/study/NCT04804033,2025-03-27,2025-03-27,"Not an independently verified unique active drug; requires alias, arm and regimen review."
PFE,PFIZER INC,"biologic tnfi | cp 690,550 | cp-690,550",PROVISIONAL_SINGLE_INTERVENTION,1,Rheumatoid Arthritis,NCT00853385,https://clinicaltrials.gov/study/NCT00853385,2013-01-09,2013-01-09,"Not an independently verified unique active drug; requires alias, arm and regimen review."
PFE,PFIZER INC,bivalent rlp2086,PROVISIONAL_SINGLE_INTERVENTION,1,Meningococcal Infection,NCT01543087,https://clinicaltrials.gov/study/NCT01543087,2020-03-27,2020-03-27,"Not an independently verified unique active drug; requires alias, arm and regimen review."
PFE,PFIZER INC,bococizumab (pf-04950615; rn316),PROVISIONAL_SINGLE_INTERVENTION,2,Hyperlipidemia,NCT01968967 | NCT02100514,https://clinicaltrials.gov/study/NCT01968967 | https://clinicaltrials.gov/study/NCT02100514,2017-07-21,2017-07-24,"Not an independently verified unique active drug; requires alias, arm and regimen review."
PFE,PFIZER INC,bococizumab (pf-04950615;rn316),PROVISIONAL_SINGLE_INTERVENTION,2,Heterozygous Familial Hypercholesterolemia | Hyperlipidemia,NCT01968954 | NCT01968980,https://clinicaltrials.gov/study/NCT01968954 | https://clinicaltrials.gov/study/NCT01968980,2017-05-17,2017-05-19,"Not an independently verified unique active drug; requires alias, arm and regimen review."
PFE,PFIZER INC,bococizumab 150mg | bococizumab 150mg placebo | bococizumab 75mg | bococizumab 75mg placebo,PROVISIONAL_SINGLE_INTERVENTION,1,Hyperlipidemia,NCT02458287,https://clinicaltrials.gov/study/NCT02458287,2017-12-19,2017-12-19,"Not an independently verified unique active drug; requires alias, arm and regimen review."
PFE,PFIZER INC,bosutinib | imatinib,PROVISIONAL_SINGLE_INTERVENTION,2,"Chronic Myeloid Leukemia | Leukemia, Myelogenous, Chronic, Breakpoint Cluster Region-Abelson Proto-oncogene (BCR-ABL) Positive",NCT00574873 | NCT02130557,https://clinicaltrials.gov/study/NCT00574873 | https://clinicaltrials.gov/study/NCT02130557,2012-11-05,2018-11-14,"Not an independently verified unique active drug; requires alias, arm and regimen review."
PFE,PFIZER INC,capecitabine | sunitinib + capecitabine,PROVISIONAL_SINGLE_INTERVENTION,1,Breast Neoplasms,NCT00435409,https://clinicaltrials.gov/study/NCT00435409,2011-01-13,2011-01-13,"Not an independently verified unique active drug; requires alias, arm and regimen review."
PFE,PFIZER INC,capecitabine | sunitinib malate,PROVISIONAL_SINGLE_INTERVENTION,1,Breast Neoplasms,NCT00373113,https://clinicaltrials.gov/study/NCT00373113,2010-11-18,2010-11-18,"Not an independently verified unique active drug; requires alias, arm and regimen review."
PFE,PFIZER INC,caz-avi | meropenem | metronidazole,PROVISIONAL_SINGLE_INTERVENTION,1,Complicated Intra-Abdominal Infection,NCT01499290,https://clinicaltrials.gov/study/NCT01499290,2016-03-01,2016-03-01,"Not an independently verified unique active drug; requires alias, arm and regimen review."
PFE,PFIZER INC,cci-779 | interferon alfa | interferon alfa and cci-779,PROVISIONAL_SINGLE_INTERVENTION,1,"Carcinoma, Renal Cell | Kidney Neoplasms",NCT00065468,https://clinicaltrials.gov/study/NCT00065468,2012-10-25,2012-10-25,"Not an independently verified unique active drug; requires alias, arm and regimen review."
PFE,PFIZER INC,cefazolin iv | linezolid iv | vancomycin (iv),PROVISIONAL_SINGLE_INTERVENTION,1,Bacteremia | Gram-Positive Bacterial Infections,NCT00108433,https://clinicaltrials.gov/study/NCT00108433,2012-08-07,2012-08-07,"Not an independently verified unique active drug; requires alias, arm and regimen review."
PFE,PFIZER INC,ceftaroline | ceftriaxone,PROVISIONAL_SINGLE_INTERVENTION,1,Community-Acquired Bacterial Pneumonia | Lung Infection of Individual Not Recently Hospitalized,NCT01371838,https://clinicaltrials.gov/study/NCT01371838,2014-09-23,2014-09-23,"Not an independently verified unique active drug; requires alias, arm and regimen review."
PFE,PFIZER INC,"ceftazidim-avibactam (caz-avi, experimental product) | meropenem (active comparator)",PROVISIONAL_SINGLE_INTERVENTION,1,Nosocomial Pneumonia (NP) | Ventilator-associated Pneumonia (VAP),NCT01808092,https://clinicaltrials.gov/study/NCT01808092,2017-02-03,2017-02-03,"Not an independently verified unique active drug; requires alias, arm and regimen review."
PFE,PFIZER INC,ceftazidime - avibactam ( caz-avi) | doripenem | either switch to oral therapy: 500 mg of ciprofloxacin (oral) | or switch to oral therapy: 800 mg/160 mg of sulfamethoxazole/trimethoprim (oral),PROVISIONAL_SINGLE_INTERVENTION,2,Complicated Urinary Tract Infection (cUTI) Including Acute Pyelonephritis,NCT01595438 | NCT01599806,https://clinicaltrials.gov/study/NCT01595438 | https://clinicaltrials.gov/study/NCT01599806,2016-03-02,2016-03-09,"Not an independently verified unique active drug; requires alias, arm and regimen review."
PFE,PFIZER INC,ceftazidime-avibactam | meropenem | metronidazole,PROVISIONAL_SINGLE_INTERVENTION,1,Complicated Intra-abdominal Infection,NCT01726023,https://clinicaltrials.gov/study/NCT01726023,2016-04-14,2016-04-14,"Not an independently verified unique active drug; requires alias, arm and regimen review."
PFE,PFIZER INC,ceftriaxone sodium | metronidazole,PROVISIONAL_SINGLE_INTERVENTION,1,Intra-abdominal Infections,NCT01473836,https://clinicaltrials.gov/study/NCT01473836,2013-12-10,2013-12-10,"Not an independently verified unique active drug; requires alias, arm and regimen review."
PFE,PFIZER INC,celecoxib | placebo for celecoxib | placebo for tanezumab | tanezumab 10 mg | tanezumab 5 mg,PROVISIONAL_SINGLE_INTERVENTION,1,Low Back Pain,NCT02725411,https://clinicaltrials.gov/study/NCT02725411,2020-08-11,2020-08-11,"Not an independently verified unique active drug; requires alias, arm and regimen review."
PFE,PFIZER INC,chemotherapy + avelumab followed by avelumab + talazoparib | chemotherapy + bevacizumab followed by bevacizumab | chemotherapy followed by talazoparib maintenance,PROVISIONAL_SINGLE_INTERVENTION,1,Ovarian Cancer,NCT03642132,https://clinicaltrials.gov/study/NCT03642132,2023-04-06,2023-04-06,"Not an independently verified unique active drug; requires alias, arm and regimen review."
PFE,PFIZER INC,clostridium difficile vaccine | placebo,PROVISIONAL_SINGLE_INTERVENTION,2,Clostridium Difficile Associated Disease | Clostridium Difficile Infection,NCT03090191 | NCT03579459,https://clinicaltrials.gov/study/NCT03090191 | https://clinicaltrials.gov/study/NCT03579459,2023-01-19,2023-02-13,"Not an independently verified unique active drug; requires alias, arm and regimen review."
PFE,PFIZER INC,clostridium difficile | placebo,PROVISIONAL_SINGLE_INTERVENTION,1,Clostridium Difficile Associated Disease,NCT03918629,https://clinicaltrials.gov/study/NCT03918629,2024-01-10,2024-01-10,"Not an independently verified unique active drug; requires alias, arm and regimen review."
PFE,PFIZER INC,control | rlp2086 vaccine,PROVISIONAL_SINGLE_INTERVENTION,1,"Meningitis, Meningococcal",NCT01352793,https://clinicaltrials.gov/study/NCT01352793,2015-03-11,2015-03-11,"Not an independently verified unique active drug; requires alias, arm and regimen review."
PFE,PFIZER INC,"control-no treatment | genotropin (pn-180,307) somatropin",PROVISIONAL_SINGLE_INTERVENTION,1,"Infant, Small for Gestational Age",NCT00627523,https://clinicaltrials.gov/study/NCT00627523,2014-09-18,2014-09-18,"Not an independently verified unique active drug; requires alias, arm and regimen review."
PFE,PFIZER INC,"cp 690,550 10 mg | cp 690,550 5 mg | etanercept 50 mg",PROVISIONAL_SINGLE_INTERVENTION,1,Psoriasis,NCT01241591,https://clinicaltrials.gov/study/NCT01241591,2014-05-07,2014-05-07,"Not an independently verified unique active drug; requires alias, arm and regimen review."
PFE,PFIZER INC,"cp 751,871 (figitumumab) | erlotinib",PROVISIONAL_SINGLE_INTERVENTION,1,"Carcinoma, Adenosquamous Cell | Carcinoma, Large Cell | Carcinoma, Non-Small-Cell Lung | Carcinoma, Squamous Cell",NCT00673049,https://clinicaltrials.gov/study/NCT00673049,2013-07-24,2013-07-24,"Not an independently verified unique active drug; requires alias, arm and regimen review."
PFE,PFIZER INC,"cp-464,005",PROVISIONAL_SINGLE_INTERVENTION,1,"Diabetes Mellitus, Type 1 | Diabetes Mellitus, Type 2",NCT00527397,https://clinicaltrials.gov/study/NCT00527397,2009-10-05,2009-10-05,"Not an independently verified unique active drug; requires alias, arm and regimen review."
PFE,PFIZER INC,"cp-690, 550 | cp-690,550",PROVISIONAL_SINGLE_INTERVENTION,1,Psoriasis,NCT01519089,https://clinicaltrials.gov/study/NCT01519089,2015-08-13,2015-08-13,"Not an independently verified unique active drug; requires alias, arm and regimen review."
PFE,PFIZER INC,"cp-690,550",PROVISIONAL_SINGLE_INTERVENTION,5,"Arthritis, Rheumatoid | Psoriasis | Rheumatoid Arthritis | Ulcerative Colitis",NCT00413699 | NCT00661661 | NCT01163253 | NCT01186744 | NCT01470612,https://clinicaltrials.gov/study/NCT00413699 | https://clinicaltrials.gov/study/NCT00661661 | https://clinicaltrials.gov/study/NCT01163253 | https://clinicaltrials.gov/study/NCT01186744 | https://clinicaltrials.gov/study/NCT01470612,2014-06-04,2021-09-17,"Not an independently verified unique active drug; requires alias, arm and regimen review."
PFE,PFIZER INC,"cp-690,550 (tofacitinib)",PROVISIONAL_SINGLE_INTERVENTION,1,Juvenile Idiopathic Arthritis,NCT02592434,https://clinicaltrials.gov/study/NCT02592434,2020-02-21,2020-02-21,"Not an independently verified unique active drug; requires alias, arm and regimen review."
PFE,PFIZER INC,"cp-690,550 | cp690,550 | placebo",PROVISIONAL_SINGLE_INTERVENTION,1,Ulcerative Colitis,NCT01458574,https://clinicaltrials.gov/study/NCT01458574,2017-05-18,2017-05-18,"Not an independently verified unique active drug; requires alias, arm and regimen review."
PFE,PFIZER INC,"cp-690,550 | disease-modifying antirheumatic drug",PROVISIONAL_SINGLE_INTERVENTION,1,"Arthritis, Rheumatoid",NCT01039688,https://clinicaltrials.gov/study/NCT01039688,2018-04-06,2018-04-06,"Not an independently verified unique active drug; requires alias, arm and regimen review."
PFE,PFIZER INC,"cp-690,550 | placebo",PROVISIONAL_SINGLE_INTERVENTION,5,"Arthritis, Rheumatoid | Psoriasis",NCT00814307 | NCT00847613 | NCT00856544 | NCT00960440 | NCT01815424,https://clinicaltrials.gov/study/NCT00814307 | https://clinicaltrials.gov/study/NCT00847613 | https://clinicaltrials.gov/study/NCT00856544 | https://clinicaltrials.gov/study/NCT00960440 | https://clinicaltrials.gov/study/NCT01815424,2013-01-09,2019-03-05,"Not an independently verified unique active drug; requires alias, arm and regimen review."
PFE,PFIZER INC,"cp-690,550 | placebo/cp-690,550",PROVISIONAL_SINGLE_INTERVENTION,2,Psoriasis,NCT01276639 | NCT01309737,https://clinicaltrials.gov/study/NCT01276639 | https://clinicaltrials.gov/study/NCT01309737,2014-09-19,2014-09-19,"Not an independently verified unique active drug; requires alias, arm and regimen review."
PFE,PFIZER INC,"cp-751,871 (figitumumab) | carboplatin | paclitaxel",PROVISIONAL_SINGLE_INTERVENTION,1,"Carcinoma, Adenosquamous | Carcinoma, Large Cell | Carcinoma, Non-Small-Cell Lung | Carcinoma, Squamous Cell",NCT00596830,https://clinicaltrials.gov/study/NCT00596830,2013-12-03,2013-12-03,"Not an independently verified unique active drug; requires alias, arm and regimen review."
PFE,PFIZER INC,crisaborole 2%,PROVISIONAL_SINGLE_INTERVENTION,1,Atopic Dermatitis,NCT04498403,https://clinicaltrials.gov/study/NCT04498403,2021-08-12,2021-08-12,"Not an independently verified unique active drug; requires alias, arm and regimen review."
PFE,PFIZER INC,crisaborole 2% | vehicle,PROVISIONAL_SINGLE_INTERVENTION,1,Atopic Dermatitis,NCT04040192,https://clinicaltrials.gov/study/NCT04040192,2023-03-08,2023-03-08,"Not an independently verified unique active drug; requires alias, arm and regimen review."
PFE,PFIZER INC,crisaborole ointment | crisaborole placebo vehicle,PROVISIONAL_SINGLE_INTERVENTION,1,Atopic Dermatitis,NCT04360187,https://clinicaltrials.gov/study/NCT04360187,2022-05-02,2022-05-02,"Not an independently verified unique active drug; requires alias, arm and regimen review."
PFE,PFIZER INC,crizotinib | lorlatinib,PROVISIONAL_SINGLE_INTERVENTION,1,"Carcinoma, Non-Small-Cell Lung",NCT03052608,https://clinicaltrials.gov/study/NCT03052608,2021-04-01,2021-04-01,"Not an independently verified unique active drug; requires alias, arm and regimen review."
PFE,PFIZER INC,crizotinib | pemetrexed/carboplatin | pemetrexed/cisplatin,PROVISIONAL_SINGLE_INTERVENTION,1,NSCLC (Non-small Cell Lung Cancer),NCT01639001,https://clinicaltrials.gov/study/NCT01639001,2017-03-13,2017-03-13,"Not an independently verified unique active drug; requires alias, arm and regimen review."
PFE,PFIZER INC,cyclophosphamide | dexamethasone | fludarabine | inotuzumab ozogamicin | mitoxantrone | prednisone/prednisolone | rituximab | vincristine,PROVISIONAL_SINGLE_INTERVENTION,1,"Lymphoma, Follicular",NCT00562965,https://clinicaltrials.gov/study/NCT00562965,2018-01-09,2018-01-09,"Not an independently verified unique active drug; requires alias, arm and regimen review."
PFE,PFIZER INC,dacarbazine | mek162,PROVISIONAL_SINGLE_INTERVENTION,1,Metastatic or Unresectable Cutaneous Melanoma,NCT01763164,https://clinicaltrials.gov/study/NCT01763164,2021-03-22,2021-03-22,"Not an independently verified unique active drug; requires alias, arm and regimen review."
PFE,PFIZER INC,dacomitinib (pf-00299804) | gefitinib,PROVISIONAL_SINGLE_INTERVENTION,1,Non-small Cell Lung Cancer With EGFR-Activating Mutations,NCT01774721,https://clinicaltrials.gov/study/NCT01774721,2018-10-26,2018-10-26,"Not an independently verified unique active drug; requires alias, arm and regimen review."
PFE,PFIZER INC,desvenlafaxine succinate sustained release 25 mg | desvenlafaxine succinate sustained release 50 mg | placebo,PROVISIONAL_SINGLE_INTERVENTION,1,Major Depressive Disorder,NCT00887224,https://clinicaltrials.gov/study/NCT00887224,2012-06-27,2012-06-27,"Not an independently verified unique active drug; requires alias, arm and regimen review."
PFE,PFIZER INC,desvenlafaxine succinate sustained release tablets,PROVISIONAL_SINGLE_INTERVENTION,1,Major Depressive Disorder,NCT00831415,https://clinicaltrials.gov/study/NCT00831415,2012-01-30,2012-01-30,"Not an independently verified unique active drug; requires alias, arm and regimen review."
PFE,PFIZER INC,desvenlafaxine succinate sustained release | fluoxetine | placebo,PROVISIONAL_SINGLE_INTERVENTION,1,Major Depressive Disorder,NCT01372150,https://clinicaltrials.gov/study/NCT01372150,2015-11-20,2015-11-20,"Not an independently verified unique active drug; requires alias, arm and regimen review."
PFE,PFIZER INC,desvenlafaxine succinate sustained-release (dvs sr) | duloxetine 60 mg/day | placebo,PROVISIONAL_SINGLE_INTERVENTION,1,"Depressive Disorder, Major",NCT00384033,https://clinicaltrials.gov/study/NCT00384033,2012-03-15,2012-03-15,"Not an independently verified unique active drug; requires alias, arm and regimen review."
PFE,PFIZER INC,desvenlafaxine succinate sustained-release (dvs sr) | placebo,PROVISIONAL_SINGLE_INTERVENTION,1,Major Depressive Disorder,NCT00798707,https://clinicaltrials.gov/study/NCT00798707,2011-06-06,2011-06-06,"Not an independently verified unique active drug; requires alias, arm and regimen review."
PFE,PFIZER INC,desvenlafaxine succinate sustained-release | placebo,PROVISIONAL_SINGLE_INTERVENTION,1,Major Depressive Disorder,NCT01371734,https://clinicaltrials.gov/study/NCT01371734,2017-03-20,2017-03-20,"Not an independently verified unique active drug; requires alias, arm and regimen review."
PFE,PFIZER INC,dexmedetomidine hydrochloride,PROVISIONAL_SINGLE_INTERVENTION,1,ICU Sedation,NCT02757625,https://clinicaltrials.gov/study/NCT02757625,2018-12-17,2018-12-17,"Not an independently verified unique active drug; requires alias, arm and regimen review."
PFE,PFIZER INC,dexmedetomidine hydrochloride | placebo,PROVISIONAL_SINGLE_INTERVENTION,1,Sedation,NCT01438957,https://clinicaltrials.gov/study/NCT01438957,2021-03-22,2021-03-22,"Not an independently verified unique active drug; requires alias, arm and regimen review."
PFE,PFIZER INC,dic075v (intravenous diclofenac sodium),PROVISIONAL_SINGLE_INTERVENTION,1,"Pain, Postoperative",NCT00726388,https://clinicaltrials.gov/study/NCT00726388,2021-10-13,2021-10-13,"Not an independently verified unique active drug; requires alias, arm and regimen review."
PFE,PFIZER INC,diclofenac | tanezumab,PROVISIONAL_SINGLE_INTERVENTION,1,Osteoarthritis,NCT00864097,https://clinicaltrials.gov/study/NCT00864097,2021-02-26,2021-02-26,"Not an independently verified unique active drug; requires alias, arm and regimen review."
PFE,PFIZER INC,dimebon,PROVISIONAL_SINGLE_INTERVENTION,1,Alzheimer's Disease,NCT00939783,https://clinicaltrials.gov/study/NCT00939783,2012-11-14,2012-11-14,"Not an independently verified unique active drug; requires alias, arm and regimen review."
PFE,PFIZER INC,dimebon 20 mg po tid | placebo po tid,PROVISIONAL_SINGLE_INTERVENTION,1,Alzheimer Disease,NCT00912288,https://clinicaltrials.gov/study/NCT00912288,2012-10-02,2012-10-02,"Not an independently verified unique active drug; requires alias, arm and regimen review."
PFE,PFIZER INC,dimebon tablet for oral administration,PROVISIONAL_SINGLE_INTERVENTION,1,Alzheimer's Disease,NCT01066546,https://clinicaltrials.gov/study/NCT01066546,2012-10-02,2012-10-02,"Not an independently verified unique active drug; requires alias, arm and regimen review."
PFE,PFIZER INC,dimebon | placebo,PROVISIONAL_SINGLE_INTERVENTION,1,Alzheimer's Disease,NCT00838110,https://clinicaltrials.gov/study/NCT00838110,2013-02-08,2013-02-08,"Not an independently verified unique active drug; requires alias, arm and regimen review."
PFE,PFIZER INC,docetaxel | pf-02341066 | pemetrexed,PROVISIONAL_SINGLE_INTERVENTION,1,"Carcinoma, Non-Small-Cell Lung",NCT00932893,https://clinicaltrials.gov/study/NCT00932893,2013-06-06,2013-06-06,"Not an independently verified unique active drug; requires alias, arm and regimen review."
PFE,PFIZER INC,donepezil,PROVISIONAL_SINGLE_INTERVENTION,1,"Dementia, Mixed | Dementia, Vascular",NCT00174382,https://clinicaltrials.gov/study/NCT00174382,2009-06-12,2009-06-12,"Not an independently verified unique active drug; requires alias, arm and regimen review."
PFE,PFIZER INC,dupilumab | injectable placebo | oral placebo | pf-04965842 100 mg | pf-04965842 200 mg,PROVISIONAL_SINGLE_INTERVENTION,1,"Dermatitis | Dermatitis, Atopic | Eczema | Genetic Diseases, Inborn | Hypersensitivity | Hypersensitivity, Immediate | Immune System Diseases | Skin Diseases | Skin Diseases, Eczematous | Skin Diseases, Genetic",NCT03720470,https://clinicaltrials.gov/study/NCT03720470,2021-01-19,2021-01-19,"Not an independently verified unique active drug; requires alias, arm and regimen review."
PFE,PFIZER INC,dvs sr,PROVISIONAL_SINGLE_INTERVENTION,2,Major Depressive Disorder,NCT01371708 | NCT01371721,https://clinicaltrials.gov/study/NCT01371708 | https://clinicaltrials.gov/study/NCT01371721,2016-12-08,2017-02-08,"Not an independently verified unique active drug; requires alias, arm and regimen review."
PFE,PFIZER INC,enzalutamide | leuprolide open label | placebo (no longer applicable in open label study period),PROVISIONAL_SINGLE_INTERVENTION,1,Cancer of the Prostate | Hormone Sensitive Prostate Cancer | Prostate Cancer,NCT02319837,https://clinicaltrials.gov/study/NCT02319837,2024-03-25,2024-03-25,"Not an independently verified unique active drug; requires alias, arm and regimen review."
PFE,PFIZER INC,enzalutamide | placebo,PROVISIONAL_SINGLE_INTERVENTION,3,Cancer of the Prostate | Nonmetastatic Castration-Resistant Prostate Cancer | Prostate Cancer | Castration-Resistant Prostate Cancer | Prostate Cancer,NCT00974311 | NCT01212991 | NCT02003924,https://clinicaltrials.gov/study/NCT00974311 | https://clinicaltrials.gov/study/NCT01212991 | https://clinicaltrials.gov/study/NCT02003924,2012-10-30,2018-07-12,"Not an independently verified unique active drug; requires alias, arm and regimen review."
PFE,PFIZER INC,epoetin hospira,PROVISIONAL_SINGLE_INTERVENTION,2,Chronic Renal Failure Requiring Hemodialysis,NCT01628107 | NCT01628120,https://clinicaltrials.gov/study/NCT01628107 | https://clinicaltrials.gov/study/NCT01628120,2018-07-19,2018-07-19,"Not an independently verified unique active drug; requires alias, arm and regimen review."
PFE,PFIZER INC,epoetin hospira arm | iv iron,PROVISIONAL_SINGLE_INTERVENTION,1,Chronic Kidney Disease (CKD),NCT02504294,https://clinicaltrials.gov/study/NCT02504294,2018-06-13,2018-06-13,"Not an independently verified unique active drug; requires alias, arm and regimen review."
PFE,PFIZER INC,epoetin hospira | epogen (amgen),PROVISIONAL_SINGLE_INTERVENTION,1,Chronic Kidney Disease | Chronic Renal Failure,NCT01473407,https://clinicaltrials.gov/study/NCT01473407,2018-07-13,2018-07-13,"Not an independently verified unique active drug; requires alias, arm and regimen review."
PFE,PFIZER INC,epoetin hospira | epogen amgen,PROVISIONAL_SINGLE_INTERVENTION,1,Chronic Kidney Disease | Chronic Renal Failure,NCT01473420,https://clinicaltrials.gov/study/NCT01473420,2018-06-20,2018-06-20,"Not an independently verified unique active drug; requires alias, arm and regimen review."
PFE,PFIZER INC,erlotinib | placebo | sunitinib,PROVISIONAL_SINGLE_INTERVENTION,1,"Carcinoma, Non-Small Cell Lung",NCT00457392,https://clinicaltrials.gov/study/NCT00457392,2011-08-02,2011-08-02,"Not an independently verified unique active drug; requires alias, arm and regimen review."
PFE,PFIZER INC,etanercept,PROVISIONAL_SINGLE_INTERVENTION,3,"Arthritis, Juvenile Idiopathic | Arthritis, Rheumatoid | Juvenile Idiopahtic Arthritis",NCT00962741 | NCT01421069 | NCT02378506,https://clinicaltrials.gov/study/NCT00962741 | https://clinicaltrials.gov/study/NCT01421069 | https://clinicaltrials.gov/study/NCT02378506,2012-07-19,2022-11-14,"Not an independently verified unique active drug; requires alias, arm and regimen review."
PFE,PFIZER INC,etanercept | methotrexate,PROVISIONAL_SINGLE_INTERVENTION,1,"Arthritis, Rheumatoid",NCT00445770,https://clinicaltrials.gov/study/NCT00445770,2011-08-05,2011-08-05,"Not an independently verified unique active drug; requires alias, arm and regimen review."
PFE,PFIZER INC,etoposide + cisplatin | irinotecan + cisplatin,PROVISIONAL_SINGLE_INTERVENTION,1,Small Cell Lung Carcinoma,NCT00143455,https://clinicaltrials.gov/study/NCT00143455,2010-01-21,2010-01-21,"Not an independently verified unique active drug; requires alias, arm and regimen review."
PFE,PFIZER INC,etrasimod | placebo,PROVISIONAL_SINGLE_INTERVENTION,2,Crohn's Disease | Ulcerative Colitis,NCT04173273 | NCT04706793,https://clinicaltrials.gov/study/NCT04173273 | https://clinicaltrials.gov/study/NCT04706793,2023-10-16,2026-07-01,"Not an independently verified unique active drug; requires alias, arm and regimen review."
PFE,PFIZER INC,exemestane (aromasin) | tamoxifen + exemestane,PROVISIONAL_SINGLE_INTERVENTION,1,Breast Neoplasms,NCT00036270,https://clinicaltrials.gov/study/NCT00036270,2009-12-04,2009-12-04,"Not an independently verified unique active drug; requires alias, arm and regimen review."
PFE,PFIZER INC,exemestane | tamoxifen,PROVISIONAL_SINGLE_INTERVENTION,1,Breast Neoplasms,NCT00038467,https://clinicaltrials.gov/study/NCT00038467,2014-04-10,2014-04-10,"Not an independently verified unique active drug; requires alias, arm and regimen review."
PFE,PFIZER INC,experimental 20-valent pneumococcal conjugate vaccine (20vpnc) | influenza vaccine,PROVISIONAL_SINGLE_INTERVENTION,1,Pneumococcal Disease,NCT04526574,https://clinicaltrials.gov/study/NCT04526574,2022-07-08,2022-07-08,"Not an independently verified unique active drug; requires alias, arm and regimen review."
PFE,PFIZER INC,exubera | insulin lispro,PROVISIONAL_SINGLE_INTERVENTION,1,Diabetes Mellitus,NCT00348374,https://clinicaltrials.gov/study/NCT00348374,2010-03-16,2010-03-16,"Not an independently verified unique active drug; requires alias, arm and regimen review."
PFE,PFIZER INC,fdc ibu/apap 250 mg/500 mg | placebo,PROVISIONAL_SINGLE_INTERVENTION,1,Pain,NCT02837952,https://clinicaltrials.gov/study/NCT02837952,2018-03-05,2018-03-05,"Not an independently verified unique active drug; requires alias, arm and regimen review."
PFE,PFIZER INC,fesoterodine bic 2 mg | fesoterodine bic 4 mg | fesoterodine pr 4 mg | fesoterodine pr 8 mg,PROVISIONAL_SINGLE_INTERVENTION,1,"Urinary Bladder, Neurogenic",NCT02501928,https://clinicaltrials.gov/study/NCT02501928,2020-10-26,2020-10-26,"Not an independently verified unique active drug; requires alias, arm and regimen review."
PFE,PFIZER INC,fesoterodine bic 2 mg | fesoterodine bic 4 mg | fesoterodine pr | fesoterodine pr 4 mg | fesoterodine pr 8 mg | oxybutynin,PROVISIONAL_SINGLE_INTERVENTION,1,"Urinary Bladder, Neurogenic",NCT01557244,https://clinicaltrials.gov/study/NCT01557244,2021-02-02,2021-02-02,"Not an independently verified unique active drug; requires alias, arm and regimen review."
PFE,PFIZER INC,fesoterodine fumarate,PROVISIONAL_SINGLE_INTERVENTION,2,Overactive Bladder,NCT00425100 | NCT00658684,https://clinicaltrials.gov/study/NCT00425100 | https://clinicaltrials.gov/study/NCT00658684,2009-02-10,2010-08-11,"Not an independently verified unique active drug; requires alias, arm and regimen review."
PFE,PFIZER INC,fesoterodine fumarate | placebo | tolterodine tartrate,PROVISIONAL_SINGLE_INTERVENTION,1,Overactive Bladder,NCT00444925,https://clinicaltrials.gov/study/NCT00444925,2009-09-03,2009-09-03,"Not an independently verified unique active drug; requires alias, arm and regimen review."
PFE,PFIZER INC,fesoterodine | placebo,PROVISIONAL_SINGLE_INTERVENTION,2,Overactive Bladder | Overactive Bladder Syndrome,NCT00536484 | NCT00546637,https://clinicaltrials.gov/study/NCT00536484 | https://clinicaltrials.gov/study/NCT00546637,2009-09-11,2010-11-22,"Not an independently verified unique active drug; requires alias, arm and regimen review."
PFE,PFIZER INC,fesoterodine | placebo | tolterodine er,PROVISIONAL_SINGLE_INTERVENTION,1,Overactive Bladder,NCT00611026,https://clinicaltrials.gov/study/NCT00611026,2011-01-12,2011-01-12,"Not an independently verified unique active drug; requires alias, arm and regimen review."
PFE,PFIZER INC,"flag (fludarabine, cytarabine and g-csf) | hidac (high dose cytarabine) | cytarabine and mitoxantrone | inotuzumab ozogamicin",PROVISIONAL_SINGLE_INTERVENTION,1,Acute Lymphoblastic Leukemia,NCT01564784,https://clinicaltrials.gov/study/NCT01564784,2018-01-17,2018-01-17,"Not an independently verified unique active drug; requires alias, arm and regimen review."
PFE,PFIZER INC,fluconazole,PROVISIONAL_SINGLE_INTERVENTION,1,Vulvovaginal Candidiasis,NCT01806623,https://clinicaltrials.gov/study/NCT01806623,2014-12-03,2014-12-03,"Not an independently verified unique active drug; requires alias, arm and regimen review."
PFE,PFIZER INC,folfiri + bevacizumab | infusional 5-fu/lv with irinotecan | modified bolus 5-fu/lv with irinotecan | oral capecitabine with irinotecan | mifl + bevacizumab,PROVISIONAL_SINGLE_INTERVENTION,1,Colorectal Neoplasms,NCT00101686,https://clinicaltrials.gov/study/NCT00101686,2009-11-26,2009-11-26,"Not an independently verified unique active drug; requires alias, arm and regimen review."
PFE,PFIZER INC,folinic acid + 5 fu | irinotecan + 5 fu + folinic acid,PROVISIONAL_SINGLE_INTERVENTION,1,Colorectal Neoplasms | Liver Neoplasms,NCT00143403,https://clinicaltrials.gov/study/NCT00143403,2009-06-01,2009-06-01,"Not an independently verified unique active drug; requires alias, arm and regimen review."
PFE,PFIZER INC,fragmin,PROVISIONAL_SINGLE_INTERVENTION,2,Chronic Renal Failure | Diabetic Foot Ulcer,NCT00765063 | NCT01879618,https://clinicaltrials.gov/study/NCT00765063 | https://clinicaltrials.gov/study/NCT01879618,2012-01-13,2016-12-29,"Not an independently verified unique active drug; requires alias, arm and regimen review."
PFE,PFIZER INC,fragmin/ dalteparin sodium | placebo for fragmin/ dalteparin sodium,PROVISIONAL_SINGLE_INTERVENTION,1,Diabetic Foot Ulcer,NCT00662831,https://clinicaltrials.gov/study/NCT00662831,2012-01-13,2012-01-13,"Not an independently verified unique active drug; requires alias, arm and regimen review."
PFE,PFIZER INC,fulvestrant | palbociclib | placebo,PROVISIONAL_SINGLE_INTERVENTION,1,Metastatic Breast Cancer,NCT01942135,https://clinicaltrials.gov/study/NCT01942135,2016-05-23,2016-05-23,"Not an independently verified unique active drug; requires alias, arm and regimen review."
PFE,PFIZER INC,fx-1006a,PROVISIONAL_SINGLE_INTERVENTION,1,ATTR-PN | Familial Amyloid Polyneuropathy,NCT00791492,https://clinicaltrials.gov/study/NCT00791492,2012-12-17,2012-12-17,"Not an independently verified unique active drug; requires alias, arm and regimen review."
PFE,PFIZER INC,fx-1006a | placebo,PROVISIONAL_SINGLE_INTERVENTION,1,Familial Amyloid Polyneuropathy,NCT00409175,https://clinicaltrials.gov/study/NCT00409175,2012-12-17,2012-12-17,"Not an independently verified unique active drug; requires alias, arm and regimen review."
PFE,PFIZER INC,genotonorm,PROVISIONAL_SINGLE_INTERVENTION,1,Growth Disorders | Intrauterine Growth Retardation,NCT01073605,https://clinicaltrials.gov/study/NCT01073605,2010-08-31,2010-08-31,"Not an independently verified unique active drug; requires alias, arm and regimen review."
PFE,PFIZER INC,genotonorm (somatropin),PROVISIONAL_SINGLE_INTERVENTION,1,Fetal Growth Retardation,NCT00174252,https://clinicaltrials.gov/study/NCT00174252,2010-06-04,2010-06-04,"Not an independently verified unique active drug; requires alias, arm and regimen review."
PFE,PFIZER INC,genotropin,PROVISIONAL_SINGLE_INTERVENTION,1,Idiopathic Short Stature,NCT00396097,https://clinicaltrials.gov/study/NCT00396097,2013-11-13,2013-11-13,"Not an independently verified unique active drug; requires alias, arm and regimen review."
PFE,PFIZER INC,genotropin | somatrogon,PROVISIONAL_SINGLE_INTERVENTION,1,Growth Hormone Deficiency,NCT03831880,https://clinicaltrials.gov/study/NCT03831880,2021-10-14,2021-10-14,"Not an independently verified unique active drug; requires alias, arm and regimen review."
PFE,PFIZER INC,havrix (hav) | saline | rlp2086,PROVISIONAL_SINGLE_INTERVENTION,1,Meningococcal Vaccine,NCT01830855,https://clinicaltrials.gov/study/NCT01830855,2016-06-14,2016-06-14,"Not an independently verified unique active drug; requires alias, arm and regimen review."
PFE,PFIZER INC,herceptin® | pf-05280014 | paclitaxel,PROVISIONAL_SINGLE_INTERVENTION,1,Metastatic Breast Cancer,NCT01989676,https://clinicaltrials.gov/study/NCT01989676,2018-01-23,2018-01-23,"Not an independently verified unique active drug; requires alias, arm and regimen review."
PFE,PFIZER INC,ibu bid | ibu tid | placebo bid | placebo tid,PROVISIONAL_SINGLE_INTERVENTION,1,Pain,NCT01794923,https://clinicaltrials.gov/study/NCT01794923,2021-09-30,2021-09-30,"Not an independently verified unique active drug; requires alias, arm and regimen review."
PFE,PFIZER INC,ibuprofen 400 mg caplet,PROVISIONAL_SINGLE_INTERVENTION,1,Patient Compliance,NCT02294019,https://clinicaltrials.gov/study/NCT02294019,2016-05-30,2016-05-30,"Not an independently verified unique active drug; requires alias, arm and regimen review."
PFE,PFIZER INC,ibuprofen 600 mg er | placebo,PROVISIONAL_SINGLE_INTERVENTION,1,Pain,NCT01266161,https://clinicaltrials.gov/study/NCT01266161,2018-08-15,2018-08-15,"Not an independently verified unique active drug; requires alias, arm and regimen review."
PFE,PFIZER INC,ibuprofen 600 mg immediate release/extended release caplet,PROVISIONAL_SINGLE_INTERVENTION,2,Analgesia | Pain,NCT01789606 | NCT03722238,https://clinicaltrials.gov/study/NCT01789606 | https://clinicaltrials.gov/study/NCT03722238,2017-08-28,2021-09-24,"Not an independently verified unique active drug; requires alias, arm and regimen review."
PFE,PFIZER INC,ibuprofen sodium | placebo | standard ibuprofen,PROVISIONAL_SINGLE_INTERVENTION,1,Pain,NCT01362491,https://clinicaltrials.gov/study/NCT01362491,2014-07-30,2014-07-30,"Not an independently verified unique active drug; requires alias, arm and regimen review."
PFE,PFIZER INC,ibuprofen | ibuprofen/caffeine | placebo,PROVISIONAL_SINGLE_INTERVENTION,1,Pain,NCT02863575,https://clinicaltrials.gov/study/NCT02863575,2019-04-08,2019-04-08,"Not an independently verified unique active drug; requires alias, arm and regimen review."
PFE,PFIZER INC,ibuprofen | placebo,PROVISIONAL_SINGLE_INTERVENTION,1,Infection,NCT01035346,https://clinicaltrials.gov/study/NCT01035346,2012-08-21,2012-08-21,"Not an independently verified unique active drug; requires alias, arm and regimen review."
PFE,PFIZER INC,imatinib mesylate | sunitinib malate,PROVISIONAL_SINGLE_INTERVENTION,1,Gastrointestinal Stromal Tumor,NCT00372567,https://clinicaltrials.gov/study/NCT00372567,2010-12-31,2010-12-31,"Not an independently verified unique active drug; requires alias, arm and regimen review."
PFE,PFIZER INC,in double-blind phase: treatment with tofacitinib or placebo in 1:1 ratio | in open-label phase: treatment with tofacitinib,PROVISIONAL_SINGLE_INTERVENTION,1,Arthritis Juvenile Idiopathic,NCT03000439,https://clinicaltrials.gov/study/NCT03000439,2025-06-03,2025-06-03,"Not an independently verified unique active drug; requires alias, arm and regimen review."
PFE,PFIZER INC,inclacumab | placebo,PROVISIONAL_SINGLE_INTERVENTION,2,Sickle Cell Disease | Vaso-occlusive Crisis | Vaso-occlusive Pain Episode in Sickle Cell Disease,NCT04927247 | NCT04935879,https://clinicaltrials.gov/study/NCT04927247 | https://clinicaltrials.gov/study/NCT04935879,2024-12-11,2025-12-02,"Not an independently verified unique active drug; requires alias, arm and regimen review."
PFE,PFIZER INC,infliximab | pf-06438179,PROVISIONAL_SINGLE_INTERVENTION,1,Rheumatoid Arthritis,NCT02222493,https://clinicaltrials.gov/study/NCT02222493,2017-09-11,2017-09-11,"Not an independently verified unique active drug; requires alias, arm and regimen review."
PFE,PFIZER INC,inhaled insulin (exubera),PROVISIONAL_SINGLE_INTERVENTION,1,Diabetes Mellitus Type 2,NCT00282971,https://clinicaltrials.gov/study/NCT00282971,2009-08-26,2009-08-26,"Not an independently verified unique active drug; requires alias, arm and regimen review."
PFE,PFIZER INC,inhaled insulin (exubera) | subcutaneous insulin (subject's prescribed),PROVISIONAL_SINGLE_INTERVENTION,1,"Diabetes Mellitus, Type 1",NCT00479258,https://clinicaltrials.gov/study/NCT00479258,2008-11-03,2008-11-03,"Not an independently verified unique active drug; requires alias, arm and regimen review."
PFE,PFIZER INC,inhaled insulin | subcutaneous insulin,PROVISIONAL_SINGLE_INTERVENTION,4,"Asthma | Diabetes Mellitus | Chronic Obstructive Pulmonary Disease | Diabetes Mellitus | Diabetes Mellitus | Diabetes Mellitus, Type 1",NCT00136916 | NCT00137046 | NCT00138671 | NCT00139659,https://clinicaltrials.gov/study/NCT00136916 | https://clinicaltrials.gov/study/NCT00137046 | https://clinicaltrials.gov/study/NCT00138671 | https://clinicaltrials.gov/study/NCT00139659,2009-11-13,2010-05-12,"Not an independently verified unique active drug; requires alias, arm and regimen review."
PFE,PFIZER INC,inotuzumab ozogamicin | rituximab | rituximab + gemcitabine | rituximab +bendamustine,PROVISIONAL_SINGLE_INTERVENTION,1,"Lymphoma, Non-Hodgkin",NCT01232556,https://clinicaltrials.gov/study/NCT01232556,2018-08-21,2018-08-21,"Not an independently verified unique active drug; requires alias, arm and regimen review."
PFE,PFIZER INC,interferon-alfa | su011248,PROVISIONAL_SINGLE_INTERVENTION,1,"Carcinoma, Renal Cell",NCT00083889,https://clinicaltrials.gov/study/NCT00083889,2009-12-10,2009-12-10,"Not an independently verified unique active drug; requires alias, arm and regimen review."
PFE,PFIZER INC,investigational medical product (imp) administered in parent study,PROVISIONAL_SINGLE_INTERVENTION,2,Cancer Pain | Osteoarthritis | Recurrent Low Back Pain | Osteoarthritis,NCT02674386 | NCT03031938,https://clinicaltrials.gov/study/NCT02674386 | https://clinicaltrials.gov/study/NCT03031938,2020-07-30,2021-06-25,"Not an independently verified unique active drug; requires alias, arm and regimen review."
PFE,PFIZER INC,investigator's choice | temsirolimus (cci-779),PROVISIONAL_SINGLE_INTERVENTION,1,Lymphoma,NCT00117598,https://clinicaltrials.gov/study/NCT00117598,2012-03-06,2012-03-06,"Not an independently verified unique active drug; requires alias, arm and regimen review."
PFE,PFIZER INC,itraconazole | vfend - voriconazole,PROVISIONAL_SINGLE_INTERVENTION,1,Antifungal Prophylaxis of Invasive Fungal Infections,NCT00289991,https://clinicaltrials.gov/study/NCT00289991,2010-03-10,2010-03-10,"Not an independently verified unique active drug; requires alias, arm and regimen review."
PFE,PFIZER INC,iv diclofenac | iv ketorolac | placebo,PROVISIONAL_SINGLE_INTERVENTION,1,Postoperative Pain,NCT00507026,https://clinicaltrials.gov/study/NCT00507026,2021-10-29,2021-10-29,"Not an independently verified unique active drug; requires alias, arm and regimen review."
PFE,PFIZER INC,letrozole | palbociclib,PROVISIONAL_SINGLE_INTERVENTION,1,Advanced Breast Cancer Female,NCT02600923,https://clinicaltrials.gov/study/NCT02600923,2020-05-21,2020-05-21,"Not an independently verified unique active drug; requires alias, arm and regimen review."
PFE,PFIZER INC,letrozole | palbociclib | placebo,PROVISIONAL_SINGLE_INTERVENTION,1,Breast Neoplasms,NCT02297438,https://clinicaltrials.gov/study/NCT02297438,2021-11-18,2021-11-18,"Not an independently verified unique active drug; requires alias, arm and regimen review."
PFE,PFIZER INC,letrozole | pd-0332991 | placebo,PROVISIONAL_SINGLE_INTERVENTION,1,Breast Neoplasms,NCT01740427,https://clinicaltrials.gov/study/NCT01740427,2017-04-26,2017-04-26,"Not an independently verified unique active drug; requires alias, arm and regimen review."
PFE,PFIZER INC,lgx818 | mek162 | vemurafenib,PROVISIONAL_SINGLE_INTERVENTION,1,Melanoma,NCT01909453,https://clinicaltrials.gov/study/NCT01909453,2021-07-12,2021-07-12,"Not an independently verified unique active drug; requires alias, arm and regimen review."
PFE,PFIZER INC,lorazepam,PROVISIONAL_SINGLE_INTERVENTION,1,Status Epilepticus,NCT02239380,https://clinicaltrials.gov/study/NCT02239380,2019-02-18,2019-02-18,"Not an independently verified unique active drug; requires alias, arm and regimen review."
PFE,PFIZER INC,mabthera® | pf-05280586,PROVISIONAL_SINGLE_INTERVENTION,1,Follicular Lymphoma,NCT02213263,https://clinicaltrials.gov/study/NCT02213263,2018-10-30,2018-10-30,"Not an independently verified unique active drug; requires alias, arm and regimen review."
PFE,PFIZER INC,macugen | standard of care,PROVISIONAL_SINGLE_INTERVENTION,1,Macular Edema Associated With Diabetes Mellitus,NCT00605280,https://clinicaltrials.gov/study/NCT00605280,2011-03-30,2011-03-30,"Not an independently verified unique active drug; requires alias, arm and regimen review."
PFE,PFIZER INC,matched control | zyvox - linezolid,PROVISIONAL_SINGLE_INTERVENTION,1,Optic Nerve Diseases,NCT00359632,https://clinicaltrials.gov/study/NCT00359632,2015-06-26,2015-06-26,"Not an independently verified unique active drug; requires alias, arm and regimen review."
PFE,PFIZER INC,matching placebo | rimegepant 75 mg odt,PROVISIONAL_SINGLE_INTERVENTION,1,Chronic Rhinosinusitis (CRS) With and Without Nasal Polyps,NCT05248997,https://clinicaltrials.gov/study/NCT05248997,2025-03-26,2025-03-26,"Not an independently verified unique active drug; requires alias, arm and regimen review."
PFE,PFIZER INC,megestrol acetate | exemestane (aromasin),PROVISIONAL_SINGLE_INTERVENTION,1,Metastatic Breast Cancer,NCT01237327,https://clinicaltrials.gov/study/NCT01237327,2011-03-14,2011-03-14,"Not an independently verified unique active drug; requires alias, arm and regimen review."
PFE,PFIZER INC,"mek162, mek inhibitor; oral | physician's choice chemotherapy",PROVISIONAL_SINGLE_INTERVENTION,1,Low-grade Serous Fallopian Tube Cancer | Low-grade Serous Ovarian Cancer | Low-grade Serous Peritoneal Cancer,NCT01849874,https://clinicaltrials.gov/study/NCT01849874,2021-03-30,2021-03-30,"Not an independently verified unique active drug; requires alias, arm and regimen review."
PFE,PFIZER INC,menabcwy | menacwy-crm | saline | rlp2086,PROVISIONAL_SINGLE_INTERVENTION,1,Meningococcal Vaccine,NCT03135834,https://clinicaltrials.gov/study/NCT03135834,2023-08-08,2023-08-08,"Not an independently verified unique active drug; requires alias, arm and regimen review."
PFE,PFIZER INC,menabcwy | menacwy-crm | saline | trumenba,PROVISIONAL_SINGLE_INTERVENTION,1,Meningococcal Vaccine,NCT04440163,https://clinicaltrials.gov/study/NCT04440163,2023-04-18,2023-04-18,"Not an independently verified unique active drug; requires alias, arm and regimen review."
PFE,PFIZER INC,menacwy-tt,PROVISIONAL_SINGLE_INTERVENTION,1,Meningococcal ACWY Disease,NCT03189745,https://clinicaltrials.gov/study/NCT03189745,2020-10-12,2020-10-12,"Not an independently verified unique active drug; requires alias, arm and regimen review."
PFE,PFIZER INC,"meningococcal (groups a, c, w-135 and y [acwy]) oligosaccharide diphtheria crm197 conjugate vaccine | pf-06651600 | tetanus and diphtheria toxoids and acellular pertussis (tdap) vaccine",PROVISIONAL_SINGLE_INTERVENTION,1,Alopecia Areata,NCT04006457,https://clinicaltrials.gov/study/NCT04006457,2025-08-14,2025-08-14,"Not an independently verified unique active drug; requires alias, arm and regimen review."
PFE,PFIZER INC,meningococcal vaccine gsk134612,PROVISIONAL_SINGLE_INTERVENTION,2,"Infections, Meningococcal",NCT01934140 | NCT01962207,https://clinicaltrials.gov/study/NCT01934140 | https://clinicaltrials.gov/study/NCT01962207,2019-06-07,2019-08-28,"Not an independently verified unique active drug; requires alias, arm and regimen review."
PFE,PFIZER INC,meningococcal vaccine gsk134612 | prevenar 13™,PROVISIONAL_SINGLE_INTERVENTION,1,"Infections, Meningococcal",NCT01939158,https://clinicaltrials.gov/study/NCT01939158,2021-10-05,2021-10-05,"Not an independently verified unique active drug; requires alias, arm and regimen review."
PFE,PFIZER INC,methotrexate | placebo methotrexate | tofacitinib,PROVISIONAL_SINGLE_INTERVENTION,1,"Arthritis, Psoriatic",NCT01976364,https://clinicaltrials.gov/study/NCT01976364,2020-05-21,2020-05-21,"Not an independently verified unique active drug; requires alias, arm and regimen review."
PFE,PFIZER INC,metronidazole | pf-06947386,PROVISIONAL_SINGLE_INTERVENTION,1,Complicated Intra-abdominal Infection,NCT04927312,https://clinicaltrials.gov/study/NCT04927312,2024-03-08,2024-03-08,"Not an independently verified unique active drug; requires alias, arm and regimen review."
PFE,PFIZER INC,moroctocog alfa (af-cc),PROVISIONAL_SINGLE_INTERVENTION,1,Hemophilia A,NCT00543439,https://clinicaltrials.gov/study/NCT00543439,2019-01-11,2019-01-11,"Not an independently verified unique active drug; requires alias, arm and regimen review."
PFE,PFIZER INC,mycophenolate mofetil | prednisone | sirolimus | tacrolimus,PROVISIONAL_SINGLE_INTERVENTION,1,Atherosclerosis | Kidney Failure,NCT00311311,https://clinicaltrials.gov/study/NCT00311311,2012-05-24,2012-05-24,"Not an independently verified unique active drug; requires alias, arm and regimen review."
PFE,PFIZER INC,naproxen | tanezumab 10 mg | tanezumab 5 mg,PROVISIONAL_SINGLE_INTERVENTION,2,Arthritis | Osteoarthritis | Osteoarthritis,NCT00830063 | NCT00863304,https://clinicaltrials.gov/study/NCT00830063 | https://clinicaltrials.gov/study/NCT00863304,2021-05-13,2021-05-17,"Not an independently verified unique active drug; requires alias, arm and regimen review."
PFE,PFIZER INC,nimenrix,PROVISIONAL_SINGLE_INTERVENTION,1,Meningococcal Vaccine,NCT04819113,https://clinicaltrials.gov/study/NCT04819113,2024-03-18,2024-03-18,"Not an independently verified unique active drug; requires alias, arm and regimen review."
PFE,PFIZER INC,nonacog alfa,PROVISIONAL_SINGLE_INTERVENTION,1,Hemophilia B,NCT01335061,https://clinicaltrials.gov/study/NCT01335061,2015-05-04,2015-05-04,"Not an independently verified unique active drug; requires alias, arm and regimen review."
PFE,PFIZER INC,novel ibuprofen | placebo | standard ibuprofen,PROVISIONAL_SINGLE_INTERVENTION,2,Pain,NCT01077973 | NCT01098747,https://clinicaltrials.gov/study/NCT01077973 | https://clinicaltrials.gov/study/NCT01098747,2012-08-17,2012-08-20,"Not an independently verified unique active drug; requires alias, arm and regimen review."
PFE,PFIZER INC,nsaid | tanezumab,PROVISIONAL_SINGLE_INTERVENTION,1,Arthritis | Osteoarthritis,NCT00809354,https://clinicaltrials.gov/study/NCT00809354,2021-06-24,2021-06-24,"Not an independently verified unique active drug; requires alias, arm and regimen review."
PFE,PFIZER INC,nsaid | tanezumab 2.5 mg | tanezumab 5 mg,PROVISIONAL_SINGLE_INTERVENTION,1,"Chronic Pain | Osteoarthritis, Hip | Osteoarthritis, Knee",NCT02528188,https://clinicaltrials.gov/study/NCT02528188,2020-01-10,2020-01-10,"Not an independently verified unique active drug; requires alias, arm and regimen review."
PFE,PFIZER INC,nwp09 | placebo,PROVISIONAL_SINGLE_INTERVENTION,1,Attention Deficit Hyperactivity Disorder,NCT01654250,https://clinicaltrials.gov/study/NCT01654250,2016-02-03,2016-02-03,"Not an independently verified unique active drug; requires alias, arm and regimen review."
PFE,PFIZER INC,osivelotor,PROVISIONAL_SINGLE_INTERVENTION,1,Sickle Cell Disease,NCT05632354,https://clinicaltrials.gov/study/NCT05632354,2026-03-19,2026-03-19,"Not an independently verified unique active drug; requires alias, arm and regimen review."
PFE,PFIZER INC,oxycodone hcl and naltrexone hcl extended-release capsules,PROVISIONAL_SINGLE_INTERVENTION,1,Chronic Noncancer Pain,NCT01428583,https://clinicaltrials.gov/study/NCT01428583,2016-11-21,2016-11-21,"Not an independently verified unique active drug; requires alias, arm and regimen review."
PFE,PFIZER INC,oxycodone | tanezumab 10 mg | tanezumab 5 mg,PROVISIONAL_SINGLE_INTERVENTION,1,Osteoarthritis,NCT00985621,https://clinicaltrials.gov/study/NCT00985621,2021-05-14,2021-05-14,"Not an independently verified unique active drug; requires alias, arm and regimen review."
PFE,PFIZER INC,pegaptanib sodium,PROVISIONAL_SINGLE_INTERVENTION,2,Anti- VGF Inhibitor | Diabetic Macular Edema | Diabetic Retinopathy | Diabetic Mellitus | Macular Edema | Retinal Disease,NCT01100307 | NCT01189461,https://clinicaltrials.gov/study/NCT01100307 | https://clinicaltrials.gov/study/NCT01189461,2013-07-15,2013-09-06,"Not an independently verified unique active drug; requires alias, arm and regimen review."
PFE,PFIZER INC,pf-04965842 100 mg | pf-04965842 200 mg | placebo,PROVISIONAL_SINGLE_INTERVENTION,3,"Dermatitis | Dermatitis, Atopic | Eczema | Genetic Diseases, Inborn | Hypersensitivity | Hypersensitivity, Immediate | Immune System Diseases | Skin Diseases | Skin Diseases, Eczematous | Skin Diseases, Genetic | Dermatitis, Atopic",NCT03349060 | NCT03575871 | NCT03627767,https://clinicaltrials.gov/study/NCT03349060 | https://clinicaltrials.gov/study/NCT03575871 | https://clinicaltrials.gov/study/NCT03627767,2019-12-10,2021-09-20,"Not an independently verified unique active drug; requires alias, arm and regimen review."
PFE,PFIZER INC,pf-04965842 | pf04965842 | placebo,PROVISIONAL_SINGLE_INTERVENTION,1,Atopic Dermatitis,NCT03796676,https://clinicaltrials.gov/study/NCT03796676,2021-06-04,2021-06-04,"Not an independently verified unique active drug; requires alias, arm and regimen review."
PFE,PFIZER INC,pf-05280014 | paraplatin® | taxotere® | trastuzumab-eu,PROVISIONAL_SINGLE_INTERVENTION,1,Early Breast Cancer,NCT02187744,https://clinicaltrials.gov/study/NCT02187744,2017-04-07,2017-04-07,"Not an independently verified unique active drug; requires alias, arm and regimen review."
PFE,PFIZER INC,pf-06410293 | adalimumab,PROVISIONAL_SINGLE_INTERVENTION,1,Rheumatoid Arthritis,NCT04230213,https://clinicaltrials.gov/study/NCT04230213,2022-08-22,2022-08-22,"Not an independently verified unique active drug; requires alias, arm and regimen review."
PFE,PFIZER INC,pf-06462700,PROVISIONAL_SINGLE_INTERVENTION,1,Aplastic Anemia,NCT04350606,https://clinicaltrials.gov/study/NCT04350606,2022-04-27,2022-04-27,"Not an independently verified unique active drug; requires alias, arm and regimen review."
PFE,PFIZER INC,pf-06651600 induction dose | pf-06651600 maintenance dose #1 | pf-06651600 maintenance dose #2 | pf-06651600 maintenance dose #3 | placebo,PROVISIONAL_SINGLE_INTERVENTION,1,Alopecia Areata,NCT03732807,https://clinicaltrials.gov/study/NCT03732807,2022-02-24,2022-02-24,"Not an independently verified unique active drug; requires alias, arm and regimen review."
PFE,PFIZER INC,pf-06741086,PROVISIONAL_SINGLE_INTERVENTION,1,Hemophilia A | Hemophilia B,NCT03938792,https://clinicaltrials.gov/study/NCT03938792,2026-08-14,2026-08-14,"Not an independently verified unique active drug; requires alias, arm and regimen review."
PFE,PFIZER INC,pf-06838435/ fidanacogene elaparvovec,PROVISIONAL_SINGLE_INTERVENTION,1,Hemophilia B,NCT03861273,https://clinicaltrials.gov/study/NCT03861273,2024-03-27,2024-03-27,"Not an independently verified unique active drug; requires alias, arm and regimen review."
PFE,PFIZER INC,pf-07055480 (giroctocogene fitelparovec): recombinant aav2/6 human factor viii gene therapy,PROVISIONAL_SINGLE_INTERVENTION,1,Hemophilia A,NCT04370054,https://clinicaltrials.gov/study/NCT04370054,2025-08-17,2025-08-17,"Not an independently verified unique active drug; requires alias, arm and regimen review."
PFE,PFIZER INC,pf-07321332 | placebo for pf-07321332 | placebo for ritonavir | ritonavir,PROVISIONAL_SINGLE_INTERVENTION,1,COVID-19,NCT05047601,https://clinicaltrials.gov/study/NCT05047601,2023-05-06,2023-05-06,"Not an independently verified unique active drug; requires alias, arm and regimen review."
PFE,PFIZER INC,pf-07321332 | placebo | ritonavir,PROVISIONAL_SINGLE_INTERVENTION,2,COVID-19,NCT04960202 | NCT05011513,https://clinicaltrials.gov/study/NCT04960202 | https://clinicaltrials.gov/study/NCT05011513,2023-02-09,2023-08-14,"Not an independently verified unique active drug; requires alias, arm and regimen review."
PFE,PFIZER INC,physician's-choice | talazoparib,PROVISIONAL_SINGLE_INTERVENTION,1,BRCA 1 Gene Mutation | BRCA 2 Gene Mutation | Breast Neoplasms,NCT01945775,https://clinicaltrials.gov/study/NCT01945775,2018-10-03,2018-10-03,"Not an independently verified unique active drug; requires alias, arm and regimen review."
PFE,PFIZER INC,placebo iv | placebo sc | tanezumab iv | tanezumab sc,PROVISIONAL_SINGLE_INTERVENTION,1,Arthritis | Osteoarthritis | Pain,NCT01089725,https://clinicaltrials.gov/study/NCT01089725,2021-05-05,2021-05-05,"Not an independently verified unique active drug; requires alias, arm and regimen review."
PFE,PFIZER INC,placebo three times daily | placebo twice daily | topical ibu three times daily | topical ibu twice daily,PROVISIONAL_SINGLE_INTERVENTION,1,Ankle Injuries,NCT01945034,https://clinicaltrials.gov/study/NCT01945034,2016-05-26,2016-05-26,"Not an independently verified unique active drug; requires alias, arm and regimen review."
PFE,PFIZER INC,"placebo to week 16, tanezumab 10 mg sc | placebo to week 16; tanezumab 5mg sc | tanezumab 10 mg sc | tanezumab 5 mg sc | tramadol pr oral",PROVISIONAL_SINGLE_INTERVENTION,1,Low Back Pain,NCT02528253,https://clinicaltrials.gov/study/NCT02528253,2020-02-21,2020-02-21,"Not an independently verified unique active drug; requires alias, arm and regimen review."
PFE,PFIZER INC,placebo with enzalutamide | talazoparib with enzalutamide,PROVISIONAL_SINGLE_INTERVENTION,1,mCRPC,NCT03395197,https://clinicaltrials.gov/study/NCT03395197,2024-01-17,2024-01-17,"Not an independently verified unique active drug; requires alias, arm and regimen review."
PFE,PFIZER INC,placebo | azacitidine | cytarabine | daunorubicin + cytarabine | glasdegib,PROVISIONAL_SINGLE_INTERVENTION,1,"Leukemia, Myeloid, Acute",NCT03416179,https://clinicaltrials.gov/study/NCT03416179,2021-06-25,2021-06-25,"Not an independently verified unique active drug; requires alias, arm and regimen review."
PFE,PFIZER INC,placebo | bazedoxifene 20 mg | bazedoxifene 20 mg/ conjugated estrogens 0.45 mg | bazedoxifene 20 mg/ conjugated estrogens 0.625 mg | conjugated estrogens 0.45 mg/ medroxyprogesterone acetate 1.5 mg,PROVISIONAL_SINGLE_INTERVENTION,1,Menopause | Osteoporosis,NCT00808132,https://clinicaltrials.gov/study/NCT00808132,2013-12-20,2013-12-20,"Not an independently verified unique active drug; requires alias, arm and regimen review."
PFE,PFIZER INC,placebo | bococizumab (pf-04950615),PROVISIONAL_SINGLE_INTERVENTION,2,Cardiovascular Disease,NCT01975376 | NCT01975389,https://clinicaltrials.gov/study/NCT01975376 | https://clinicaltrials.gov/study/NCT01975389,2018-06-12,2018-06-12,"Not an independently verified unique active drug; requires alias, arm and regimen review."
PFE,PFIZER INC,placebo | desvenlafaxine succinate (dvs) sr,PROVISIONAL_SINGLE_INTERVENTION,1,Vasomotor Symptoms,NCT00683800,https://clinicaltrials.gov/study/NCT00683800,2011-08-17,2011-08-17,"Not an independently verified unique active drug; requires alias, arm and regimen review."
PFE,PFIZER INC,placebo | desvenlafaxine succinate sustained release,PROVISIONAL_SINGLE_INTERVENTION,1,Vasomotor Symptoms,NCT00401245,https://clinicaltrials.gov/study/NCT00401245,2011-10-12,2011-10-12,"Not an independently verified unique active drug; requires alias, arm and regimen review."
PFE,PFIZER INC,placebo | etrasimod,PROVISIONAL_SINGLE_INTERVENTION,1,"Atopic Dermatitis | Atopic Dermatitis, Unspecified | Eczema | Eczema, Atopic",NCT05732454,https://clinicaltrials.gov/study/NCT05732454,2025-05-08,2025-05-08,"Not an independently verified unique active drug; requires alias, arm and regimen review."
PFE,PFIZER INC,placebo | prednisone | sunitinib,PROVISIONAL_SINGLE_INTERVENTION,1,Prostatic Neoplasms,NCT00676650,https://clinicaltrials.gov/study/NCT00676650,2013-03-08,2013-03-08,"Not an independently verified unique active drug; requires alias, arm and regimen review."
PFE,PFIZER INC,placebo | quillivant oral suspension xr,PROVISIONAL_SINGLE_INTERVENTION,1,Attention Deficit Hyperactivity Disorder,NCT00904670,https://clinicaltrials.gov/study/NCT00904670,2014-06-26,2014-06-26,"Not an independently verified unique active drug; requires alias, arm and regimen review."
PFE,PFIZER INC,placebo | ramipril,PROVISIONAL_SINGLE_INTERVENTION,1,Hypertension,NCT00389519,https://clinicaltrials.gov/study/NCT00389519,2010-05-19,2010-05-19,"Not an independently verified unique active drug; requires alias, arm and regimen review."
PFE,PFIZER INC,placebo | rimegepant,PROVISIONAL_SINGLE_INTERVENTION,8,"Acute Migraine | Migraine | Migraine, With or Without Aura | Temporomandibular Disorders (TMD)",NCT03235479 | NCT03237845 | NCT03461757 | NCT03732638 | NCT04574362 | NCT05262517 | NCT05399485 | NCT05810038,https://clinicaltrials.gov/study/NCT03235479 | https://clinicaltrials.gov/study/NCT03237845 | https://clinicaltrials.gov/study/NCT03461757 | https://clinicaltrials.gov/study/NCT03732638 | https://clinicaltrials.gov/study/NCT04574362 | https://clinicaltrials.gov/study/NCT05262517 | https://clinicaltrials.gov/study/NCT05399485 | https://clinicaltrials.gov/study/NCT05810038,2020-03-27,2026-09-03,"Not an independently verified unique active drug; requires alias, arm and regimen review."
PFE,PFIZER INC,placebo | rimegepant 25 mg | rimegepant 75 mg,PROVISIONAL_SINGLE_INTERVENTION,1,Migraine,NCT05399459,https://clinicaltrials.gov/study/NCT05399459,2025-02-10,2025-02-10,"Not an independently verified unique active drug; requires alias, arm and regimen review."
PFE,PFIZER INC,placebo | rsvpref,PROVISIONAL_SINGLE_INTERVENTION,1,Respiratory Tract Infection,NCT04424316,https://clinicaltrials.gov/study/NCT04424316,2025-02-11,2025-02-11,"Not an independently verified unique active drug; requires alias, arm and regimen review."
PFE,PFIZER INC,placebo | rsvpref (group 1) | rsvpref (group 2) | rsvpref (group 3),PROVISIONAL_SINGLE_INTERVENTION,1,RSV,NCT05096208,https://clinicaltrials.gov/study/NCT05096208,2023-04-12,2023-04-12,"Not an independently verified unique active drug; requires alias, arm and regimen review."
PFE,PFIZER INC,placebo | sisunatovir,PROVISIONAL_SINGLE_INTERVENTION,1,Respiratory Syncytial Virus Infection,NCT06079320,https://clinicaltrials.gov/study/NCT06079320,2025-11-10,2025-11-10,"Not an independently verified unique active drug; requires alias, arm and regimen review."
PFE,PFIZER INC,placebo | sitaxsentan,PROVISIONAL_SINGLE_INTERVENTION,1,Pulmonary Arterial Hypertension | Pulmonary Hypertension,NCT00795639,https://clinicaltrials.gov/study/NCT00795639,2012-03-01,2012-03-01,"Not an independently verified unique active drug; requires alias, arm and regimen review."
PFE,PFIZER INC,placebo | somatropin,PROVISIONAL_SINGLE_INTERVENTION,1,Growth Hormone Deficiency,NCT00630487,https://clinicaltrials.gov/study/NCT00630487,2011-01-27,2011-01-27,"Not an independently verified unique active drug; requires alias, arm and regimen review."
PFE,PFIZER INC,placebo | su011248,PROVISIONAL_SINGLE_INTERVENTION,1,Gastrointestinal Stromal Tumor,NCT00075218,https://clinicaltrials.gov/study/NCT00075218,2009-09-28,2009-09-28,"Not an independently verified unique active drug; requires alias, arm and regimen review."
PFE,PFIZER INC,placebo | sunitinib malate,PROVISIONAL_SINGLE_INTERVENTION,1,"Carcinoma, Islet Cell | Carcinoma, Pancreas",NCT00428597,https://clinicaltrials.gov/study/NCT00428597,2010-10-11,2010-10-11,"Not an independently verified unique active drug; requires alias, arm and regimen review."
PFE,PFIZER INC,placebo | tafamidis,PROVISIONAL_SINGLE_INTERVENTION,1,Transthyretin (TTR) Amyloid Cardiomyopathy,NCT01994889,https://clinicaltrials.gov/study/NCT01994889,2019-04-03,2019-04-03,"Not an independently verified unique active drug; requires alias, arm and regimen review."
PFE,PFIZER INC,placebo | tanezumab,PROVISIONAL_SINGLE_INTERVENTION,3,"Arthritis | Osteoarthritis | Arthritis | Osteoarthritis | Osteoarthritis, Hip | Osteoarthritis, Hip | Osteoarthritis, Knee",NCT00733902 | NCT00744471 | NCT02709486,https://clinicaltrials.gov/study/NCT00733902 | https://clinicaltrials.gov/study/NCT00744471 | https://clinicaltrials.gov/study/NCT02709486,2019-06-26,2021-03-22,"Not an independently verified unique active drug; requires alias, arm and regimen review."
PFE,PFIZER INC,placebo | tofacitinib,PROVISIONAL_SINGLE_INTERVENTION,2,Ulcerative Colitis,NCT01458951 | NCT01465763,https://clinicaltrials.gov/study/NCT01458951 | https://clinicaltrials.gov/study/NCT01465763,2016-06-01,2016-06-07,"Not an independently verified unique active drug; requires alias, arm and regimen review."
PFE,PFIZER INC,placebo | vanquix auto-injector (diazepam injection),PROVISIONAL_SINGLE_INTERVENTION,1,"Epilepsies, Partial | Epilepsy | Epilepsy, Complex Partial | Epilepsy, Generalized | Seizures",NCT00319501,https://clinicaltrials.gov/study/NCT00319501,2016-08-16,2016-08-16,"Not an independently verified unique active drug; requires alias, arm and regimen review."
PFE,PFIZER INC,"placebo | varenicline (cp-526,555)",PROVISIONAL_SINGLE_INTERVENTION,1,Smoking Cessation,NCT00644969,https://clinicaltrials.gov/study/NCT00644969,2011-04-15,2011-04-15,"Not an independently verified unique active drug; requires alias, arm and regimen review."
PFE,PFIZER INC,placebo | voxelotor,PROVISIONAL_SINGLE_INTERVENTION,1,Sickle Cell Disease,NCT04218084,https://clinicaltrials.gov/study/NCT04218084,2025-06-13,2025-06-13,"Not an independently verified unique active drug; requires alias, arm and regimen review."
PFE,PFIZER INC,placebo | voxelotor only product in oral dose form,PROVISIONAL_SINGLE_INTERVENTION,1,Sickle Cell Disease,NCT05228834,https://clinicaltrials.gov/study/NCT05228834,2024-05-02,2024-05-02,"Not an independently verified unique active drug; requires alias, arm and regimen review."
PFE,PFIZER INC,placebo | zavegepant,PROVISIONAL_SINGLE_INTERVENTION,2,Migraine,NCT04571060 | NCT05989048,https://clinicaltrials.gov/study/NCT04571060 | https://clinicaltrials.gov/study/NCT05989048,2023-03-16,2026-05-22,"Not an independently verified unique active drug; requires alias, arm and regimen review."
PFE,PFIZER INC,placebo | zavegepant (bhv-3500),PROVISIONAL_SINGLE_INTERVENTION,1,COVID-19 Infection,NCT04346615,https://clinicaltrials.gov/study/NCT04346615,2024-05-02,2024-05-02,"Not an independently verified unique active drug; requires alias, arm and regimen review."
PFE,PFIZER INC,placebp | rsvpref vaccine,PROVISIONAL_SINGLE_INTERVENTION,1,Respiratory Syncytial Virus,NCT06325657,https://clinicaltrials.gov/study/NCT06325657,2026-07-02,2026-07-02,"Not an independently verified unique active drug; requires alias, arm and regimen review."
PFE,PFIZER INC,plant cell expressed recombinant glucocerebrosidase (prgcd),PROVISIONAL_SINGLE_INTERVENTION,1,Gaucher Disease,NCT00376168,https://clinicaltrials.gov/study/NCT00376168,2012-07-26,2012-07-26,"Not an independently verified unique active drug; requires alias, arm and regimen review."
PFE,PFIZER INC,pld | avelumab,PROVISIONAL_SINGLE_INTERVENTION,1,Ovarian Cancer,NCT02580058,https://clinicaltrials.gov/study/NCT02580058,2019-11-19,2019-11-19,"Not an independently verified unique active drug; requires alias, arm and regimen review."
PFE,PFIZER INC,quadrivalent influenza modrna vaccine | quadrivalent influenza vaccine,PROVISIONAL_SINGLE_INTERVENTION,1,"Influenza, Human",NCT05540522,https://clinicaltrials.gov/study/NCT05540522,2025-05-08,2025-05-08,"Not an independently verified unique active drug; requires alias, arm and regimen review."
PFE,PFIZER INC,recombinant coagulation factor ix (benefix),PROVISIONAL_SINGLE_INTERVENTION,1,Hemophilia B,NCT00364182,https://clinicaltrials.gov/study/NCT00364182,2011-08-23,2011-08-23,"Not an independently verified unique active drug; requires alias, arm and regimen review."
PFE,PFIZER INC,rimegepant,PROVISIONAL_SINGLE_INTERVENTION,1,"Migraine, With or Without Aura",NCT03266588,https://clinicaltrials.gov/study/NCT03266588,2020-07-02,2020-07-02,"Not an independently verified unique active drug; requires alias, arm and regimen review."
PFE,PFIZER INC,rimegepant 75mg orally disintegrating tablets (odt),PROVISIONAL_SINGLE_INTERVENTION,1,Acute Migraine,NCT05371652,https://clinicaltrials.gov/study/NCT05371652,2025-02-20,2025-02-20,"Not an independently verified unique active drug; requires alias, arm and regimen review."
PFE,PFIZER INC,rlp2086,PROVISIONAL_SINGLE_INTERVENTION,1,Healthy,NCT01352845,https://clinicaltrials.gov/study/NCT01352845,2016-02-23,2016-02-23,"Not an independently verified unique active drug; requires alias, arm and regimen review."
PFE,PFIZER INC,rsvpref,PROVISIONAL_SINGLE_INTERVENTION,1,RESPIRATORY SYNCYTIAL VIRUS (RSV),NCT05842967,https://clinicaltrials.gov/study/NCT05842967,2025-08-08,2025-08-08,"Not an independently verified unique active drug; requires alias, arm and regimen review."
PFE,PFIZER INC,rsvpref mdv | rsvpref sdv,PROVISIONAL_SINGLE_INTERVENTION,1,Respiratory Syncytial Virus (RSV),NCT06473519,https://clinicaltrials.gov/study/NCT06473519,2025-09-25,2025-09-25,"Not an independently verified unique active drug; requires alias, arm and regimen review."
PFE,PFIZER INC,rsvpref vaccine,PROVISIONAL_SINGLE_INTERVENTION,1,Respiratory Syncytial Virus,NCT06593587,https://clinicaltrials.gov/study/NCT06593587,2026-02-09,2026-02-09,"Not an independently verified unique active drug; requires alias, arm and regimen review."
PFE,PFIZER INC,rsvpref vaccine | seasonal inactivated influenza vaccine,PROVISIONAL_SINGLE_INTERVENTION,1,Respiratory Syncytial Virus,NCT05301322,https://clinicaltrials.gov/study/NCT05301322,2023-10-27,2023-10-27,"Not an independently verified unique active drug; requires alias, arm and regimen review."
PFE,PFIZER INC,sitaxentan,PROVISIONAL_SINGLE_INTERVENTION,2,"Hypertension, Pulmonary",NCT01204853 | NCT01210443,https://clinicaltrials.gov/study/NCT01204853 | https://clinicaltrials.gov/study/NCT01210443,2011-12-01,2011-12-14,"Not an independently verified unique active drug; requires alias, arm and regimen review."
PFE,PFIZER INC,sitaxsentan,PROVISIONAL_SINGLE_INTERVENTION,1,Pulmonary Arterial Hypertension,NCT00811018,https://clinicaltrials.gov/study/NCT00811018,2012-04-24,2012-04-24,"Not an independently verified unique active drug; requires alias, arm and regimen review."
PFE,PFIZER INC,sitaxsentan | sitaxsentan and sildenafil,PROVISIONAL_SINGLE_INTERVENTION,2,Pulmonary Arterial Hypertension | Pulmonary Hypertension,NCT00796510 | NCT00796666,https://clinicaltrials.gov/study/NCT00796510 | https://clinicaltrials.gov/study/NCT00796666,2012-02-20,2012-02-29,"Not an independently verified unique active drug; requires alias, arm and regimen review."
PFE,PFIZER INC,somatropin,PROVISIONAL_SINGLE_INTERVENTION,5,"Endocrine System Diseases | Growth Hormone Deficiency | Growth Hormone Therapy | Infant, Small for Gestational Age",NCT00163189 | NCT00163215 | NCT00174187 | NCT00174291 | NCT00625872,https://clinicaltrials.gov/study/NCT00163189 | https://clinicaltrials.gov/study/NCT00163215 | https://clinicaltrials.gov/study/NCT00174187 | https://clinicaltrials.gov/study/NCT00174291 | https://clinicaltrials.gov/study/NCT00625872,2012-02-29,2015-06-25,"Not an independently verified unique active drug; requires alias, arm and regimen review."
PFE,PFIZER INC,somatropin - gh naïve pediatric cohort | somatropin - gh treated cohort | somatropin - adult cohort,PROVISIONAL_SINGLE_INTERVENTION,1,Prader-Willi Syndrome,NCT04697381,https://clinicaltrials.gov/study/NCT04697381,2024-06-05,2024-06-05,"Not an independently verified unique active drug; requires alias, arm and regimen review."
PFE,PFIZER INC,sorafenib | sunitinib malate,PROVISIONAL_SINGLE_INTERVENTION,1,"Carcinoma, Hepatocellular",NCT00699374,https://clinicaltrials.gov/study/NCT00699374,2013-01-14,2013-01-14,"Not an independently verified unique active drug; requires alias, arm and regimen review."
PFE,PFIZER INC,sorafenib | temsirolimus (torisel),PROVISIONAL_SINGLE_INTERVENTION,1,Renal Cell Carcinoma,NCT00474786,https://clinicaltrials.gov/study/NCT00474786,2013-03-07,2013-03-07,"Not an independently verified unique active drug; requires alias, arm and regimen review."
PFE,PFIZER INC,standard of care fix replacement therapy | standard of care fviii replacement therapy,PROVISIONAL_SINGLE_INTERVENTION,1,Hemophilia A | Hemophilia B,NCT03587116,https://clinicaltrials.gov/study/NCT03587116,2025-11-06,2025-11-06,"Not an independently verified unique active drug; requires alias, arm and regimen review."
PFE,PFIZER INC,sunitinib malate,PROVISIONAL_SINGLE_INTERVENTION,1,Kidney Neoplasms,NCT00375674,https://clinicaltrials.gov/study/NCT00375674,2017-08-18,2017-08-18,"Not an independently verified unique active drug; requires alias, arm and regimen review."
PFE,PFIZER INC,sunitinib malate | taxotere,PROVISIONAL_SINGLE_INTERVENTION,1,Breast Neoplasms,NCT00393939,https://clinicaltrials.gov/study/NCT00393939,2011-02-28,2011-02-28,"Not an independently verified unique active drug; requires alias, arm and regimen review."
PFE,PFIZER INC,sunitinib | bevacizumab | paclitaxel,PROVISIONAL_SINGLE_INTERVENTION,1,Breast Neoplasms,NCT00373256,https://clinicaltrials.gov/study/NCT00373256,2010-10-08,2010-10-08,"Not an independently verified unique active drug; requires alias, arm and regimen review."
PFE,PFIZER INC,tafamidis,PROVISIONAL_SINGLE_INTERVENTION,4,ATTR-CM | TTR-CM | ATTR-PN | Transthyretin (TTR) Amyloid Cardiomyopathy | Transthyretin Familial Amyloid Polyneuropathy,NCT00925002 | NCT00935012 | NCT01435655 | NCT02791230,https://clinicaltrials.gov/study/NCT00925002 | https://clinicaltrials.gov/study/NCT00935012 | https://clinicaltrials.gov/study/NCT01435655 | https://clinicaltrials.gov/study/NCT02791230,2015-09-09,2025-02-03,"Not an independently verified unique active drug; requires alias, arm and regimen review."
PFE,PFIZER INC,taliglucerase alfa,PROVISIONAL_SINGLE_INTERVENTION,4,Gaucher Disease,NCT00705939 | NCT00712348 | NCT01411228 | NCT01422187,https://clinicaltrials.gov/study/NCT00705939 | https://clinicaltrials.gov/study/NCT00712348 | https://clinicaltrials.gov/study/NCT01411228 | https://clinicaltrials.gov/study/NCT01422187,2014-06-05,2016-01-18,"Not an independently verified unique active drug; requires alias, arm and regimen review."
PFE,PFIZER INC,tanezumab,PROVISIONAL_SINGLE_INTERVENTION,5,Bone Metastasis | Cancer Pain | Osteoarthritis,NCT00809783 | NCT00863772 | NCT00960804 | NCT01127893 | NCT02609828,https://clinicaltrials.gov/study/NCT00809783 | https://clinicaltrials.gov/study/NCT00863772 | https://clinicaltrials.gov/study/NCT00960804 | https://clinicaltrials.gov/study/NCT01127893 | https://clinicaltrials.gov/study/NCT02609828,2021-02-04,2023-01-20,"Not an independently verified unique active drug; requires alias, arm and regimen review."
PFE,PFIZER INC,tanezumab 2.5 mg | tanezumab 2.5mg/5mg,PROVISIONAL_SINGLE_INTERVENTION,1,"Osteoarthritis, Hip | Osteoarthritis, Knee",NCT02697773,https://clinicaltrials.gov/study/NCT02697773,2019-04-23,2019-04-23,"Not an independently verified unique active drug; requires alias, arm and regimen review."
PFE,PFIZER INC,tbe vaccine 0.25 ml | tbe vaccine 0.5 ml,PROVISIONAL_SINGLE_INTERVENTION,1,Tick-Borne Encephalitis,NCT04648241,https://clinicaltrials.gov/study/NCT04648241,2023-11-22,2023-11-22,"Not an independently verified unique active drug; requires alias, arm and regimen review."
PFE,PFIZER INC,tick-borne encephalitis (tbe) vaccine (inactivated),PROVISIONAL_SINGLE_INTERVENTION,1,"Encephalitis, Tick-Borne",NCT00840801,https://clinicaltrials.gov/study/NCT00840801,2024-01-19,2024-01-19,"Not an independently verified unique active drug; requires alias, arm and regimen review."
PFE,PFIZER INC,tofacitinib,PROVISIONAL_SINGLE_INTERVENTION,5,Ankylosing Spondylitis | Juvenile Idiopathic Arthritis | Psoriatic Arthritis | Rheumatoid Arthritis,NCT01500551 | NCT01882439 | NCT02281552 | NCT03486457 | NCT03502616,https://clinicaltrials.gov/study/NCT01500551 | https://clinicaltrials.gov/study/NCT01882439 | https://clinicaltrials.gov/study/NCT02281552 | https://clinicaltrials.gov/study/NCT03486457 | https://clinicaltrials.gov/study/NCT03502616,2017-09-15,2026-03-23,"Not an independently verified unique active drug; requires alias, arm and regimen review."
PFE,PFIZER INC,treatment,PROVISIONAL_SINGLE_INTERVENTION,1,Non Squamous Lung Cancer,NCT01154140,https://clinicaltrials.gov/study/NCT01154140,2015-01-05,2015-01-05,"Not an independently verified unique active drug; requires alias, arm and regimen review."
PFE,PFIZER INC,vaccine-13vpnc,PROVISIONAL_SINGLE_INTERVENTION,1,Pneumococcal Infections,NCT01432262,https://clinicaltrials.gov/study/NCT01432262,2013-01-08,2013-01-08,"Not an independently verified unique active drug; requires alias, arm and regimen review."
PFE,PFIZER INC,varenicline tartarate | placebo,PROVISIONAL_SINGLE_INTERVENTION,1,Smoking Cessation,NCT00285012,https://clinicaltrials.gov/study/NCT00285012,2009-12-03,2009-12-03,"Not an independently verified unique active drug; requires alias, arm and regimen review."
PFE,PFIZER INC,varenicline | placebo,PROVISIONAL_SINGLE_INTERVENTION,1,Smoking Cessation,NCT00282984,https://clinicaltrials.gov/study/NCT00282984,2009-04-29,2009-04-29,"Not an independently verified unique active drug; requires alias, arm and regimen review."
PFE,PFIZER INC,vla15,PROVISIONAL_SINGLE_INTERVENTION,1,Lyme Disease,NCT05634811,https://clinicaltrials.gov/study/NCT05634811,2026-05-07,2026-05-07,"Not an independently verified unique active drug; requires alias, arm and regimen review."
PFE,PFIZER INC,voriconazole,PROVISIONAL_SINGLE_INTERVENTION,3,Aspergillosis | Candidiasis | Invasive Aspergillosis,NCT00159822 | NCT00836875 | NCT01092832,https://clinicaltrials.gov/study/NCT00159822 | https://clinicaltrials.gov/study/NCT00836875 | https://clinicaltrials.gov/study/NCT01092832,2010-01-07,2015-08-17,"Not an independently verified unique active drug; requires alias, arm and regimen review."
PFE,PFIZER INC,voriconazole (vfend),PROVISIONAL_SINGLE_INTERVENTION,1,Possible Fungal Infection,NCT00150345,https://clinicaltrials.gov/study/NCT00150345,2010-08-18,2010-08-18,"Not an independently verified unique active drug; requires alias, arm and regimen review."
PFE,PFIZER INC,voxelotor,PROVISIONAL_SINGLE_INTERVENTION,3,Sickle Cell Disease,NCT03036813 | NCT03573882 | NCT04188509,https://clinicaltrials.gov/study/NCT03036813 | https://clinicaltrials.gov/study/NCT03573882 | https://clinicaltrials.gov/study/NCT04188509,2021-01-07,2025-11-18,"Not an independently verified unique active drug; requires alias, arm and regimen review."
PFE,PFIZER INC,voxelotor oral tablet,PROVISIONAL_SINGLE_INTERVENTION,1,Leg Ulcers | Sickle Cell Disease,NCT05561140,https://clinicaltrials.gov/study/NCT05561140,2025-07-09,2025-07-09,"Not an independently verified unique active drug; requires alias, arm and regimen review."
PFE,PFIZER INC,xiapex,PROVISIONAL_SINGLE_INTERVENTION,1,Dupuytren's Contracture,NCT01229436,https://clinicaltrials.gov/study/NCT01229436,2014-03-17,2014-03-17,"Not an independently verified unique active drug; requires alias, arm and regimen review."
PFE,PFIZER INC,xyntha,PROVISIONAL_SINGLE_INTERVENTION,1,Hemophilia A,NCT00868530,https://clinicaltrials.gov/study/NCT00868530,2011-02-08,2011-02-08,"Not an independently verified unique active drug; requires alias, arm and regimen review."
PFE,PFIZER INC,zavegepant (bhv-3500),PROVISIONAL_SINGLE_INTERVENTION,1,Acute Migraine,NCT04408794,https://clinicaltrials.gov/study/NCT04408794,2023-03-16,2023-03-16,"Not an independently verified unique active drug; requires alias, arm and regimen review."
PFE,PFIZER INC,zavegepant | zavegepant matching placebo,PROVISIONAL_SINGLE_INTERVENTION,1,Migraine,NCT03872453,https://clinicaltrials.gov/study/NCT03872453,2022-10-13,2022-10-13,"Not an independently verified unique active drug; requires alias, arm and regimen review."
PHAT,"Phathom Pharmaceuticals, Inc.",amoxicillin | clarithromycin | lansoprazole | vonoprazan,PROVISIONAL_SINGLE_INTERVENTION,1,Helicobacter Pylori Infection,NCT04167670,https://clinicaltrials.gov/study/NCT04167670,2022-04-05,2022-04-05,"Not an independently verified unique active drug; requires alias, arm and regimen review."
PHAT,"Phathom Pharmaceuticals, Inc.",lansoprazole | vonoprazan,PROVISIONAL_SINGLE_INTERVENTION,1,Erosive Esophagitis,NCT04124926,https://clinicaltrials.gov/study/NCT04124926,2022-07-29,2022-07-29,"Not an independently verified unique active drug; requires alias, arm and regimen review."
PHAT,"Phathom Pharmaceuticals, Inc.",placebo | vonoprazan,PROVISIONAL_SINGLE_INTERVENTION,1,Heartburn | Non-Erosive Gastro-Esophageal Reflux Disease,NCT05195528,https://clinicaltrials.gov/study/NCT05195528,2023-12-29,2023-12-29,"Not an independently verified unique active drug; requires alias, arm and regimen review."
PTCT,"PTC THERAPEUTICS, INC.",ataluren,PROVISIONAL_SINGLE_INTERVENTION,6,"Becker Muscular Dystrophy | Duchenne Muscular Dystrophy | Dystrophinopathy | Cystic Fibrosis | Duchenne Muscular Dystrophy | Genetic Diseases, Inborn | Genetic Diseases, X-Linked | Muscular Diseases | Muscular Disorders, Atrophic | Muscular Dystrophies | Muscular Dystrophy, Duchenne | Musculoskeletal Diseases | Nervous System Diseases | Neuromuscular Diseases",NCT01140451 | NCT01247207 | NCT01557400 | NCT02090959 | NCT02107859 | NCT02456103,https://clinicaltrials.gov/study/NCT01140451 | https://clinicaltrials.gov/study/NCT01247207 | https://clinicaltrials.gov/study/NCT01557400 | https://clinicaltrials.gov/study/NCT02090959 | https://clinicaltrials.gov/study/NCT02107859 | https://clinicaltrials.gov/study/NCT02456103,2020-03-25,2026-10-08,"Not an independently verified unique active drug; requires alias, arm and regimen review."
PTCT,"PTC THERAPEUTICS, INC.",ataluren (ptc124®) | placebo,PROVISIONAL_SINGLE_INTERVENTION,1,Cystic Fibrosis,NCT02139306,https://clinicaltrials.gov/study/NCT02139306,2020-05-14,2020-05-14,"Not an independently verified unique active drug; requires alias, arm and regimen review."
PTCT,"PTC THERAPEUTICS, INC.",ataluren | placebo,PROVISIONAL_SINGLE_INTERVENTION,3,"Cystic Fibrosis | Genetic Diseases, Inborn | Genetic Diseases, X-Linked | Muscular Diseases | Muscular Disorders, Atrophic | Muscular Dystrophies | Muscular Dystrophy, Duchenne | Musculoskeletal Disease | Nervous System Diseases | Neuromuscular Diseases | Genetic Diseases, Inborn | Genetic Diseases, X-Linked | Muscular Diseases | Muscular Disorders, Atrophic | Muscular Dystrophies | Muscular Dystrophy, Duchenne | Musculoskeletal Diseases | Nervous System Diseases | Neuromuscular Diseases",NCT00803205 | NCT01826487 | NCT03179631,https://clinicaltrials.gov/study/NCT00803205 | https://clinicaltrials.gov/study/NCT01826487 | https://clinicaltrials.gov/study/NCT03179631,2020-05-14,2026-03-10,"Not an independently verified unique active drug; requires alias, arm and regimen review."
PTCT,"PTC THERAPEUTICS, INC.",dacarbazine | unesbulin,PROVISIONAL_SINGLE_INTERVENTION,1,Leiomyosarcoma,NCT05269355,https://clinicaltrials.gov/study/NCT05269355,2025-06-13,2025-06-13,"Not an independently verified unique active drug; requires alias, arm and regimen review."
PTCT,"PTC THERAPEUTICS, INC.",deflazacort,PROVISIONAL_SINGLE_INTERVENTION,1,Limb-Girdle Muscular Dystrophy,NCT03783923,https://clinicaltrials.gov/study/NCT03783923,2022-06-27,2022-06-27,"Not an independently verified unique active drug; requires alias, arm and regimen review."
PTCT,"PTC THERAPEUTICS, INC.",placebo | vatiquinone,PROVISIONAL_SINGLE_INTERVENTION,1,Friedreich Ataxia,NCT04577352,https://clinicaltrials.gov/study/NCT04577352,2026-04-08,2026-04-08,"Not an independently verified unique active drug; requires alias, arm and regimen review."
PTCT,"PTC THERAPEUTICS, INC.",ptc299 | placebo,PROVISIONAL_SINGLE_INTERVENTION,1,COVID-19 | Coronavirus | Pneumonia,NCT04439071,https://clinicaltrials.gov/study/NCT04439071,2023-06-26,2023-06-26,"Not an independently verified unique active drug; requires alias, arm and regimen review."
PTCT,"PTC THERAPEUTICS, INC.",ptc923 | placebo,PROVISIONAL_SINGLE_INTERVENTION,1,Phenylketonuria,NCT05099640,https://clinicaltrials.gov/study/NCT05099640,2024-01-10,2024-01-10,"Not an independently verified unique active drug; requires alias, arm and regimen review."
PTCT,"PTC THERAPEUTICS, INC.",vatiquinone,PROVISIONAL_SINGLE_INTERVENTION,2,Alpers Disease | Alpers Syndrome | Drug Resistant Epilepsy | Leigh Disease | Leigh Syndrome | Mitochondrial Diseases | Mitochondrial Encephalopathy (MELAS) | Pontocerebellar Hypoplasia Type 6 (PCH6) | Inherited Mitochondrial Disease,NCT04378075 | NCT05218655,https://clinicaltrials.gov/study/NCT04378075 | https://clinicaltrials.gov/study/NCT05218655,2025-12-22,2026-03-25,"Not an independently verified unique active drug; requires alias, arm and regimen review."
PTN,PALATIN TECHNOLOGIES INC,bremelanotide,PROVISIONAL_SINGLE_INTERVENTION,1,Hypoactive Sexual Desire Disorder,NCT02333071,https://clinicaltrials.gov/study/NCT02333071,2020-12-23,2020-12-23,"Not an independently verified unique active drug; requires alias, arm and regimen review."
PTN,PALATIN TECHNOLOGIES INC,bremelanotide | placebo,PROVISIONAL_SINGLE_INTERVENTION,1,Hypoactive Sexual Desire Disorder,NCT02338960,https://clinicaltrials.gov/study/NCT02338960,2021-01-28,2021-01-28,"Not an independently verified unique active drug; requires alias, arm and regimen review."
RARE,Ultragenyx Pharmaceutical Inc.,aceneuramic acid extended-release tablets,PROVISIONAL_SINGLE_INTERVENTION,1,"Distal Myopathy With Rimmed Vacuoles | Distal Myopathy, Nonaka Type | GNE Myopathy | Hereditary Inclusion Body Myopathy | Quadriceps Sparing Myopathy",NCT02736188,https://clinicaltrials.gov/study/NCT02736188,2019-02-19,2019-02-19,"Not an independently verified unique active drug; requires alias, arm and regimen review."
RARE,Ultragenyx Pharmaceutical Inc.,placebo | aceneuramic acid extended-release (ace-er),PROVISIONAL_SINGLE_INTERVENTION,1,"Distal Myopathy With Rimmed Vacuoles | Distal Myopathy, Nonaka Type | GNE Myopathy | Hereditary Inclusion Body Myopathy",NCT02377921,https://clinicaltrials.gov/study/NCT02377921,2018-07-09,2018-07-09,"Not an independently verified unique active drug; requires alias, arm and regimen review."
RARE,Ultragenyx Pharmaceutical Inc.,placebo | ux007,PROVISIONAL_SINGLE_INTERVENTION,1,Glucose Transporter Type 1 Deficiency Syndrome (Glut1 DS),NCT02960217,https://clinicaltrials.gov/study/NCT02960217,2020-04-24,2020-04-24,"Not an independently verified unique active drug; requires alias, arm and regimen review."
RARE,Ultragenyx Pharmaceutical Inc.,ux003,PROVISIONAL_SINGLE_INTERVENTION,2,MPS 7 | MPS VII | Mucopolysaccharidosis | Sly Syndrome | MPS VII | Mucopolysaccharidosis | Mucopolysaccharidosis VII | Sly Syndrome,NCT02230566 | NCT02432144,https://clinicaltrials.gov/study/NCT02230566 | https://clinicaltrials.gov/study/NCT02432144,2018-02-19,2019-07-30,"Not an independently verified unique active drug; requires alias, arm and regimen review."
RDHL,RedHill Biopharma Ltd.,active comparator | rhb-105,PROVISIONAL_SINGLE_INTERVENTION,1,Dyspepsia | Helicobacter Pylori Infection,NCT03198507,https://clinicaltrials.gov/study/NCT03198507,2020-03-16,2020-03-16,"Not an independently verified unique active drug; requires alias, arm and regimen review."
RDHL,RedHill Biopharma Ltd.,opaganib | placebo,PROVISIONAL_SINGLE_INTERVENTION,1,COVID-19 | Lung Infection,NCT04467840,https://clinicaltrials.gov/study/NCT04467840,2023-10-19,2023-10-19,"Not an independently verified unique active drug; requires alias, arm and regimen review."
RDHL,RedHill Biopharma Ltd.,part a and b: placebo | part a: upamostat 200 mg | part a: upamostat 400 mg | part b: upamostat 200 or 400 mg,PROVISIONAL_SINGLE_INTERVENTION,1,Covid19,NCT04723537,https://clinicaltrials.gov/study/NCT04723537,2024-06-06,2024-06-06,"Not an independently verified unique active drug; requires alias, arm and regimen review."
RDHL,RedHill Biopharma Ltd.,placebo oral tablet | rhb-102,PROVISIONAL_SINGLE_INTERVENTION,1,Gastritis | Gastroenteritis,NCT02246439,https://clinicaltrials.gov/study/NCT02246439,2019-02-20,2019-02-20,"Not an independently verified unique active drug; requires alias, arm and regimen review."
RDHL,RedHill Biopharma Ltd.,placebo | rhb-104,PROVISIONAL_SINGLE_INTERVENTION,1,Crohn's Disease,NCT01951326,https://clinicaltrials.gov/study/NCT01951326,2020-05-01,2020-05-01,"Not an independently verified unique active drug; requires alias, arm and regimen review."
RDHL,RedHill Biopharma Ltd.,placebo | rhb-105,PROVISIONAL_SINGLE_INTERVENTION,1,Dyspepsia | Helicobacter Pylori Infection,NCT01980095,https://clinicaltrials.gov/study/NCT01980095,2017-01-10,2017-01-10,"Not an independently verified unique active drug; requires alias, arm and regimen review."
RDHL,RedHill Biopharma Ltd.,"rhb-104 (fixed-dose combination: 95 mg clarithromycin, 45 mg rifabutin, and 10 mg clofazimine)",PROVISIONAL_SINGLE_INTERVENTION,1,Crohn Disease,NCT03009396,https://clinicaltrials.gov/study/NCT03009396,2021-02-24,2021-02-24,"Not an independently verified unique active drug; requires alias, arm and regimen review."
REGN,"REGENERON PHARMACEUTICALS, INC.",aflibercept,PROVISIONAL_SINGLE_INTERVENTION,1,Retinopathy of Prematurity,NCT04101721,https://clinicaltrials.gov/study/NCT04101721,2023-07-20,2023-07-20,"Not an independently verified unique active drug; requires alias, arm and regimen review."
REGN,"REGENERON PHARMACEUTICALS, INC.",aflibercept 8 mg,PROVISIONAL_SINGLE_INTERVENTION,1,Diabetic Macular Edema | Neovascular Age-Related Macular Degeneration,NCT06491914,https://clinicaltrials.gov/study/NCT06491914,2026-09-18,2026-09-18,"Not an independently verified unique active drug; requires alias, arm and regimen review."
REGN,"REGENERON PHARMACEUTICALS, INC.",aflibercept 8 mg pfs,PROVISIONAL_SINGLE_INTERVENTION,1,Diabetic Macular Edema (DME) | Neovascular Age-Related Macular Degeneration (nAMD),NCT05989126,https://clinicaltrials.gov/study/NCT05989126,2026-05-28,2026-05-28,"Not an independently verified unique active drug; requires alias, arm and regimen review."
REGN,"REGENERON PHARMACEUTICALS, INC.","aflibercept injection (vegf trap-eye, bay86-5321) | ranibizumab",PROVISIONAL_SINGLE_INTERVENTION,1,Macular Degeneration,NCT00509795,https://clinicaltrials.gov/study/NCT00509795,2012-04-16,2012-04-16,"Not an independently verified unique active drug; requires alias, arm and regimen review."
REGN,"REGENERON PHARMACEUTICALS, INC.",alirocumab | atorvastatin | ezetimibe | placebo,PROVISIONAL_SINGLE_INTERVENTION,1,Hypercholesterolemia,NCT01709513,https://clinicaltrials.gov/study/NCT01709513,2015-08-28,2015-08-28,"Not an independently verified unique active drug; requires alias, arm and regimen review."
REGN,"REGENERON PHARMACEUTICALS, INC.",alirocumab | atorvastatin | ezetimibe | placebo | rosuvastatin,PROVISIONAL_SINGLE_INTERVENTION,1,Hypercholesterolemia,NCT01730040,https://clinicaltrials.gov/study/NCT01730040,2015-08-31,2015-08-31,"Not an independently verified unique active drug; requires alias, arm and regimen review."
REGN,"REGENERON PHARMACEUTICALS, INC.",alirocumab | ezetimibe | placebo | rosuvastatin,PROVISIONAL_SINGLE_INTERVENTION,1,Hypercholesterolemia,NCT01730053,https://clinicaltrials.gov/study/NCT01730053,2015-10-28,2015-10-28,"Not an independently verified unique active drug; requires alias, arm and regimen review."
REGN,"REGENERON PHARMACEUTICALS, INC.",alirocumab | placebo,PROVISIONAL_SINGLE_INTERVENTION,2,Heterozygous Familial Hypercholesterolemia | Homozygous Familial Hypercholesterolemia,NCT02326220 | NCT03156621,https://clinicaltrials.gov/study/NCT02326220 | https://clinicaltrials.gov/study/NCT03156621,2020-05-01,2021-06-29,"Not an independently verified unique active drug; requires alias, arm and regimen review."
REGN,"REGENERON PHARMACEUTICALS, INC.",alirocumab | placebo (for alirocumab) | statin,PROVISIONAL_SINGLE_INTERVENTION,1,Hypercholesterolemia,NCT01926782,https://clinicaltrials.gov/study/NCT01926782,2017-03-21,2017-03-21,"Not an independently verified unique active drug; requires alias, arm and regimen review."
REGN,"REGENERON PHARMACEUTICALS, INC.",allopurinol | placebo | rilonacept,PROVISIONAL_SINGLE_INTERVENTION,1,Gout,NCT01459796,https://clinicaltrials.gov/study/NCT01459796,2017-07-18,2017-07-18,"Not an independently verified unique active drug; requires alias, arm and regimen review."
REGN,"REGENERON PHARMACEUTICALS, INC.",carboplatin | cisplatin | gemcitabine | paclitaxel | pemetrexed | cemiplimab,PROVISIONAL_SINGLE_INTERVENTION,1,"Carcinoma，Non-Small-Cell Lung | Lung Carcinomas, Non-Small-Cell | Non-small-cell Lung Carcinoma | Nonsmall Cell Lung Cancer",NCT03088540,https://clinicaltrials.gov/study/NCT03088540,2026-06-25,2026-06-25,"Not an independently verified unique active drug; requires alias, arm and regimen review."
REGN,"REGENERON PHARMACEUTICALS, INC.",casirivimab+imdevimab combination therapy,PROVISIONAL_SINGLE_INTERVENTION,1,COVID-19,NCT04425629,https://clinicaltrials.gov/study/NCT04425629,2023-12-21,2023-12-21,"Not an independently verified unique active drug; requires alias, arm and regimen review."
REGN,"REGENERON PHARMACEUTICALS, INC.",cemdisiran | eculizumab | pozelimab | ravulizumab,PROVISIONAL_SINGLE_INTERVENTION,1,Paroxysmal Nocturnal Hemoglobinuria,NCT05131204,https://clinicaltrials.gov/study/NCT05131204,2024-09-19,2024-09-19,"Not an independently verified unique active drug; requires alias, arm and regimen review."
REGN,"REGENERON PHARMACEUTICALS, INC.",cemiplimab | investigator choice (ic) chemotherapy,PROVISIONAL_SINGLE_INTERVENTION,1,"Recurrent or Metastatic, Platinum-refractory Cervical Cancer | Squamous Cell Carcinoma (SCC)",NCT03257267,https://clinicaltrials.gov/study/NCT03257267,2022-04-06,2022-04-06,"Not an independently verified unique active drug; requires alias, arm and regimen review."
REGN,"REGENERON PHARMACEUTICALS, INC.",cmp-001 | nivolumab,PROVISIONAL_SINGLE_INTERVENTION,1,Advanced Melanoma | Melanoma | Metastatic Melanoma | Unresectable Melanoma,NCT04695977,https://clinicaltrials.gov/study/NCT04695977,2025-09-05,2025-09-05,"Not an independently verified unique active drug; requires alias, arm and regimen review."
REGN,"REGENERON PHARMACEUTICALS, INC.",dupilumab,PROVISIONAL_SINGLE_INTERVENTION,1,Atopic Dermatitis,NCT01949311,https://clinicaltrials.gov/study/NCT01949311,2023-10-17,2023-10-17,"Not an independently verified unique active drug; requires alias, arm and regimen review."
REGN,"REGENERON PHARMACEUTICALS, INC.",dupilumab | matching placebo,PROVISIONAL_SINGLE_INTERVENTION,4,"Atopic Dermatitis | Dermatitis, Atopic | Eosinophilic Esophagitis (EoE)",NCT02755649 | NCT03345914 | NCT03346434 | NCT04394351,https://clinicaltrials.gov/study/NCT02755649 | https://clinicaltrials.gov/study/NCT03345914 | https://clinicaltrials.gov/study/NCT03346434 | https://clinicaltrials.gov/study/NCT04394351,2020-08-13,2024-08-27,"Not an independently verified unique active drug; requires alias, arm and regimen review."
REGN,"REGENERON PHARMACEUTICALS, INC.",dupilumab | placebo,PROVISIONAL_SINGLE_INTERVENTION,3,"Atopic Dermatitis | Dermatitis, Atopic | Dermatitis, Dermatitis Atopic | Disease, Eczematous Skin | Diseases Genetic, Genetic | Diseases Inborn, Skin | Eczema, Skin Diseases, Skin | Hypersensitivity, Immediate | Hypersensitivity, Immune System Diseases | Moderate-to-Severe Atopic Dermatitis | Eosinophilic Esophagitis",NCT02395133 | NCT03054428 | NCT03633617,https://clinicaltrials.gov/study/NCT02395133 | https://clinicaltrials.gov/study/NCT03054428 | https://clinicaltrials.gov/study/NCT03633617,2018-10-17,2022-12-28,"Not an independently verified unique active drug; requires alias, arm and regimen review."
REGN,"REGENERON PHARMACEUTICALS, INC.",dupilumab | placebo (for dupilumab),PROVISIONAL_SINGLE_INTERVENTION,3,"Atopic Dermatitis | Dermatitis, Atopic",NCT02260986 | NCT02277743 | NCT02277769,https://clinicaltrials.gov/study/NCT02260986 | https://clinicaltrials.gov/study/NCT02277743 | https://clinicaltrials.gov/study/NCT02277769,2017-10-16,2017-11-21,"Not an independently verified unique active drug; requires alias, arm and regimen review."
REGN,"REGENERON PHARMACEUTICALS, INC.",evinacumab,PROVISIONAL_SINGLE_INTERVENTION,2,Homozygous Familial Hypercholesterolemia,NCT03409744 | NCT04233918,https://clinicaltrials.gov/study/NCT03409744 | https://clinicaltrials.gov/study/NCT04233918,2023-06-07,2024-04-30,"Not an independently verified unique active drug; requires alias, arm and regimen review."
REGN,"REGENERON PHARMACEUTICALS, INC.",fasinumab | fasinumab-matching placebo | naproxen | naproxen-matching placebo,PROVISIONAL_SINGLE_INTERVENTION,1,"Osteoarthritis, Hip | Osteoarthritis, Knee",NCT03161093,https://clinicaltrials.gov/study/NCT03161093,2022-11-14,2022-11-14,"Not an independently verified unique active drug; requires alias, arm and regimen review."
REGN,"REGENERON PHARMACEUTICALS, INC.",fasinumab | matching placebo,PROVISIONAL_SINGLE_INTERVENTION,1,"Osteoarthritis, Hip | Osteoarthritis, Knee",NCT03304379,https://clinicaltrials.gov/study/NCT03304379,2023-02-24,2023-02-24,"Not an independently verified unique active drug; requires alias, arm and regimen review."
REGN,"REGENERON PHARMACEUTICALS, INC.",fasinumab | placebo,PROVISIONAL_SINGLE_INTERVENTION,3,Chronic Low Back Pain | Osteoarthritis | Low Back Pain | Osteoarthritis of the Knee or Hip,NCT02620020 | NCT02683239 | NCT03285646,https://clinicaltrials.gov/study/NCT02620020 | https://clinicaltrials.gov/study/NCT02683239 | https://clinicaltrials.gov/study/NCT03285646,2019-08-01,2023-10-13,"Not an independently verified unique active drug; requires alias, arm and regimen review."
REGN,"REGENERON PHARMACEUTICALS, INC.",high-dose aflibercept | aflibercept,PROVISIONAL_SINGLE_INTERVENTION,1,Diabetic Macular Edema | Type 1 Diabetes Mellitus | Type 2 Diabetes Mellitus,NCT04429503,https://clinicaltrials.gov/study/NCT04429503,2023-11-21,2023-11-21,"Not an independently verified unique active drug; requires alias, arm and regimen review."
REGN,"REGENERON PHARMACEUTICALS, INC.",indomethacin | rilonacept,PROVISIONAL_SINGLE_INTERVENTION,1,Acute Gout Flare,NCT00855920,https://clinicaltrials.gov/study/NCT00855920,2017-04-28,2017-04-28,"Not an independently verified unique active drug; requires alias, arm and regimen review."
REGN,"REGENERON PHARMACEUTICALS, INC.",intravitreal aflibercept injection (iai; eylea®; bay86-5321),PROVISIONAL_SINGLE_INTERVENTION,1,Diabetic Macular Edema,NCT01363440,https://clinicaltrials.gov/study/NCT01363440,2015-04-20,2015-04-20,"Not an independently verified unique active drug; requires alias, arm and regimen review."
REGN,"REGENERON PHARMACEUTICALS, INC.",intravitreal aflibercept injection (iai;eylea®;bay86-5321),PROVISIONAL_SINGLE_INTERVENTION,1,Branch Retinal Vein Occlusion,NCT01521559,https://clinicaltrials.gov/study/NCT01521559,2014-11-13,2014-11-13,"Not an independently verified unique active drug; requires alias, arm and regimen review."
REGN,"REGENERON PHARMACEUTICALS, INC.",intravitreal aflibercept injection 2mg,PROVISIONAL_SINGLE_INTERVENTION,1,Neovascular Age-related Macular Degeneration,NCT00964795,https://clinicaltrials.gov/study/NCT00964795,2015-03-23,2015-03-23,"Not an independently verified unique active drug; requires alias, arm and regimen review."
REGN,"REGENERON PHARMACEUTICALS, INC.",intravitreal aflibercept injection [iai] | sham,PROVISIONAL_SINGLE_INTERVENTION,1,Nonproliferative Diabetic Retinopathy,NCT02718326,https://clinicaltrials.gov/study/NCT02718326,2019-11-21,2019-11-21,"Not an independently verified unique active drug; requires alias, arm and regimen review."
REGN,"REGENERON PHARMACEUTICALS, INC.","lmt (atorvastatin, simvastatin, or rosuvastatin) | placebo | alirocumab",PROVISIONAL_SINGLE_INTERVENTION,1,Heterozygous Familial Hypercholesterolemia,NCT01709500,https://clinicaltrials.gov/study/NCT01709500,2015-10-28,2015-10-28,"Not an independently verified unique active drug; requires alias, arm and regimen review."
REGN,"REGENERON PHARMACEUTICALS, INC.",matching placebo | oral corticosteroids (ocs) | dupilumab,PROVISIONAL_SINGLE_INTERVENTION,1,Bullous Pemphigoid,NCT04206553,https://clinicaltrials.gov/study/NCT04206553,2026-03-06,2026-03-06,"Not an independently verified unique active drug; requires alias, arm and regimen review."
REGN,"REGENERON PHARMACEUTICALS, INC.",matching placebo | regn1908-1909,PROVISIONAL_SINGLE_INTERVENTION,1,Allergic Rhinitis Due to Cat Allergy,NCT04981717,https://clinicaltrials.gov/study/NCT04981717,2024-06-11,2024-06-11,"Not an independently verified unique active drug; requires alias, arm and regimen review."
REGN,"REGENERON PHARMACEUTICALS, INC.",pembrolizumab | regn2810/chemo/ipi | regn2810/ipi,PROVISIONAL_SINGLE_INTERVENTION,1,Non-small Cell Lung Cancer,NCT03515629,https://clinicaltrials.gov/study/NCT03515629,2022-11-16,2022-11-16,"Not an independently verified unique active drug; requires alias, arm and regimen review."
REGN,"REGENERON PHARMACEUTICALS, INC.",placebo matched to suptavumab | suptavumab 30 mg/kg | suptavumab 30 mg/kg - 2 doses | suptavumab 30 mg/kg- 1 dose,PROVISIONAL_SINGLE_INTERVENTION,1,Respiratory Syncytial Virus Infections,NCT02325791,https://clinicaltrials.gov/study/NCT02325791,2018-11-06,2018-11-06,"Not an independently verified unique active drug; requires alias, arm and regimen review."
REGN,"REGENERON PHARMACEUTICALS, INC.",placebo | casirivimab+imdevimab,PROVISIONAL_SINGLE_INTERVENTION,1,Immunocompromised,NCT05074433,https://clinicaltrials.gov/study/NCT05074433,2023-07-24,2023-07-24,"Not an independently verified unique active drug; requires alias, arm and regimen review."
REGN,"REGENERON PHARMACEUTICALS, INC.",placebo | dupilumab,PROVISIONAL_SINGLE_INTERVENTION,1,Moderate to Severe Atopic Hand and Foot Dermatitis,NCT04417894,https://clinicaltrials.gov/study/NCT04417894,2023-12-22,2023-12-22,"Not an independently verified unique active drug; requires alias, arm and regimen review."
REGN,"REGENERON PHARMACEUTICALS, INC.",placebo | evinacumab,PROVISIONAL_SINGLE_INTERVENTION,1,Homozygous Familial Hypercholesterolemia,NCT03399786,https://clinicaltrials.gov/study/NCT03399786,2021-05-18,2021-05-18,"Not an independently verified unique active drug; requires alias, arm and regimen review."
REGN,"REGENERON PHARMACEUTICALS, INC.",placebo | regn10933 + regn10987,PROVISIONAL_SINGLE_INTERVENTION,1,Healthy Participants,NCT04452318,https://clinicaltrials.gov/study/NCT04452318,2023-05-15,2023-05-15,"Not an independently verified unique active drug; requires alias, arm and regimen review."
REGN,"REGENERON PHARMACEUTICALS, INC.",placebo | regn2810 | regn2810/chemo/ipi,PROVISIONAL_SINGLE_INTERVENTION,1,Non-small Cell Lung Cancer,NCT03409614,https://clinicaltrials.gov/study/NCT03409614,2026-04-29,2026-04-29,"Not an independently verified unique active drug; requires alias, arm and regimen review."
REGN,"REGENERON PHARMACEUTICALS, INC.",placebo | regn5713 | regn5714 | regn5715,PROVISIONAL_SINGLE_INTERVENTION,1,Allergic Rhinitis | Conjunctivitis,NCT04709575,https://clinicaltrials.gov/study/NCT04709575,2022-10-27,2022-10-27,"Not an independently verified unique active drug; requires alias, arm and regimen review."
REGN,"REGENERON PHARMACEUTICALS, INC.",placebo | rilonacept,PROVISIONAL_SINGLE_INTERVENTION,1,Gout,NCT00958438,https://clinicaltrials.gov/study/NCT00958438,2017-04-28,2017-04-28,"Not an independently verified unique active drug; requires alias, arm and regimen review."
REGN,"REGENERON PHARMACEUTICALS, INC.",placebo | rilonacept 160 mg,PROVISIONAL_SINGLE_INTERVENTION,1,"Familial Cold Autoinflammatory Syndrome (FCAS) | Familial Cold Urticaria | Genetic Diseases, Inborn | Muckle-Wells Syndrome (MWS)",NCT00288704,https://clinicaltrials.gov/study/NCT00288704,2009-11-13,2009-11-13,"Not an independently verified unique active drug; requires alias, arm and regimen review."
REGN,"REGENERON PHARMACEUTICALS, INC.",placebo | sarilumab,PROVISIONAL_SINGLE_INTERVENTION,1,COVID-19,NCT04315298,https://clinicaltrials.gov/study/NCT04315298,2021-09-23,2021-09-23,"Not an independently verified unique active drug; requires alias, arm and regimen review."
REGN,"REGENERON PHARMACEUTICALS, INC.",pozelimab,PROVISIONAL_SINGLE_INTERVENTION,1,CD55-deficient Protein-losing Enteropathy | CHAPLE,NCT04209634,https://clinicaltrials.gov/study/NCT04209634,2023-10-30,2023-10-30,"Not an independently verified unique active drug; requires alias, arm and regimen review."
REGN,"REGENERON PHARMACEUTICALS, INC.",regn3918,PROVISIONAL_SINGLE_INTERVENTION,1,Paroxysmal Nocturnal Hemoglobinuria,NCT04162470,https://clinicaltrials.gov/study/NCT04162470,2023-06-12,2023-06-12,"Not an independently verified unique active drug; requires alias, arm and regimen review."
REGN,"REGENERON PHARMACEUTICALS, INC.",rilonacept,PROVISIONAL_SINGLE_INTERVENTION,1,Gout,NCT00856206,https://clinicaltrials.gov/study/NCT00856206,2017-04-28,2017-04-28,"Not an independently verified unique active drug; requires alias, arm and regimen review."
REGN,"REGENERON PHARMACEUTICALS, INC.",rilonacept 160 mg | rilonacept 80 mg,PROVISIONAL_SINGLE_INTERVENTION,1,Intercritical Gout,NCT00829829,https://clinicaltrials.gov/study/NCT00829829,2017-04-28,2017-04-28,"Not an independently verified unique active drug; requires alias, arm and regimen review."
REGN,"REGENERON PHARMACEUTICALS, INC.",sham | vegf trap-eye 2.0mg,PROVISIONAL_SINGLE_INTERVENTION,1,Macular Edema Secondary to Central Retinal Vein Occlusion,NCT00943072,https://clinicaltrials.gov/study/NCT00943072,2013-05-27,2013-05-27,"Not an independently verified unique active drug; requires alias, arm and regimen review."
RIGL,RIGEL PHARMACEUTICALS INC,fostamatinib disodium,PROVISIONAL_SINGLE_INTERVENTION,1,Immune Thrombocytopenic Purpura,NCT02077192,https://clinicaltrials.gov/study/NCT02077192,2023-12-11,2023-12-11,"Not an independently verified unique active drug; requires alias, arm and regimen review."
RIGL,RIGEL PHARMACEUTICALS INC,fostamatinib disodium | placebo,PROVISIONAL_SINGLE_INTERVENTION,3,Immune Thrombocytopenic Purpura | Warm Antibody Autoimmune Hemolytic Anemia,NCT02076399 | NCT02076412 | NCT03764618,https://clinicaltrials.gov/study/NCT02076399 | https://clinicaltrials.gov/study/NCT02076412 | https://clinicaltrials.gov/study/NCT03764618,2019-01-11,2023-05-25,"Not an independently verified unique active drug; requires alias, arm and regimen review."
RLMD,"RELMADA THERAPEUTICS, INC.",placebo | rel-1017,PROVISIONAL_SINGLE_INTERVENTION,2,Major Depressive Disorder,NCT04688164 | NCT05081167,https://clinicaltrials.gov/study/NCT04688164 | https://clinicaltrials.gov/study/NCT05081167,2024-03-26,2024-03-26,"Not an independently verified unique active drug; requires alias, arm and regimen review."
RLMD,"RELMADA THERAPEUTICS, INC.",rel-1017,PROVISIONAL_SINGLE_INTERVENTION,1,Major Depressive Disorder,NCT04855760,https://clinicaltrials.gov/study/NCT04855760,2024-08-09,2024-08-09,"Not an independently verified unique active drug; requires alias, arm and regimen review."
RYTM,"RHYTHM PHARMACEUTICALS, INC.",placebo | setmelanotide,PROVISIONAL_SINGLE_INTERVENTION,4,Alström Syndrome (AS) | Bardet Biedl Syndrome (BBS) | Hypothalamic Obesity | Leptin Receptor Deficiency Obesity | Pro-opiomelanocortin (POMC) Deficiency Obesity,NCT02896192 | NCT03287960 | NCT03746522 | NCT05774756,https://clinicaltrials.gov/study/NCT02896192 | https://clinicaltrials.gov/study/NCT03287960 | https://clinicaltrials.gov/study/NCT03746522 | https://clinicaltrials.gov/study/NCT05774756,2023-05-23,2026-05-29,"Not an independently verified unique active drug; requires alias, arm and regimen review."
RYTM,"RHYTHM PHARMACEUTICALS, INC.",setmelanotide,PROVISIONAL_SINGLE_INTERVENTION,2,Bardet-Biedl Syndrome | LEPR Deficiency Obesity | PCSK1 Deficiency Obesity | POMC Deficiency Obesity | Obesity Associated With Defects in Leptin-melanocortin Pathway,NCT03651765 | NCT04966741,https://clinicaltrials.gov/study/NCT03651765 | https://clinicaltrials.gov/study/NCT04966741,2024-07-10,2025-05-31,"Not an independently verified unique active drug; requires alias, arm and regimen review."
RYTM,"RHYTHM PHARMACEUTICALS, INC.",setmelanotide 2 mg | setmelanotide 2.5 mg | setmelanotide 20 mg | setmelanotide 25 mg | setmelanotide 3 mg | setmelanotide 30 mg,PROVISIONAL_SINGLE_INTERVENTION,1,Bardet-Biedl Syndrome | POMC Deficiency,NCT05194124,https://clinicaltrials.gov/study/NCT05194124,2024-11-26,2024-11-26,"Not an independently verified unique active drug; requires alias, arm and regimen review."
SCYX,SCYNEXIS INC,echinocandin | fluconazole | scy-078,PROVISIONAL_SINGLE_INTERVENTION,1,"Candidemia | Candidiasis, Invasive",NCT05178862,https://clinicaltrials.gov/study/NCT05178862,2026-08-10,2026-08-10,"Not an independently verified unique active drug; requires alias, arm and regimen review."
SCYX,SCYNEXIS INC,fluconazole tablet | ibrexafungerp | placebo oral tablet,PROVISIONAL_SINGLE_INTERVENTION,1,Recurrent Vulvovaginal Candidiasis,NCT04029116,https://clinicaltrials.gov/study/NCT04029116,2023-06-18,2023-06-18,"Not an independently verified unique active drug; requires alias, arm and regimen review."
SCYX,SCYNEXIS INC,ibrexafungerp,PROVISIONAL_SINGLE_INTERVENTION,2,Allergic Bronchopulmonary Aspergillosis | Blastomycosis | Chronic Pulmonary Aspergillosis | Coccidioidomycosis | Histoplasmosis | Invasive Candidiasis | Invasive Pulmonary Aspergillosis | Mucocutaneous Candidiasis | Other Emerging Fungi | Recurrent Vulvovaginal Candidiasis | Vulvovaginal Candidiasis,NCT03059992 | NCT05399641,https://clinicaltrials.gov/study/NCT03059992 | https://clinicaltrials.gov/study/NCT05399641,2024-07-10,2024-11-20,"Not an independently verified unique active drug; requires alias, arm and regimen review."
SCYX,SCYNEXIS INC,ibrexafungerp | placebo,PROVISIONAL_SINGLE_INTERVENTION,2,Candida Vulvovaginitis,NCT03734991 | NCT03987620,https://clinicaltrials.gov/study/NCT03734991 | https://clinicaltrials.gov/study/NCT03987620,2021-09-08,2021-09-08,"Not an independently verified unique active drug; requires alias, arm and regimen review."
SCYX,SCYNEXIS INC,scy-078,PROVISIONAL_SINGLE_INTERVENTION,1,"Candidemia | Candidiasis, Invasive",NCT03363841,https://clinicaltrials.gov/study/NCT03363841,2024-07-03,2024-07-03,"Not an independently verified unique active drug; requires alias, arm and regimen review."
SIGA,SIGA TECHNOLOGIES INC,tecovirimat,PROVISIONAL_SINGLE_INTERVENTION,1,Smallpox,NCT02474589,https://clinicaltrials.gov/study/NCT02474589,2017-11-28,2017-11-28,"Not an independently verified unique active drug; requires alias, arm and regimen review."
SIGA,SIGA TECHNOLOGIES INC,tpoxx,PROVISIONAL_SINGLE_INTERVENTION,1,Smallpox,NCT04971109,https://clinicaltrials.gov/study/NCT04971109,2024-10-23,2024-10-23,"Not an independently verified unique active drug; requires alias, arm and regimen review."
SLGL,Sol-Gel Technologies Ltd.,"patidegib topical gel, 2%",PROVISIONAL_SINGLE_INTERVENTION,1,Basal Cell Nevus Syndrome,NCT04308395,https://clinicaltrials.gov/study/NCT04308395,2024-09-24,2024-09-24,"Not an independently verified unique active drug; requires alias, arm and regimen review."
SLGL,Sol-Gel Technologies Ltd.,"patidegib topical gel, 2% | patidegib topical gel, vehicle",PROVISIONAL_SINGLE_INTERVENTION,1,Basal Cell Nevus Syndrome,NCT03703310,https://clinicaltrials.gov/study/NCT03703310,2024-07-03,2024-07-03,"Not an independently verified unique active drug; requires alias, arm and regimen review."
SLGL,Sol-Gel Technologies Ltd.,s5g4t-1,PROVISIONAL_SINGLE_INTERVENTION,1,Papulopustular Rosacea,NCT03564145,https://clinicaltrials.gov/study/NCT03564145,2021-12-15,2021-12-15,"Not an independently verified unique active drug; requires alias, arm and regimen review."
SLGL,Sol-Gel Technologies Ltd.,s5g4t-1 | s5g4t-2,PROVISIONAL_SINGLE_INTERVENTION,2,Papulopustular Rosacea,NCT03448939 | NCT03564119,https://clinicaltrials.gov/study/NCT03448939 | https://clinicaltrials.gov/study/NCT03564119,2021-12-14,2021-12-15,"Not an independently verified unique active drug; requires alias, arm and regimen review."
SLGL,Sol-Gel Technologies Ltd.,s6g5t-3 | s6g5t-8,PROVISIONAL_SINGLE_INTERVENTION,2,Acne Vulgaris,NCT03761784 | NCT03761810,https://clinicaltrials.gov/study/NCT03761784 | https://clinicaltrials.gov/study/NCT03761810,2021-12-01,2021-12-01,"Not an independently verified unique active drug; requires alias, arm and regimen review."
SMMT,Summit Therapeutics Inc.,ridinilazole | vancomycin,PROVISIONAL_SINGLE_INTERVENTION,2,Clostridioides Difficile Infection,NCT03595553 | NCT04802837,https://clinicaltrials.gov/study/NCT03595553 | https://clinicaltrials.gov/study/NCT04802837,2023-03-03,2023-08-21,"Not an independently verified unique active drug; requires alias, arm and regimen review."
SNGX,"SOLIGENIX, INC.","placebo | oral beclomethasone 17,21-dipropionate",PROVISIONAL_SINGLE_INTERVENTION,1,Acute Gastrointestinal Graft vs Host Disease,NCT00926575,https://clinicaltrials.gov/study/NCT00926575,2013-12-06,2013-12-06,"Not an independently verified unique active drug; requires alias, arm and regimen review."
SNGX,"SOLIGENIX, INC.",placebo | sgx301 (synthetic hypericin),PROVISIONAL_SINGLE_INTERVENTION,1,Cutaneous T-Cell Lymphoma,NCT02448381,https://clinicaltrials.gov/study/NCT02448381,2022-04-15,2022-04-15,"Not an independently verified unique active drug; requires alias, arm and regimen review."
SNGX,"SOLIGENIX, INC.",placebo | sgx942,PROVISIONAL_SINGLE_INTERVENTION,1,Oral Mucositis | Squamous Cell Carcinoma of the Oral Cavity and Oropharynx,NCT03237325,https://clinicaltrials.gov/study/NCT03237325,2022-08-29,2022-08-29,"Not an independently verified unique active drug; requires alias, arm and regimen review."
SNY,Sanofi,"0.9% saline | chimerivax-je, japanese encephalitis vaccine",PROVISIONAL_SINGLE_INTERVENTION,1,Encephalitis | Japanese Encephalitis,NCT00314132,https://clinicaltrials.gov/study/NCT00314132,2012-12-05,2012-12-05,"Not an independently verified unique active drug; requires alias, arm and regimen review."
SNY,Sanofi,5-fluorouracil | cyclophosphamide | docetaxel | doxorubicin,PROVISIONAL_SINGLE_INTERVENTION,1,Breast Cancer,NCT00688740,https://clinicaltrials.gov/study/NCT00688740,2011-02-14,2011-02-14,"Not an independently verified unique active drug; requires alias, arm and regimen review."
SNY,Sanofi,adalimumab | etanercept | methotrexate | placebo (for etanercept) | placebo (for sarilumab) | sarilumab,PROVISIONAL_SINGLE_INTERVENTION,1,Rheumatoid Arthritis,NCT01764997,https://clinicaltrials.gov/study/NCT01764997,2017-07-27,2017-07-27,"Not an independently verified unique active drug; requires alias, arm and regimen review."
SNY,Sanofi,adalimumab | placebo (for adalimumab) | placebo (for sarilumab) | sarilumab,PROVISIONAL_SINGLE_INTERVENTION,1,Rheumatoid Arthritis,NCT02332590,https://clinicaltrials.gov/study/NCT02332590,2017-07-25,2017-07-25,"Not an independently verified unique active drug; requires alias, arm and regimen review."
SNY,Sanofi,"aflibercept (ziv-aflibercept, ave0005, vegf trap, zaltrap®) | dexamethasone (pre- and post-medication for docetaxel) | docetaxel (taxotere®) | placebo",PROVISIONAL_SINGLE_INTERVENTION,1,Carcinoma | Non Small Cell Lung,NCT00532155,https://clinicaltrials.gov/study/NCT00532155,2013-01-01,2013-01-01,"Not an independently verified unique active drug; requires alias, arm and regimen review."
SNY,Sanofi,"aflibercept (ziv-aflibercept, ave0005, vegf trap, zaltrap®) | folfiri (irinotecan, 5-fluorouracil, and leucovorin) | placebo",PROVISIONAL_SINGLE_INTERVENTION,1,Colorectal Neoplasms | Neoplasm Metastasis,NCT00561470,https://clinicaltrials.gov/study/NCT00561470,2012-09-28,2012-09-28,"Not an independently verified unique active drug; requires alias, arm and regimen review."
SNY,Sanofi,"aflibercept (ziv-aflibercept, ave0005, vegf trap, zaltrap®) | gemcitabine | placebo",PROVISIONAL_SINGLE_INTERVENTION,1,Pancreatic Neoplasm,NCT00574275,https://clinicaltrials.gov/study/NCT00574275,2012-09-25,2012-09-25,"Not an independently verified unique active drug; requires alias, arm and regimen review."
SNY,Sanofi,aflibercept ave0005 | folfiri,PROVISIONAL_SINGLE_INTERVENTION,1,Colorectal Cancer Metastatic,NCT01571284,https://clinicaltrials.gov/study/NCT01571284,2018-02-27,2018-02-27,"Not an independently verified unique active drug; requires alias, arm and regimen review."
SNY,Sanofi,aflibercept | docetaxel | placebo (for aflibercept) | prednisone or prednisolone,PROVISIONAL_SINGLE_INTERVENTION,1,Neoplasm Metastasis | Prostatic Neoplasms,NCT00519285,https://clinicaltrials.gov/study/NCT00519285,2013-10-10,2013-10-10,"Not an independently verified unique active drug; requires alias, arm and regimen review."
SNY,Sanofi,aflibercept | fluorouracil | irinotecan | leucovorin,PROVISIONAL_SINGLE_INTERVENTION,1,Colorectal Cancer Metastatic,NCT01670721,https://clinicaltrials.gov/study/NCT01670721,2016-11-28,2016-11-28,"Not an independently verified unique active drug; requires alias, arm and regimen review."
SNY,Sanofi,aflibercept | placebo,PROVISIONAL_SINGLE_INTERVENTION,1,Colorectal Cancer Metastatic,NCT01661270,https://clinicaltrials.gov/study/NCT01661270,2015-11-26,2015-11-26,"Not an independently verified unique active drug; requires alias, arm and regimen review."
SNY,Sanofi,albuterol/salbutamol | dupilumab | inhaled corticosteroid (ics) therapy | levalbuterol/levosalbutamol | oral corticosteroid therapy (prednisone/prednisolone) | placebo,PROVISIONAL_SINGLE_INTERVENTION,1,Asthma,NCT02528214,https://clinicaltrials.gov/study/NCT02528214,2018-10-23,2018-10-23,"Not an independently verified unique active drug; requires alias, arm and regimen review."
SNY,Sanofi,albuterol/salbutamol | dupilumab | inhaled corticosteroid (ics) therapy | levalbuterol/levosalbutamol | placebo,PROVISIONAL_SINGLE_INTERVENTION,1,Asthma,NCT02414854,https://clinicaltrials.gov/study/NCT02414854,2018-10-23,2018-10-23,"Not an independently verified unique active drug; requires alias, arm and regimen review."
SNY,Sanofi,alfuzosin,PROVISIONAL_SINGLE_INTERVENTION,1,Hydronephrosis | Neurogenic Bladder,NCT00576823,https://clinicaltrials.gov/study/NCT00576823,2011-02-08,2011-02-08,"Not an independently verified unique active drug; requires alias, arm and regimen review."
SNY,Sanofi,alfuzosin | placebo,PROVISIONAL_SINGLE_INTERVENTION,1,Neurogenic Urinary Bladder,NCT00549939,https://clinicaltrials.gov/study/NCT00549939,2011-02-08,2011-02-08,"Not an independently verified unique active drug; requires alias, arm and regimen review."
SNY,Sanofi,alirocumab sar236553 (regn727) | atorvastatin | cholestyramine | ezetimibe | fenofibrate | fluvastatin | lovastatin | nicotinic acid | omega-3 fatty acids | placebo | pravastatin | rosuvastatin | simvastatin,PROVISIONAL_SINGLE_INTERVENTION,1,Hypercholesterolaemia,NCT03510884,https://clinicaltrials.gov/study/NCT03510884,2023-05-06,2023-05-06,"Not an independently verified unique active drug; requires alias, arm and regimen review."
SNY,Sanofi,alirocumab sar236553 (regn727) | atorvastatin | cholestyramine | ezetimibe | fenofibrate | fluvastatin | lovastatin | nicotinic acid | omega-3 fatty acids | pravastatin | rosuvastatin | simvastatin,PROVISIONAL_SINGLE_INTERVENTION,1,Hypercholesterolemia,NCT03510715,https://clinicaltrials.gov/study/NCT03510715,2020-12-29,2020-12-29,"Not an independently verified unique active drug; requires alias, arm and regimen review."
SNY,Sanofi,alirocumab sar236553 (regn727) | atorvastatin | ezetimibe | placebo (for injection training only) | rosuvastatin | simvastatin,PROVISIONAL_SINGLE_INTERVENTION,1,Hypercholesterolemia,NCT02476006,https://clinicaltrials.gov/study/NCT02476006,2020-03-30,2020-03-30,"Not an independently verified unique active drug; requires alias, arm and regimen review."
SNY,Sanofi,alirocumab sar236553 | atorvastatin | rosuvastatin,PROVISIONAL_SINGLE_INTERVENTION,1,Hypercholesterolaemia,NCT03415178,https://clinicaltrials.gov/study/NCT03415178,2019-09-09,2019-09-09,"Not an independently verified unique active drug; requires alias, arm and regimen review."
SNY,Sanofi,alirocumab | antihyperglycemic drug | lipid-modifying therapy (lmt) | placebo,PROVISIONAL_SINGLE_INTERVENTION,1,Hypercholesterolaemia,NCT02585778,https://clinicaltrials.gov/study/NCT02585778,2018-05-17,2018-05-17,"Not an independently verified unique active drug; requires alias, arm and regimen review."
SNY,Sanofi,alirocumab | atorvastatin | non-statin lipid-modifying therapy | placebo,PROVISIONAL_SINGLE_INTERVENTION,1,Hypercholesterolemia,NCT02584504,https://clinicaltrials.gov/study/NCT02584504,2018-05-07,2018-05-07,"Not an independently verified unique active drug; requires alias, arm and regimen review."
SNY,Sanofi,alirocumab | ezetimibe | lipid modifying therapy (lmt) | placebo (for alirocumab) | placebo (for ezetimibe),PROVISIONAL_SINGLE_INTERVENTION,1,Hypercholesterolemia,NCT01644188,https://clinicaltrials.gov/study/NCT01644188,2015-11-06,2015-11-06,"Not an independently verified unique active drug; requires alias, arm and regimen review."
SNY,Sanofi,alirocumab | ezetimibe | placebo (for alirocumab) | placebo (for ezetimibe),PROVISIONAL_SINGLE_INTERVENTION,1,Hypercholesterolemia,NCT01644474,https://clinicaltrials.gov/study/NCT01644474,2015-11-06,2015-11-06,"Not an independently verified unique active drug; requires alias, arm and regimen review."
SNY,Sanofi,alirocumab | lipid modifying therapy (lmt) | placebo (for alirocumab),PROVISIONAL_SINGLE_INTERVENTION,2,Hypercholesterolaemia | Hypercholesterolemia,NCT01617655 | NCT01623115,https://clinicaltrials.gov/study/NCT01617655 | https://clinicaltrials.gov/study/NCT01623115,2015-11-04,2015-11-06,"Not an independently verified unique active drug; requires alias, arm and regimen review."
SNY,Sanofi,alirocumab | lipid-modifying therapy (lmt),PROVISIONAL_SINGLE_INTERVENTION,1,Hypercholesterolemia,NCT01954394,https://clinicaltrials.gov/study/NCT01954394,2018-07-24,2018-07-24,"Not an independently verified unique active drug; requires alias, arm and regimen review."
SNY,Sanofi,alirocumab | lipid-modifying therapy (lmt) | placebo (for alirocumab),PROVISIONAL_SINGLE_INTERVENTION,4,Hypercholesterolemia,NCT01507831 | NCT01644175 | NCT02107898 | NCT02289963,https://clinicaltrials.gov/study/NCT01507831 | https://clinicaltrials.gov/study/NCT01644175 | https://clinicaltrials.gov/study/NCT02107898 | https://clinicaltrials.gov/study/NCT02289963,2015-11-06,2017-06-26,"Not an independently verified unique active drug; requires alias, arm and regimen review."
SNY,Sanofi,alirocumab | lmt | placebo,PROVISIONAL_SINGLE_INTERVENTION,1,Atherosclerotic Cardiovascular Disease,NCT01663402,https://clinicaltrials.gov/study/NCT01663402,2019-03-18,2019-03-18,"Not an independently verified unique active drug; requires alias, arm and regimen review."
SNY,Sanofi,alirocumab | non-statin lmt | placebo (for alirocumab),PROVISIONAL_SINGLE_INTERVENTION,1,Hypercholesterolemia,NCT02023879,https://clinicaltrials.gov/study/NCT02023879,2017-03-15,2017-03-15,"Not an independently verified unique active drug; requires alias, arm and regimen review."
SNY,Sanofi,alirocumab | placebo for alirocumab | atorvastatin | ezetimibe | placebo for ezetimibe | rosuvastatin | simvastatin,PROVISIONAL_SINGLE_INTERVENTION,1,Hypercholesterolemia,NCT02715726,https://clinicaltrials.gov/study/NCT02715726,2019-09-30,2019-09-30,"Not an independently verified unique active drug; requires alias, arm and regimen review."
SNY,Sanofi,allopurinol | rasburicase (sr29142),PROVISIONAL_SINGLE_INTERVENTION,1,Cancer | Hyperuricemia | Tumor Lysis Syndrome,NCT00230178,https://clinicaltrials.gov/study/NCT00230178,2009-12-31,2009-12-31,"Not an independently verified unique active drug; requires alias, arm and regimen review."
SNY,Sanofi,amcenestrant | amcenestrant-matching placebo | tamoxifen | tamoxifen-matching placebo,PROVISIONAL_SINGLE_INTERVENTION,1,Breast Cancer,NCT05128773,https://clinicaltrials.gov/study/NCT05128773,2023-06-22,2023-06-22,"Not an independently verified unique active drug; requires alias, arm and regimen review."
SNY,Sanofi,amcenestrant-matching placebo | goserelin | letrozole | letrozole-matching placebo | palbociclib | sar439859,PROVISIONAL_SINGLE_INTERVENTION,1,Breast Cancer,NCT04478266,https://clinicaltrials.gov/study/NCT04478266,2023-07-06,2023-07-06,"Not an independently verified unique active drug; requires alias, arm and regimen review."
SNY,Sanofi,amiodarone | dronedarone (sr33589),PROVISIONAL_SINGLE_INTERVENTION,1,Atrial Fibrillation,NCT00489736,https://clinicaltrials.gov/study/NCT00489736,2009-11-09,2009-11-09,"Not an independently verified unique active drug; requires alias, arm and regimen review."
SNY,Sanofi,antidiabetic background therapy | lixisenatide (ave0010) | placebo,PROVISIONAL_SINGLE_INTERVENTION,1,Type 2 Diabetes,NCT01798706,https://clinicaltrials.gov/study/NCT01798706,2016-10-14,2016-10-14,"Not an independently verified unique active drug; requires alias, arm and regimen review."
SNY,Sanofi,asthma controller therapies (incl. prednisone/prednisolone) | asthma reliever therapies | dupilumab (sar231893/regn668),PROVISIONAL_SINGLE_INTERVENTION,1,Asthma,NCT03560466,https://clinicaltrials.gov/study/NCT03560466,2025-11-21,2025-11-21,"Not an independently verified unique active drug; requires alias, arm and regimen review."
SNY,Sanofi,asthma controller therapies | asthma reliever therapies | dupilumab | placebo,PROVISIONAL_SINGLE_INTERVENTION,1,Asthma,NCT02948959,https://clinicaltrials.gov/study/NCT02948959,2021-10-20,2021-10-20,"Not an independently verified unique active drug; requires alias, arm and regimen review."
SNY,Sanofi,background therapy metformin | dulaglutide | efpeglenatide,PROVISIONAL_SINGLE_INTERVENTION,1,Type 2 Diabetes Mellitus,NCT03684642,https://clinicaltrials.gov/study/NCT03684642,2021-11-01,2021-11-01,"Not an independently verified unique active drug; requires alias, arm and regimen review."
SNY,Sanofi,background therapy | efpeglenatide sar439977 | placebo,PROVISIONAL_SINGLE_INTERVENTION,1,Type 2 Diabetes Mellitus,NCT03713684,https://clinicaltrials.gov/study/NCT03713684,2021-12-02,2021-12-02,"Not an independently verified unique active drug; requires alias, arm and regimen review."
SNY,Sanofi,"background therapy | insulin glargine (100 units /ml) | insulin glargine,300 u/ml",PROVISIONAL_SINGLE_INTERVENTION,1,Type 1 Diabetes Mellitus,NCT02735044,https://clinicaltrials.gov/study/NCT02735044,2019-06-19,2019-06-19,"Not an independently verified unique active drug; requires alias, arm and regimen review."
SNY,Sanofi,background therapy | insulin glargine (hoe901 - u100) | insulin glargine (hoe901 - u300),PROVISIONAL_SINGLE_INTERVENTION,1,Type 2 Diabetes Mellitus,NCT02320721,https://clinicaltrials.gov/study/NCT02320721,2017-07-11,2017-07-11,"Not an independently verified unique active drug; requires alias, arm and regimen review."
SNY,Sanofi,background therapy | insulin glargine (hoe901) | insulin glargine/lixisenatide,PROVISIONAL_SINGLE_INTERVENTION,1,Type 2 Diabetes Mellitus,NCT03434119,https://clinicaltrials.gov/study/NCT03434119,2020-01-13,2020-01-13,"Not an independently verified unique active drug; requires alias, arm and regimen review."
SNY,Sanofi,background therapy: metformin alone or in combination with su | efpeglenatide sar439977 | placebo,PROVISIONAL_SINGLE_INTERVENTION,1,Type 2 Diabetes Mellitus,NCT03770728,https://clinicaltrials.gov/study/NCT03770728,2021-12-02,2021-12-02,"Not an independently verified unique active drug; requires alias, arm and regimen review."
SNY,Sanofi,"background therapy: oral anti-diabetic drug (metformin, pioglitazone, sglt2 inhibitor) | insulin glargine/lixisenatide fixed ratio combination | albiglutide | dulaglutide | exenatide | exenatide extended-release | liraglutide",PROVISIONAL_SINGLE_INTERVENTION,1,Type 2 Diabetes Mellitus,NCT02787551,https://clinicaltrials.gov/study/NCT02787551,2019-06-12,2019-06-12,"Not an independently verified unique active drug; requires alias, arm and regimen review."
SNY,Sanofi,basal insulin | lixisenatide (ave0010) | metformin | placebo,PROVISIONAL_SINGLE_INTERVENTION,1,"Diabetes Mellitus, Type 2",NCT00715624,https://clinicaltrials.gov/study/NCT00715624,2016-10-11,2016-10-11,"Not an independently verified unique active drug; requires alias, arm and regimen review."
SNY,Sanofi,basal insulin | lixisenatide (ave0010) | placebo | sulfonylurea,PROVISIONAL_SINGLE_INTERVENTION,1,"Diabetes Mellitus, Type 2",NCT00866658,https://clinicaltrials.gov/study/NCT00866658,2016-10-11,2016-10-11,"Not an independently verified unique active drug; requires alias, arm and regimen review."
SNY,Sanofi,bicalutamide | docetaxel | leuprolide,PROVISIONAL_SINGLE_INTERVENTION,1,Prostatic Neoplasms,NCT00514917,https://clinicaltrials.gov/study/NCT00514917,2013-11-04,2013-11-04,"Not an independently verified unique active drug; requires alias, arm and regimen review."
SNY,Sanofi,bucillamine | leflunomide | mizoribine | sarilumab | sulfasalazine | tacrolimus,PROVISIONAL_SINGLE_INTERVENTION,1,Rheumatoid Arthritis,NCT02373202,https://clinicaltrials.gov/study/NCT02373202,2018-01-30,2018-01-30,"Not an independently verified unique active drug; requires alias, arm and regimen review."
SNY,Sanofi,budesonide | dupilumab | placebo,PROVISIONAL_SINGLE_INTERVENTION,1,Chronic Rhinosinusitis With Nasal Polyps,NCT05878093,https://clinicaltrials.gov/study/NCT05878093,2025-09-25,2025-09-25,"Not an independently verified unique active drug; requires alias, arm and regimen review."
SNY,Sanofi,cabazitaxel (xrp6258) (rpr116258) | mitoxantrone | prednisone,PROVISIONAL_SINGLE_INTERVENTION,1,Neoplasms | Prostatic Neoplasms,NCT00417079,https://clinicaltrials.gov/study/NCT00417079,2010-12-23,2010-12-23,"Not an independently verified unique active drug; requires alias, arm and regimen review."
SNY,Sanofi,cabazitaxel (xrp6258) | docetaxel (xrp6976) | prednisone,PROVISIONAL_SINGLE_INTERVENTION,1,Prostate Cancer,NCT01308567,https://clinicaltrials.gov/study/NCT01308567,2017-03-03,2017-03-03,"Not an independently verified unique active drug; requires alias, arm and regimen review."
SNY,Sanofi,cabazitaxel (xrp6258) | prednisone (or prednisolone),PROVISIONAL_SINGLE_INTERVENTION,1,Prostate Cancer,NCT01308580,https://clinicaltrials.gov/study/NCT01308580,2016-10-11,2016-10-11,"Not an independently verified unique active drug; requires alias, arm and regimen review."
SNY,Sanofi,calcitriol | doxercalciferol (gz427397),PROVISIONAL_SINGLE_INTERVENTION,1,Secondary Hyperparathyroidism-Chronic Kidney Disease,NCT02859896,https://clinicaltrials.gov/study/NCT02859896,2026-07-02,2026-07-02,"Not an independently verified unique active drug; requires alias, arm and regimen review."
SNY,Sanofi,caplacizumab,PROVISIONAL_SINGLE_INTERVENTION,1,Acquired Thrombotic Thrombocytopenic Purpura,NCT02878603,https://clinicaltrials.gov/study/NCT02878603,2021-11-22,2021-11-22,"Not an independently verified unique active drug; requires alias, arm and regimen review."
SNY,Sanofi,caplacizumab | corticosteroids | anti-cd20 antibody,PROVISIONAL_SINGLE_INTERVENTION,1,Thrombotic Thrombocytopenic Purpura,NCT05468320,https://clinicaltrials.gov/study/NCT05468320,2025-12-30,2025-12-30,"Not an independently verified unique active drug; requires alias, arm and regimen review."
SNY,Sanofi,carboplatin | cyclophosphamide | docetaxel | doxorubicin | herceptin,PROVISIONAL_SINGLE_INTERVENTION,1,Breast Neoplasms,NCT00021255,https://clinicaltrials.gov/study/NCT00021255,2016-11-15,2016-11-15,"Not an independently verified unique active drug; requires alias, arm and regimen review."
SNY,Sanofi,carfilzomib | dexamethasone | isatuximab sar650984,PROVISIONAL_SINGLE_INTERVENTION,1,Plasma Cell Myeloma,NCT03275285,https://clinicaltrials.gov/study/NCT03275285,2023-02-13,2023-02-13,"Not an independently verified unique active drug; requires alias, arm and regimen review."
SNY,Sanofi,chimerivax™-je | je-vax®,PROVISIONAL_SINGLE_INTERVENTION,1,Japanese Encephalitis,NCT00314145,https://clinicaltrials.gov/study/NCT00314145,2012-12-05,2012-12-05,"Not an independently verified unique active drug; requires alias, arm and regimen review."
SNY,Sanofi,clopidogrel (sr25990) | placebo,PROVISIONAL_SINGLE_INTERVENTION,1,"Heart Defects, Congenital",NCT00396877,https://clinicaltrials.gov/study/NCT00396877,2011-03-11,2011-03-11,"Not an independently verified unique active drug; requires alias, arm and regimen review."
SNY,Sanofi,clopidogrel (sr25990c) | placebo,PROVISIONAL_SINGLE_INTERVENTION,1,Atrial Fibrillation | Vascular Risk,NCT00249873,https://clinicaltrials.gov/study/NCT00249873,2010-03-26,2010-03-26,"Not an independently verified unique active drug; requires alias, arm and regimen review."
SNY,Sanofi,clopidogrel | acetylsalicyclic acid (asa),PROVISIONAL_SINGLE_INTERVENTION,1,Acute Coronary Disease | Angina Unstable,NCT00335452,https://clinicaltrials.gov/study/NCT00335452,2010-10-07,2010-10-07,"Not an independently verified unique active drug; requires alias, arm and regimen review."
SNY,Sanofi,clopidogrel | placebo,PROVISIONAL_SINGLE_INTERVENTION,1,"Heart Defects, Congenital",NCT00833703,https://clinicaltrials.gov/study/NCT00833703,2011-08-16,2011-08-16,"Not an independently verified unique active drug; requires alias, arm and regimen review."
SNY,Sanofi,dexamethasone | diphenhydramine | isatuximab iv | isatuximab sc | methylprednisolone | montelukast | paracetamol / acetaminophen | pomalidomide,PROVISIONAL_SINGLE_INTERVENTION,1,Plasma Cell Myeloma Recurrent,NCT05405166,https://clinicaltrials.gov/study/NCT05405166,2025-11-14,2025-11-14,"Not an independently verified unique active drug; requires alias, arm and regimen review."
SNY,Sanofi,dexamethasone | isatuximab | pomalidomide,PROVISIONAL_SINGLE_INTERVENTION,1,Plasma Cell Myeloma,NCT02990338,https://clinicaltrials.gov/study/NCT02990338,2019-12-06,2019-12-06,"Not an independently verified unique active drug; requires alias, arm and regimen review."
SNY,Sanofi,docetaxel (taxotere®) chemotherapy | leuprolide acetate ( eligard®) hormonal therapy,PROVISIONAL_SINGLE_INTERVENTION,1,Prostatic Neoplasms,NCT00283062,https://clinicaltrials.gov/study/NCT00283062,2012-01-23,2012-01-23,"Not an independently verified unique active drug; requires alias, arm and regimen review."
SNY,Sanofi,"docetaxel (xrp6976) | oxaliplatin (sr96669) | s-1 (1-(2-tetrahydrofuryl)-5-fluorouracil + 5-chloro-2, 4-dihydroxypyridine (cdhp) (gimeracil) + oxo (oteracil)",PROVISIONAL_SINGLE_INTERVENTION,1,Gastric Cancer,NCT01515748,https://clinicaltrials.gov/study/NCT01515748,2020-03-02,2020-03-02,"Not an independently verified unique active drug; requires alias, arm and regimen review."
SNY,Sanofi,docetaxel | sar408701,PROVISIONAL_SINGLE_INTERVENTION,1,Non-small Cell Lung Cancer Metastatic,NCT04154956,https://clinicaltrials.gov/study/NCT04154956,2024-11-01,2024-11-01,"Not an independently verified unique active drug; requires alias, arm and regimen review."
SNY,Sanofi,"docetaxel,doxorubicin, cyclophosphamide | docetaxel, doxorubicin, cyclophosphamide",PROVISIONAL_SINGLE_INTERVENTION,1,Breast Cancer,NCT00312208,https://clinicaltrials.gov/study/NCT00312208,2010-02-17,2010-02-17,"Not an independently verified unique active drug; requires alias, arm and regimen review."
SNY,Sanofi,dronedarone (sr33589) | placebo,PROVISIONAL_SINGLE_INTERVENTION,1,Atrial Fibrillation | Atrial Flutter,NCT00174785,https://clinicaltrials.gov/study/NCT00174785,2009-12-23,2009-12-23,"Not an independently verified unique active drug; requires alias, arm and regimen review."
SNY,Sanofi,dronedarone | placebo (for dronedarone),PROVISIONAL_SINGLE_INTERVENTION,1,Atrial Fibrillation,NCT01151137,https://clinicaltrials.gov/study/NCT01151137,2012-10-26,2012-10-26,"Not an independently verified unique active drug; requires alias, arm and regimen review."
SNY,Sanofi,dtap-ipv//prp~t combined vaccine,PROVISIONAL_SINGLE_INTERVENTION,1,Diphtheria | Hepatitis B | Pertussis | Poliomyelitis | Tetanus,NCT00303316,https://clinicaltrials.gov/study/NCT00303316,2013-02-22,2013-02-22,"Not an independently verified unique active drug; requires alias, arm and regimen review."
SNY,Sanofi,dupilumab,PROVISIONAL_SINGLE_INTERVENTION,2,Asthma | Chronic Spontaneous Urticaria,NCT02134028 | NCT05526521,https://clinicaltrials.gov/study/NCT02134028 | https://clinicaltrials.gov/study/NCT05526521,2020-11-02,2025-11-19,"Not an independently verified unique active drug; requires alias, arm and regimen review."
SNY,Sanofi,dupilumab sar231893 (regn668),PROVISIONAL_SINGLE_INTERVENTION,1,Asthma,NCT03620747,https://clinicaltrials.gov/study/NCT03620747,2023-03-16,2023-03-16,"Not an independently verified unique active drug; requires alias, arm and regimen review."
SNY,Sanofi,dupilumab sar231893 (regn668) | mometasone furoate 50 micrograms | placebo,PROVISIONAL_SINGLE_INTERVENTION,1,Chronic Rhinosinusitis Phenotype With Nasal Polyps (CRSwNP),NCT02912468,https://clinicaltrials.gov/study/NCT02912468,2019-07-25,2019-07-25,"Not an independently verified unique active drug; requires alias, arm and regimen review."
SNY,Sanofi,dupilumab sar231893 (regn668) | mometasone furoate nasal spray | placebo,PROVISIONAL_SINGLE_INTERVENTION,1,Chronic Rhinosinusitis Phenotype With Nasal Polyps (CRSwNP),NCT02898454,https://clinicaltrials.gov/study/NCT02898454,2019-10-23,2019-10-23,"Not an independently verified unique active drug; requires alias, arm and regimen review."
SNY,Sanofi,dupilumab sar231893 | inhaled corticosteroid | inhaled long-acting beta agonist | inhaled long-acting muscarinic antagonist | placebo,PROVISIONAL_SINGLE_INTERVENTION,2,Chronic Obstructive Pulmonary Disease,NCT03930732 | NCT04456673,https://clinicaltrials.gov/study/NCT03930732 | https://clinicaltrials.gov/study/NCT04456673,2024-02-28,2025-03-17,"Not an independently verified unique active drug; requires alias, arm and regimen review."
SNY,Sanofi,dupilumab sar231893 | low to medium potent topical corticosteroids | moisturizers | placebo | topical calcineurin inhibitors,PROVISIONAL_SINGLE_INTERVENTION,2,Neurodermatitis,NCT04183335 | NCT04202679,https://clinicaltrials.gov/study/NCT04183335 | https://clinicaltrials.gov/study/NCT04202679,2022-09-28,2022-12-12,"Not an independently verified unique active drug; requires alias, arm and regimen review."
SNY,Sanofi,dupilumab sar231893 | non sedating h1-antihistamine | placebo,PROVISIONAL_SINGLE_INTERVENTION,1,Cold Urticaria,NCT04681729,https://clinicaltrials.gov/study/NCT04681729,2024-02-21,2024-02-21,"Not an independently verified unique active drug; requires alias, arm and regimen review."
SNY,Sanofi,dupilumab sar231893 | placebo,PROVISIONAL_SINGLE_INTERVENTION,1,Allergic Fungal Rhinosinusitis,NCT04684524,https://clinicaltrials.gov/study/NCT04684524,2025-12-22,2025-12-22,"Not an independently verified unique active drug; requires alias, arm and regimen review."
SNY,Sanofi,dupilumab sar231893 | placebo | non sedating h1-antihistamine,PROVISIONAL_SINGLE_INTERVENTION,1,Chronic Spontaneous Urticaria,NCT04180488,https://clinicaltrials.gov/study/NCT04180488,2025-08-20,2025-08-20,"Not an independently verified unique active drug; requires alias, arm and regimen review."
SNY,Sanofi,dupilumab | emollient (moisturizer) | placebo,PROVISIONAL_SINGLE_INTERVENTION,1,Atopic Dermatitis,NCT03912259,https://clinicaltrials.gov/study/NCT03912259,2021-04-05,2021-04-05,"Not an independently verified unique active drug; requires alias, arm and regimen review."
SNY,Sanofi,efpeglenatide (sar439977) | placebo,PROVISIONAL_SINGLE_INTERVENTION,1,Type 2 Diabetes Mellitus,NCT03496298,https://clinicaltrials.gov/study/NCT03496298,2021-10-15,2021-10-15,"Not an independently verified unique active drug; requires alias, arm and regimen review."
SNY,Sanofi,exenatide | lixisenatide (ave0010) | metformin,PROVISIONAL_SINGLE_INTERVENTION,1,"Diabetes Mellitus, Type 2",NCT00707031,https://clinicaltrials.gov/study/NCT00707031,2016-10-11,2016-10-11,"Not an independently verified unique active drug; requires alias, arm and regimen review."
SNY,Sanofi,flublok® | placebo,PROVISIONAL_SINGLE_INTERVENTION,1,Influenza,NCT00539981,https://clinicaltrials.gov/study/NCT00539981,2021-02-15,2021-02-15,"Not an independently verified unique active drug; requires alias, arm and regimen review."
SNY,Sanofi,folic acid | methotrexate | placebo (for sarilumab) | sarilumab,PROVISIONAL_SINGLE_INTERVENTION,1,Rheumatoid Arthritis,NCT01061736,https://clinicaltrials.gov/study/NCT01061736,2017-06-28,2017-06-28,"Not an independently verified unique active drug; requires alias, arm and regimen review."
SNY,Sanofi,folic acid | methotrexate | sarilumab sar153191 (regn88),PROVISIONAL_SINGLE_INTERVENTION,1,Rheumatoid Arthritis,NCT02293902,https://clinicaltrials.gov/study/NCT02293902,2018-01-30,2018-01-30,"Not an independently verified unique active drug; requires alias, arm and regimen review."
SNY,Sanofi,hoe901-u300 (insulin glargine new formulation) | lantus (insulin glargine),PROVISIONAL_SINGLE_INTERVENTION,1,Type 1 Diabetes Mellitus,NCT01683266,https://clinicaltrials.gov/study/NCT01683266,2015-04-23,2015-04-23,"Not an independently verified unique active drug; requires alias, arm and regimen review."
SNY,Sanofi,hoe901-u300 (new formulation of insulin glargine) | lantus (insulin glargine),PROVISIONAL_SINGLE_INTERVENTION,3,Type 2 Diabetes Mellitus,NCT01499082 | NCT01499095 | NCT01676220,https://clinicaltrials.gov/study/NCT01499082 | https://clinicaltrials.gov/study/NCT01499095 | https://clinicaltrials.gov/study/NCT01676220,2015-04-23,2015-04-23,"Not an independently verified unique active drug; requires alias, arm and regimen review."
SNY,Sanofi,humalog | insulin glargine hoe901 | sar342434,PROVISIONAL_SINGLE_INTERVENTION,1,Type 1 Diabetes Mellitus,NCT02273180,https://clinicaltrials.gov/study/NCT02273180,2018-01-18,2018-01-18,"Not an independently verified unique active drug; requires alias, arm and regimen review."
SNY,Sanofi,humalog | sar342434 | insulin glargine hoe901,PROVISIONAL_SINGLE_INTERVENTION,1,Type 2 Diabetes Mellitus,NCT02294474,https://clinicaltrials.gov/study/NCT02294474,2018-01-18,2018-01-18,"Not an independently verified unique active drug; requires alias, arm and regimen review."
SNY,Sanofi,hydroxychloroquine | intravenous placebo | leflunomide | methotrexate | sarilumab sar153191 (regn88) | subcutaneous placebo | sulfasalazine | tocilizumab,PROVISIONAL_SINGLE_INTERVENTION,1,Rheumatoid Arthritis,NCT01768572,https://clinicaltrials.gov/study/NCT01768572,2017-06-26,2017-06-26,"Not an independently verified unique active drug; requires alias, arm and regimen review."
SNY,Sanofi,hydroxychloroquine | leflunomide | methotrexate | sarilumab | sulfasalazine,PROVISIONAL_SINGLE_INTERVENTION,1,RA,NCT02057250,https://clinicaltrials.gov/study/NCT02057250,2017-06-20,2017-06-20,"Not an independently verified unique active drug; requires alias, arm and regimen review."
SNY,Sanofi,idegasp | insulin glargine/lixisenatide | metformin | sglt2 inhibitor,PROVISIONAL_SINGLE_INTERVENTION,1,Type 2 Diabetes Mellitus,NCT05413369,https://clinicaltrials.gov/study/NCT05413369,2024-10-30,2024-10-30,"Not an independently verified unique active drug; requires alias, arm and regimen review."
SNY,Sanofi,insulin aspart | insulin aspart sar341402 | insulin glargine u100,PROVISIONAL_SINGLE_INTERVENTION,1,Type 1 Diabetes Mellitus,NCT03874715,https://clinicaltrials.gov/study/NCT03874715,2023-07-21,2023-07-21,"Not an independently verified unique active drug; requires alias, arm and regimen review."
SNY,Sanofi,insulin aspart | insulin glargine (hoe901) | novolog/novorapid,PROVISIONAL_SINGLE_INTERVENTION,1,Type 1 Diabetes Mellitus-Type 2 Diabetes Mellitus,NCT03211858,https://clinicaltrials.gov/study/NCT03211858,2019-08-08,2019-08-08,"Not an independently verified unique active drug; requires alias, arm and regimen review."
SNY,Sanofi,insulin glargine (hoe901) | insulin glargine/lixisenatide (hoe901/ave0010) | metformin (background drug),PROVISIONAL_SINGLE_INTERVENTION,1,Type 2 Diabetes,NCT02058160,https://clinicaltrials.gov/study/NCT02058160,2017-02-10,2017-02-10,"Not an independently verified unique active drug; requires alias, arm and regimen review."
SNY,Sanofi,insulin glargine (hoe901) | insulin glargine/lixisenatide fixed ratio combination | lixisenatide (ave0010) | metformin,PROVISIONAL_SINGLE_INTERVENTION,1,Type 2 Diabetes,NCT02058147,https://clinicaltrials.gov/study/NCT02058147,2017-02-10,2017-02-10,"Not an independently verified unique active drug; requires alias, arm and regimen review."
SNY,Sanofi,insulin glargine (hoe901) | insulin lispro | neutral protamine hagedorn (nph) insulin,PROVISIONAL_SINGLE_INTERVENTION,1,Type 1 Diabetes Mellitus,NCT00993473,https://clinicaltrials.gov/study/NCT00993473,2012-06-22,2012-06-22,"Not an independently verified unique active drug; requires alias, arm and regimen review."
SNY,Sanofi,insulin glargine (hoe901) | omega-3 polyunsaturated fatty acids (pufa) | placebo,PROVISIONAL_SINGLE_INTERVENTION,1,"Diabetes Mellitus, Non-Insulin-Dependent",NCT00069784,https://clinicaltrials.gov/study/NCT00069784,2013-01-25,2013-01-25,"Not an independently verified unique active drug; requires alias, arm and regimen review."
SNY,Sanofi,insulin glargine (lantus) | insulin glulisine (apidra) | standard therapy,PROVISIONAL_SINGLE_INTERVENTION,1,AMI,NCT00670228,https://clinicaltrials.gov/study/NCT00670228,2011-02-11,2011-02-11,"Not an independently verified unique active drug; requires alias, arm and regimen review."
SNY,Sanofi,insulin glargine (mandatory background drug) | insulin glulisine qd | insulin glulisine tid | lixisenatide (ave0010) | metformin (background drug),PROVISIONAL_SINGLE_INTERVENTION,1,Type 2 Diabetes,NCT01768559,https://clinicaltrials.gov/study/NCT01768559,2017-01-04,2017-01-04,"Not an independently verified unique active drug; requires alias, arm and regimen review."
SNY,Sanofi,insulin glargine | lixisenatide (ave0010) | metformin | placebo | thiazolidinedione (tzd),PROVISIONAL_SINGLE_INTERVENTION,1,Type 2 Diabetes Mellitus,NCT00975286,https://clinicaltrials.gov/study/NCT00975286,2016-10-11,2016-10-11,"Not an independently verified unique active drug; requires alias, arm and regimen review."
SNY,Sanofi,insulin glargine | metformin | sitagliptin,PROVISIONAL_SINGLE_INTERVENTION,1,"Diabetes Mellitus, Type 2",NCT00851903,https://clinicaltrials.gov/study/NCT00851903,2012-10-04,2012-10-04,"Not an independently verified unique active drug; requires alias, arm and regimen review."
SNY,Sanofi,interferon β-1a | teriflunomide,PROVISIONAL_SINGLE_INTERVENTION,1,Multiple Sclerosis,NCT00883337,https://clinicaltrials.gov/study/NCT00883337,2012-11-06,2012-11-06,"Not an independently verified unique active drug; requires alias, arm and regimen review."
SNY,Sanofi,interferon-beta (ifn-beta) | placebo (for teriflunomide) | teriflunomide,PROVISIONAL_SINGLE_INTERVENTION,1,Multiple Sclerosis Relapse,NCT01252355,https://clinicaltrials.gov/study/NCT01252355,2014-05-22,2014-05-22,"Not an independently verified unique active drug; requires alias, arm and regimen review."
SNY,Sanofi,irbesartan | placebo,PROVISIONAL_SINGLE_INTERVENTION,1,Atrial Fibrillation | Cardiovascular Disease,NCT00249795,https://clinicaltrials.gov/study/NCT00249795,2010-10-15,2010-10-15,"Not an independently verified unique active drug; requires alias, arm and regimen review."
SNY,Sanofi,"live, attenuated, recombinant dengue serotypes 1, 2, 3, and 4 virus | placebo: nacl 0.9%",PROVISIONAL_SINGLE_INTERVENTION,1,Dengue Fever | Dengue Hemorrhagic Fever,NCT01254422,https://clinicaltrials.gov/study/NCT01254422,2019-07-29,2019-07-29,"Not an independently verified unique active drug; requires alias, arm and regimen review."
SNY,Sanofi,lixisenatide (ave0010),PROVISIONAL_SINGLE_INTERVENTION,1,"Diabetes Mellitus, Type 2",NCT00905255,https://clinicaltrials.gov/study/NCT00905255,2016-12-21,2016-12-21,"Not an independently verified unique active drug; requires alias, arm and regimen review."
SNY,Sanofi,lixisenatide (ave0010) | lixisenatide placebo | metformin | sitagliptin | sitagliptin placebo,PROVISIONAL_SINGLE_INTERVENTION,1,Type 2 Diabetes Mellitus,NCT00976937,https://clinicaltrials.gov/study/NCT00976937,2016-10-11,2016-10-11,"Not an independently verified unique active drug; requires alias, arm and regimen review."
SNY,Sanofi,lixisenatide (ave0010) | metformin,PROVISIONAL_SINGLE_INTERVENTION,1,Type 2 Diabetes Mellitus,NCT01517412,https://clinicaltrials.gov/study/NCT01517412,2016-10-14,2016-10-14,"Not an independently verified unique active drug; requires alias, arm and regimen review."
SNY,Sanofi,lixisenatide (ave0010) | metformin | pioglitazone | placebo,PROVISIONAL_SINGLE_INTERVENTION,1,Diabetes Mellitus Type 2,NCT00763815,https://clinicaltrials.gov/study/NCT00763815,2016-10-11,2016-10-11,"Not an independently verified unique active drug; requires alias, arm and regimen review."
SNY,Sanofi,lixisenatide (ave0010) | metformin | placebo,PROVISIONAL_SINGLE_INTERVENTION,2,"Diabetes Mellitus, Type 2",NCT00712673 | NCT00763451,https://clinicaltrials.gov/study/NCT00712673 | https://clinicaltrials.gov/study/NCT00763451,2016-12-14,2016-12-15,"Not an independently verified unique active drug; requires alias, arm and regimen review."
SNY,Sanofi,lixisenatide (ave0010) | metformin | placebo | sulfonylurea,PROVISIONAL_SINGLE_INTERVENTION,2,"Diabetes Mellitus, Type 2 | Type 2 Diabetes Mellitus",NCT00713830 | NCT01169779,https://clinicaltrials.gov/study/NCT00713830 | https://clinicaltrials.gov/study/NCT01169779,2016-10-13,2016-12-14,"Not an independently verified unique active drug; requires alias, arm and regimen review."
SNY,Sanofi,lixisenatide (ave0010) | placebo,PROVISIONAL_SINGLE_INTERVENTION,2,"Acute Coronary Syndrome | Diabetes Mellitus, Type 2",NCT00688701 | NCT01147250,https://clinicaltrials.gov/study/NCT00688701 | https://clinicaltrials.gov/study/NCT01147250,2016-10-14,2016-12-12,"Not an independently verified unique active drug; requires alias, arm and regimen review."
SNY,Sanofi,"meningococcal (groups a, c, y and w 135) polysaccharide diphtheria toxoid conjugate vaccine | meningococcal polysaccharide (serogroups a, c, y, and w) tetanus toxoid conjugate vaccine (menacyw conjugate vaccine)",PROVISIONAL_SINGLE_INTERVENTION,1,Meningococcal Immunisation (Healthy Volunteers),NCT04368429,https://clinicaltrials.gov/study/NCT04368429,2021-10-06,2021-10-06,"Not an independently verified unique active drug; requires alias, arm and regimen review."
SNY,Sanofi,meningococcal polysaccharide diphtheria toxoid conjugate (menactra®),PROVISIONAL_SINGLE_INTERVENTION,1,Meningitis | Meningococcal Infection,NCT01086969,https://clinicaltrials.gov/study/NCT01086969,2012-02-03,2012-02-03,"Not an independently verified unique active drug; requires alias, arm and regimen review."
SNY,Sanofi,pentacel™: hcpdt-ipv//prp-t vaccine and prevnar®,PROVISIONAL_SINGLE_INTERVENTION,1,Diphtheria | Haemophilus Infection | Pertussis | Polio | Tetanus,NCT00772928,https://clinicaltrials.gov/study/NCT00772928,2010-02-12,2010-02-12,"Not an independently verified unique active drug; requires alias, arm and regimen review."
SNY,Sanofi,placebo (for teriflunomide) | teriflunomide,PROVISIONAL_SINGLE_INTERVENTION,1,Multiple Sclerosis,NCT00134563,https://clinicaltrials.gov/study/NCT00134563,2012-11-06,2012-11-06,"Not an independently verified unique active drug; requires alias, arm and regimen review."
SNY,Sanofi,placebo to match teriflunomide | placebo to match tolebrutinib | teriflunomide hmr1726 | tolebrutinib,PROVISIONAL_SINGLE_INTERVENTION,1,Relapsing Multiple Sclerosis,NCT04410991,https://clinicaltrials.gov/study/NCT04410991,2025-06-18,2025-06-18,"Not an independently verified unique active drug; requires alias, arm and regimen review."
SNY,Sanofi,placebo to match teriflunomide | placebo to match tolebrutinib | teriflunomide | tolebrutinib,PROVISIONAL_SINGLE_INTERVENTION,1,Relapsing Multiple Sclerosis,NCT04410978,https://clinicaltrials.gov/study/NCT04410978,2025-06-18,2025-06-18,"Not an independently verified unique active drug; requires alias, arm and regimen review."
SNY,Sanofi,placebo to match tolebrutinib | tolebrutinib,PROVISIONAL_SINGLE_INTERVENTION,1,Non-relapsing Secondary Progressive Multiple Sclerosis,NCT04411641,https://clinicaltrials.gov/study/NCT04411641,2025-06-18,2025-06-18,"Not an independently verified unique active drug; requires alias, arm and regimen review."
SNY,Sanofi,"placebo | aflibercept (ziv-aflibercept, ave0005, vegf trap, zaltrap®)",PROVISIONAL_SINGLE_INTERVENTION,1,Ascites | Ovarian Neoplasms,NCT00327444,https://clinicaltrials.gov/study/NCT00327444,2013-01-01,2013-01-01,"Not an independently verified unique active drug; requires alias, arm and regimen review."
SNY,Sanofi,placebo | sarilumab sar153191,PROVISIONAL_SINGLE_INTERVENTION,1,Corona Virus Infection,NCT04327388,https://clinicaltrials.gov/study/NCT04327388,2021-05-13,2021-05-13,"Not an independently verified unique active drug; requires alias, arm and regimen review."
SNY,Sanofi,placebo | sevelamer carbonate (gz419831),PROVISIONAL_SINGLE_INTERVENTION,1,Hyperphosphatemia,NCT03001011,https://clinicaltrials.gov/study/NCT03001011,2020-07-28,2020-07-28,"Not an independently verified unique active drug; requires alias, arm and regimen review."
SNY,Sanofi,placebo | teriflunomide,PROVISIONAL_SINGLE_INTERVENTION,2,Multiple Sclerosis,NCT00622700 | NCT00751881,https://clinicaltrials.gov/study/NCT00622700 | https://clinicaltrials.gov/study/NCT00751881,2013-06-26,2014-12-19,"Not an independently verified unique active drug; requires alias, arm and regimen review."
SNY,Sanofi,placebo | tolebrutininb,PROVISIONAL_SINGLE_INTERVENTION,1,Myasthenia Gravis,NCT05132569,https://clinicaltrials.gov/study/NCT05132569,2024-04-08,2024-04-08,"Not an independently verified unique active drug; requires alias, arm and regimen review."
SNY,Sanofi,prednisone | prednisone matching placebo | sarilumab sar153191 | sarilumab matching placebo,PROVISIONAL_SINGLE_INTERVENTION,1,Giant Cell Arteritis,NCT03600805,https://clinicaltrials.gov/study/NCT03600805,2022-01-14,2022-01-14,"Not an independently verified unique active drug; requires alias, arm and regimen review."
SNY,Sanofi,prednisone | prednisone-matching placebo | sarilumab sar153191 (regn88) | sarilumab-matching placebo,PROVISIONAL_SINGLE_INTERVENTION,1,Polymyalgia Rheumatica,NCT03600818,https://clinicaltrials.gov/study/NCT03600818,2022-06-10,2022-06-10,"Not an independently verified unique active drug; requires alias, arm and regimen review."
SNY,Sanofi,sar153191 (regn88),PROVISIONAL_SINGLE_INTERVENTION,1,Rheumatoid Arthritis,NCT01146652,https://clinicaltrials.gov/study/NCT01146652,2022-01-24,2022-01-24,"Not an independently verified unique active drug; requires alias, arm and regimen review."
SNY,Sanofi,sarilumab sar153191 (regn88),PROVISIONAL_SINGLE_INTERVENTION,1,Rheumatoid Arthritis,NCT02121210,https://clinicaltrials.gov/study/NCT02121210,2017-06-20,2017-06-20,"Not an independently verified unique active drug; requires alias, arm and regimen review."
SNY,Sanofi,sarilumab | hydroxychloroquine | leflunomide | methotrexate | placebo | sulfasalazine,PROVISIONAL_SINGLE_INTERVENTION,1,Rheumatoid Arthritis,NCT01709578,https://clinicaltrials.gov/study/NCT01709578,2017-08-08,2017-08-08,"Not an independently verified unique active drug; requires alias, arm and regimen review."
SNY,Sanofi,sutimlimab,PROVISIONAL_SINGLE_INTERVENTION,1,Cold Agglutinin Disease,NCT05132127,https://clinicaltrials.gov/study/NCT05132127,2023-10-03,2023-10-03,"Not an independently verified unique active drug; requires alias, arm and regimen review."
SNY,Sanofi,tdcp-ipv vaccine,PROVISIONAL_SINGLE_INTERVENTION,1,Diphtheria | Pertussis | Poliomyelitis | Tetanus,NCT00797511,https://clinicaltrials.gov/study/NCT00797511,2012-11-26,2012-11-26,"Not an independently verified unique active drug; requires alias, arm and regimen review."
SNY,Sanofi,teriflunomide (hmr1726),PROVISIONAL_SINGLE_INTERVENTION,1,Multiple Sclerosis,NCT00803049,https://clinicaltrials.gov/study/NCT00803049,2017-01-30,2017-01-30,"Not an independently verified unique active drug; requires alias, arm and regimen review."
SNY,Sanofi,trivalent inactivated influenza vaccine | trivalent inactivated influenza vaccine high dose,PROVISIONAL_SINGLE_INTERVENTION,1,Influenza,NCT00976027,https://clinicaltrials.gov/study/NCT00976027,2012-07-25,2012-07-25,"Not an independently verified unique active drug; requires alias, arm and regimen review."
SNY,Sanofi,vandetanib,PROVISIONAL_SINGLE_INTERVENTION,1,Locally Advanced or Metastatic Medullary Thyroid Cancer | Medullary Thyroid Cancer,NCT01298323,https://clinicaltrials.gov/study/NCT01298323,2014-11-24,2014-11-24,"Not an independently verified unique active drug; requires alias, arm and regimen review."
SNY,Sanofi,venglustat gz402671,PROVISIONAL_SINGLE_INTERVENTION,1,Congenital Cystic Kidney Disease,NCT04705051,https://clinicaltrials.gov/study/NCT04705051,2022-10-06,2022-10-06,"Not an independently verified unique active drug; requires alias, arm and regimen review."
SPRO,"Spero Therapeutics, Inc.",dummy infusion | dummy tablets | ertapenem | tbpm-pi-hbr,PROVISIONAL_SINGLE_INTERVENTION,1,Acute Pyelonephritis | Complicated Urinary Tract Infection,NCT03788967,https://clinicaltrials.gov/study/NCT03788967,2022-07-25,2022-07-25,"Not an independently verified unique active drug; requires alias, arm and regimen review."
SPRO,"Spero Therapeutics, Inc.",dummy infusion | dummy tablets | imipenem-cilastatin | tbp-pi-hbr,PROVISIONAL_SINGLE_INTERVENTION,1,Acute Pyelonephritis | Urinary Tract Infection,NCT06059846,https://clinicaltrials.gov/study/NCT06059846,2026-03-10,2026-03-10,"Not an independently verified unique active drug; requires alias, arm and regimen review."
SRPT,"Sarepta Therapeutics, Inc.",casimersen | golodirsen,PROVISIONAL_SINGLE_INTERVENTION,1,Duchenne Muscular Dystrophy,NCT03532542,https://clinicaltrials.gov/study/NCT03532542,2024-09-19,2024-09-19,"Not an independently verified unique active drug; requires alias, arm and regimen review."
SRPT,"Sarepta Therapeutics, Inc.",eteplirsen,PROVISIONAL_SINGLE_INTERVENTION,1,Duchenne Muscular Dystrophy (DMD),NCT02255552,https://clinicaltrials.gov/study/NCT02255552,2020-07-01,2020-07-01,"Not an independently verified unique active drug; requires alias, arm and regimen review."
SUPN,"SUPERNUS PHARMACEUTICALS, INC.",100mg spn-812 | 200mg spn-812 | placebo,PROVISIONAL_SINGLE_INTERVENTION,1,ADHD,NCT03247530,https://clinicaltrials.gov/study/NCT03247530,2021-06-02,2021-06-02,"Not an independently verified unique active drug; requires alias, arm and regimen review."
SUPN,"SUPERNUS PHARMACEUTICALS, INC.",1200mg spn-804 | 2400mg spn-804 | placebo,PROVISIONAL_SINGLE_INTERVENTION,1,"Epilepsies, Partial",NCT00772603,https://clinicaltrials.gov/study/NCT00772603,2014-02-11,2014-02-11,"Not an independently verified unique active drug; requires alias, arm and regimen review."
SUPN,"SUPERNUS PHARMACEUTICALS, INC.",200mg spn-812 | 400mg spn-812 | placebo,PROVISIONAL_SINGLE_INTERVENTION,2,ADHD,NCT03247517 | NCT03247543,https://clinicaltrials.gov/study/NCT03247517 | https://clinicaltrials.gov/study/NCT03247543,2021-06-18,2021-07-08,"Not an independently verified unique active drug; requires alias, arm and regimen review."
SUPN,"SUPERNUS PHARMACEUTICALS, INC.",400mg spn-812 | 600mg spn-812 | placebo,PROVISIONAL_SINGLE_INTERVENTION,1,ADHD,NCT03247556,https://clinicaltrials.gov/study/NCT03247556,2021-07-02,2021-07-02,"Not an independently verified unique active drug; requires alias, arm and regimen review."
SUPN,"SUPERNUS PHARMACEUTICALS, INC.",brexanolone,PROVISIONAL_SINGLE_INTERVENTION,1,Post Partum Depression,NCT03665038,https://clinicaltrials.gov/study/NCT03665038,2022-08-11,2022-08-11,"Not an independently verified unique active drug; requires alias, arm and regimen review."
SUPN,"SUPERNUS PHARMACEUTICALS, INC.",oxcarbazepine xr,PROVISIONAL_SINGLE_INTERVENTION,1,Partial Epilepsy,NCT00908349,https://clinicaltrials.gov/study/NCT00908349,2017-05-31,2017-05-31,"Not an independently verified unique active drug; requires alias, arm and regimen review."
SUPN,"SUPERNUS PHARMACEUTICALS, INC.",placebo | sage-547,PROVISIONAL_SINGLE_INTERVENTION,1,Super-Refractory Status Epilepticus,NCT02477618,https://clinicaltrials.gov/study/NCT02477618,2019-05-02,2019-05-02,"Not an independently verified unique active drug; requires alias, arm and regimen review."
SUPN,"SUPERNUS PHARMACEUTICALS, INC.",placebo | sage-547 60 μg/kg/h | sage-547 90 μg/kg/h,PROVISIONAL_SINGLE_INTERVENTION,1,Postpartum Depression,NCT02942004,https://clinicaltrials.gov/study/NCT02942004,2019-06-13,2019-06-13,"Not an independently verified unique active drug; requires alias, arm and regimen review."
SUPN,"SUPERNUS PHARMACEUTICALS, INC.",placebo | sage-547 90 μg/kg/h,PROVISIONAL_SINGLE_INTERVENTION,1,Postpartum Depression,NCT02942017,https://clinicaltrials.gov/study/NCT02942017,2019-06-13,2019-06-13,"Not an independently verified unique active drug; requires alias, arm and regimen review."
SUPN,"SUPERNUS PHARMACEUTICALS, INC.",placebo | spn-810,PROVISIONAL_SINGLE_INTERVENTION,1,Attention Deficit Hyperactivity Disorder,NCT03597503,https://clinicaltrials.gov/study/NCT03597503,2024-02-20,2024-02-20,"Not an independently verified unique active drug; requires alias, arm and regimen review."
SUPN,"SUPERNUS PHARMACEUTICALS, INC.",placebo | spn-810 (18 mg) | spn-810 (36 mg),PROVISIONAL_SINGLE_INTERVENTION,2,Attention Deficit Hyperactivity Disorder (ADHD),NCT02618408 | NCT02618434,https://clinicaltrials.gov/study/NCT02618408 | https://clinicaltrials.gov/study/NCT02618434,2022-11-01,2024-03-18,"Not an independently verified unique active drug; requires alias, arm and regimen review."
SUPN,"SUPERNUS PHARMACEUTICALS, INC.",placebo | spn-812,PROVISIONAL_SINGLE_INTERVENTION,1,Attention-Deficit/Hyperactivity Disorder (ADHD),NCT04016779,https://clinicaltrials.gov/study/NCT04016779,2022-07-12,2022-07-12,"Not an independently verified unique active drug; requires alias, arm and regimen review."
SUPN,"SUPERNUS PHARMACEUTICALS, INC.",sage-718,PROVISIONAL_SINGLE_INTERVENTION,1,Huntington's Disease,NCT05655520,https://clinicaltrials.gov/study/NCT05655520,2025-12-17,2025-12-17,"Not an independently verified unique active drug; requires alias, arm and regimen review."
SUPN,"SUPERNUS PHARMACEUTICALS, INC.",spn-810,PROVISIONAL_SINGLE_INTERVENTION,1,Attention Deficit Hyperactivity Disorder (ADHD),NCT02691182,https://clinicaltrials.gov/study/NCT02691182,2024-05-16,2024-05-16,"Not an independently verified unique active drug; requires alias, arm and regimen review."
SUPN,"SUPERNUS PHARMACEUTICALS, INC.",spn-812,PROVISIONAL_SINGLE_INTERVENTION,1,Attention-Deficit/Hyperactivity Disorder,NCT04143217,https://clinicaltrials.gov/study/NCT04143217,2024-02-13,2024-02-13,"Not an independently verified unique active drug; requires alias, arm and regimen review."
SVRA,Savara Inc,molgramostim,PROVISIONAL_SINGLE_INTERVENTION,1,Autoimmune Pulmonary Alveolar Proteinosis,NCT03482752,https://clinicaltrials.gov/study/NCT03482752,2024-07-03,2024-07-03,"Not an independently verified unique active drug; requires alias, arm and regimen review."
SVRA,Savara Inc,molgramostim | molgramostim open-label | placebo,PROVISIONAL_SINGLE_INTERVENTION,1,Autoimmune Pulmonary Alveolar Proteinosis,NCT04544293,https://clinicaltrials.gov/study/NCT04544293,2025-08-07,2025-08-07,"Not an independently verified unique active drug; requires alias, arm and regimen review."
SVRA,Savara Inc,placebo inhalation powder | vancomycin inhalation powder,PROVISIONAL_SINGLE_INTERVENTION,1,Cystic Fibrosis | MRSA,NCT03181932,https://clinicaltrials.gov/study/NCT03181932,2021-11-05,2021-11-05,"Not an independently verified unique active drug; requires alias, arm and regimen review."
TARS,"Tarsus Pharmaceuticals, Inc.","tp-03 vehicle | tp-03, 0.25%",PROVISIONAL_SINGLE_INTERVENTION,1,Blepharitis,NCT04475432,https://clinicaltrials.gov/study/NCT04475432,2023-12-21,2023-12-21,"Not an independently verified unique active drug; requires alias, arm and regimen review."
TARS,"Tarsus Pharmaceuticals, Inc.",tp-03 | tp-03 vehicle,PROVISIONAL_SINGLE_INTERVENTION,1,Blepharitis,NCT04784091,https://clinicaltrials.gov/study/NCT04784091,2023-12-21,2023-12-21,"Not an independently verified unique active drug; requires alias, arm and regimen review."
TBPH,"Theravance Biopharma, Inc.",ampreloxetine,PROVISIONAL_SINGLE_INTERVENTION,1,Symptomatic Neurogenic Orthostatic Hypotension,NCT04095793,https://clinicaltrials.gov/study/NCT04095793,2022-11-30,2022-11-30,"Not an independently verified unique active drug; requires alias, arm and regimen review."
TBPH,"Theravance Biopharma, Inc.",placebo | ampreloxetine,PROVISIONAL_SINGLE_INTERVENTION,2,MSA | Parkinson's Disease (PD) | Pure Autonomic Failure (PAF) | Symptomatic Neurogenic Orthostatic Hypotension | Symptomatic Neurogenic Orthostatic Hypotension,NCT03750552 | NCT03829657,https://clinicaltrials.gov/study/NCT03750552 | https://clinicaltrials.gov/study/NCT03829657,2022-09-14,2023-01-20,"Not an independently verified unique active drug; requires alias, arm and regimen review."
TBPH,"Theravance Biopharma, Inc.",placebo | td-1473 dose a | td-1473 dose b | td-1473 dose c,PROVISIONAL_SINGLE_INTERVENTION,1,Ulcerative Colitis (UC),NCT03758443,https://clinicaltrials.gov/study/NCT03758443,2022-11-15,2022-11-15,"Not an independently verified unique active drug; requires alias, arm and regimen review."
TBPH,"Theravance Biopharma, Inc.",td-1473 dose a | td-1473 dose b | td-1473 dose c,PROVISIONAL_SINGLE_INTERVENTION,1,Ulcerative Colitis (UC),NCT03920254,https://clinicaltrials.gov/study/NCT03920254,2022-11-02,2022-11-02,"Not an independently verified unique active drug; requires alias, arm and regimen review."
TENX,"TENAX THERAPEUTICS, INC.",levosimendan | placebo,PROVISIONAL_SINGLE_INTERVENTION,1,Coronary Artery Bypass Grafting | Low Cardiac Output Syndrome | Mitral Valve Surgery,NCT02025621,https://clinicaltrials.gov/study/NCT02025621,2018-05-22,2018-05-22,"Not an independently verified unique active drug; requires alias, arm and regimen review."
TGTX,"TG THERAPEUTICS, INC.",chlorambucil | obinutuzumab | tgr-1202 | ublituximab,PROVISIONAL_SINGLE_INTERVENTION,1,Chronic Lymphocytic Leukemia,NCT02612311,https://clinicaltrials.gov/study/NCT02612311,2024-05-07,2024-05-07,"Not an independently verified unique active drug; requires alias, arm and regimen review."
TGTX,"TG THERAPEUTICS, INC.",ibrutinib | ublituximab,PROVISIONAL_SINGLE_INTERVENTION,1,Chronic Lymphocytic Leukemia,NCT02301156,https://clinicaltrials.gov/study/NCT02301156,2022-05-20,2022-05-20,"Not an independently verified unique active drug; requires alias, arm and regimen review."
TGTX,"TG THERAPEUTICS, INC.",iv placebo | oral placebo | teriflunomide | ublituximab,PROVISIONAL_SINGLE_INTERVENTION,2,Relapsing Multiple Sclerosis (RMS),NCT03277248 | NCT03277261,https://clinicaltrials.gov/study/NCT03277248 | https://clinicaltrials.gov/study/NCT03277261,2021-12-06,2021-12-06,"Not an independently verified unique active drug; requires alias, arm and regimen review."
TGTX,"TG THERAPEUTICS, INC.",ublituximab | umbralisib | venetoclax,PROVISIONAL_SINGLE_INTERVENTION,1,Chronic Lymphocytic Leukemia | Small Lymphocytic Lymphoma,NCT03801525,https://clinicaltrials.gov/study/NCT03801525,2024-04-19,2024-04-19,"Not an independently verified unique active drug; requires alias, arm and regimen review."
TLPH,"TALPHERA, INC.",placebo sufentanil nanotab pca system | sufentanil nanotab pca system/15 mcg,PROVISIONAL_SINGLE_INTERVENTION,2,Post Operative Pain | Post-Operative Pain,NCT01539642 | NCT01660763,https://clinicaltrials.gov/study/NCT01539642 | https://clinicaltrials.gov/study/NCT01660763,2014-02-03,2014-02-03,"Not an independently verified unique active drug; requires alias, arm and regimen review."
TLPH,"TALPHERA, INC.",placebo tablet | sufentanil tablet 30 mcg,PROVISIONAL_SINGLE_INTERVENTION,1,Post-Operative Pain,NCT02356588,https://clinicaltrials.gov/study/NCT02356588,2017-02-13,2017-02-13,"Not an independently verified unique active drug; requires alias, arm and regimen review."
TLPH,"TALPHERA, INC.",sufentanil nanotab pca system/15 mcg | morphine iv pca,PROVISIONAL_SINGLE_INTERVENTION,1,Post-Operative Pain,NCT01539538,https://clinicaltrials.gov/study/NCT01539538,2014-03-27,2014-03-27,"Not an independently verified unique active drug; requires alias, arm and regimen review."
TLPH,"TALPHERA, INC.",sufentanil sublingual 30 mcg tablet,PROVISIONAL_SINGLE_INTERVENTION,1,Moderate-to-severe Acute Pain,NCT02447848,https://clinicaltrials.gov/study/NCT02447848,2017-10-19,2017-10-19,"Not an independently verified unique active drug; requires alias, arm and regimen review."
TLPH,"TALPHERA, INC.",sufentanil sublingual tablet 30 mcg,PROVISIONAL_SINGLE_INTERVENTION,1,Acute Moderate-to-severe Pain,NCT02662556,https://clinicaltrials.gov/study/NCT02662556,2017-03-15,2017-03-15,"Not an independently verified unique active drug; requires alias, arm and regimen review."
TLPH,"TALPHERA, INC.",zalviso™ 15 mcg,PROVISIONAL_SINGLE_INTERVENTION,1,Moderate-to-severe Acute Pain,NCT02662764,https://clinicaltrials.gov/study/NCT02662764,2018-08-08,2018-08-08,"Not an independently verified unique active drug; requires alias, arm and regimen review."
TRVI,"Trevi Therapeutics, Inc.",nalbuphine er tablets | placebo tablets,PROVISIONAL_SINGLE_INTERVENTION,1,Prurigo Nodularis,NCT03497975,https://clinicaltrials.gov/study/NCT03497975,2025-06-24,2025-06-24,"Not an independently verified unique active drug; requires alias, arm and regimen review."
TRVI,"Trevi Therapeutics, Inc.",nalbuphine hcl er,PROVISIONAL_SINGLE_INTERVENTION,2,Nodularis Prurigo | Prurigo | Prurigo Nodularis | Pruritus | Uremic Pruritus,NCT02143973 | NCT02174432,https://clinicaltrials.gov/study/NCT02143973 | https://clinicaltrials.gov/study/NCT02174432,2020-09-07,2020-10-23,"Not an independently verified unique active drug; requires alias, arm and regimen review."
TRVI,"Trevi Therapeutics, Inc.",placebo tablets bid | nalbuphine hcl er tablets 120mg bid | nalbuphine hcl er tablets 60 mg bid,PROVISIONAL_SINGLE_INTERVENTION,1,Pruritus | Uremic Pruritus,NCT02143648,https://clinicaltrials.gov/study/NCT02143648,2020-09-07,2020-09-07,"Not an independently verified unique active drug; requires alias, arm and regimen review."
TRVI,"Trevi Therapeutics, Inc.",placebo tablets bid | nalbuphine hcl er tablets 180 mg bid | nalbuphine hcl er tablets 90 mg bid,PROVISIONAL_SINGLE_INTERVENTION,1,Nodularis Prurigo | Prurigo | Prurigo Nodularis | Pruritus,NCT02174419,https://clinicaltrials.gov/study/NCT02174419,2020-08-21,2020-08-21,"Not an independently verified unique active drug; requires alias, arm and regimen review."
TVTX,"Travere Therapeutics, Inc.",dapagliflozin | irbesartan | sparsentan,PROVISIONAL_SINGLE_INTERVENTION,1,Immunoglobulin A Nephropathy,NCT03762850,https://clinicaltrials.gov/study/NCT03762850,2024-07-03,2024-07-03,"Not an independently verified unique active drug; requires alias, arm and regimen review."
TVTX,"Travere Therapeutics, Inc.",fosmetpantotenate | placebo,PROVISIONAL_SINGLE_INTERVENTION,1,Pantothenate Kinase-Associated Neurodegeneration,NCT03041116,https://clinicaltrials.gov/study/NCT03041116,2020-12-29,2020-12-29,"Not an independently verified unique active drug; requires alias, arm and regimen review."
TVTX,"Travere Therapeutics, Inc.",irbesartan | sparsentan,PROVISIONAL_SINGLE_INTERVENTION,1,Focal Segmental Glomerulosclerosis,NCT03493685,https://clinicaltrials.gov/study/NCT03493685,2024-04-30,2024-04-30,"Not an independently verified unique active drug; requires alias, arm and regimen review."
TXMD,"TherapeuticsMD, Inc.",estradiol | placebo,PROVISIONAL_SINGLE_INTERVENTION,1,Dyspareunia | Menopause | Painful Intercourse | Vulvovaginal Atrophy,NCT02253173,https://clinicaltrials.gov/study/NCT02253173,2017-05-25,2017-05-25,"Not an independently verified unique active drug; requires alias, arm and regimen review."
TXMD,"TherapeuticsMD, Inc.",estradiol | placebo | progesterone,PROVISIONAL_SINGLE_INTERVENTION,1,Menopause,NCT01942668,https://clinicaltrials.gov/study/NCT01942668,2019-05-06,2019-05-06,"Not an independently verified unique active drug; requires alias, arm and regimen review."
URGN,UroGen Pharma Ltd.,ugn-101 instillations,PROVISIONAL_SINGLE_INTERVENTION,1,"Carcinoma, Transitional Cell | Transitional Cell Carcinoma of Renal Pelvis",NCT02793128,https://clinicaltrials.gov/study/NCT02793128,2020-11-20,2020-11-20,"Not an independently verified unique active drug; requires alias, arm and regimen review."
URGN,UroGen Pharma Ltd.,ugn-102,PROVISIONAL_SINGLE_INTERVENTION,3,Bladder Cancer | Urothelial Carcinoma | Urothelial Carcinoma Bladder,NCT04688931 | NCT05136898 | NCT05243550,https://clinicaltrials.gov/study/NCT04688931 | https://clinicaltrials.gov/study/NCT05136898 | https://clinicaltrials.gov/study/NCT05243550,2024-06-06,2024-11-04,"Not an independently verified unique active drug; requires alias, arm and regimen review."
URGN,UroGen Pharma Ltd.,ugn-103,PROVISIONAL_SINGLE_INTERVENTION,1,Bladder Cancer | Urothelial Carcinoma | Urothelial Carcinoma Bladder,NCT06331299,https://clinicaltrials.gov/study/NCT06331299,2026-09-28,2026-09-28,"Not an independently verified unique active drug; requires alias, arm and regimen review."
UTHR,UNITED THERAPEUTICS Corp,dinutuximab | irinotecan | topotecan,PROVISIONAL_SINGLE_INTERVENTION,1,Small Cell Lung Cancer,NCT03098030,https://clinicaltrials.gov/study/NCT03098030,2020-12-09,2020-12-09,"Not an independently verified unique active drug; requires alias, arm and regimen review."
UTHR,UNITED THERAPEUTICS Corp,inhaled treprostinil,PROVISIONAL_SINGLE_INTERVENTION,1,Combined Pulmonary Fibrosis and Emphysema | Interstitial Lung Disease | Pulmonary Hypertension,NCT02633293,https://clinicaltrials.gov/study/NCT02633293,2022-12-02,2022-12-02,"Not an independently verified unique active drug; requires alias, arm and regimen review."
UTHR,UNITED THERAPEUTICS Corp,inhaled treprostinil solution,PROVISIONAL_SINGLE_INTERVENTION,1,Chronic Obstructive Pulmonary Disease | Pulmonary Hypertension,NCT03794583,https://clinicaltrials.gov/study/NCT03794583,2023-12-18,2023-12-18,"Not an independently verified unique active drug; requires alias, arm and regimen review."
UTHR,UNITED THERAPEUTICS Corp,inhaled treprostinil solution | placebo solution,PROVISIONAL_SINGLE_INTERVENTION,1,Chronic Obstructive Pulmonary Disease | Pulmonary Hypertension,NCT03496623,https://clinicaltrials.gov/study/NCT03496623,2023-11-24,2023-11-24,"Not an independently verified unique active drug; requires alias, arm and regimen review."
UTHR,UNITED THERAPEUTICS Corp,inhaled treprostinil | placebo,PROVISIONAL_SINGLE_INTERVENTION,1,Combined Pulmonary Fibrosis and Emphysema | Interstitial Lung Disease | Pulmonary Hypertension,NCT02630316,https://clinicaltrials.gov/study/NCT02630316,2021-07-13,2021-07-13,"Not an independently verified unique active drug; requires alias, arm and regimen review."
UTHR,UNITED THERAPEUTICS Corp,inhaled treprostinil | placebo inhalation solution,PROVISIONAL_SINGLE_INTERVENTION,1,Pulmonary Hypertension,NCT00147199,https://clinicaltrials.gov/study/NCT00147199,2013-08-12,2013-08-12,"Not an independently verified unique active drug; requires alias, arm and regimen review."
UTHR,UNITED THERAPEUTICS Corp,oral treprostinil,PROVISIONAL_SINGLE_INTERVENTION,2,Pulmonary Arterial Hypertension | Pulmonary Hypertension Associated With HFpEF,NCT01027949 | NCT03043651,https://clinicaltrials.gov/study/NCT01027949 | https://clinicaltrials.gov/study/NCT03043651,2020-10-22,2021-05-10,"Not an independently verified unique active drug; requires alias, arm and regimen review."
UTHR,UNITED THERAPEUTICS Corp,oral treprostinil (ut-15c) sustained release tablets,PROVISIONAL_SINGLE_INTERVENTION,1,Pulmonary Hypertension,NCT00325403,https://clinicaltrials.gov/study/NCT00325403,2013-03-18,2013-03-18,"Not an independently verified unique active drug; requires alias, arm and regimen review."
UTHR,UNITED THERAPEUTICS Corp,oral treprostinil (ut-15c) sustained release tablets | placebo,PROVISIONAL_SINGLE_INTERVENTION,1,Pulmonary Hypertension,NCT00325442,https://clinicaltrials.gov/study/NCT00325442,2013-06-10,2013-06-10,"Not an independently verified unique active drug; requires alias, arm and regimen review."
UTHR,UNITED THERAPEUTICS Corp,oral treprostinil | placebo,PROVISIONAL_SINGLE_INTERVENTION,1,Heart Failure With Preserved Ejection Fraction | Pulmonary Hypertension,NCT03037580,https://clinicaltrials.gov/study/NCT03037580,2020-10-22,2020-10-22,"Not an independently verified unique active drug; requires alias, arm and regimen review."
UTHR,UNITED THERAPEUTICS Corp,placebo | ralinepag,PROVISIONAL_SINGLE_INTERVENTION,1,Pulmonary Arterial Hypertension | Pulmonary Hypertension,NCT04084678,https://clinicaltrials.gov/study/NCT04084678,2026-07-06,2026-07-06,"Not an independently verified unique active drug; requires alias, arm and regimen review."
UTHR,UNITED THERAPEUTICS Corp,placebo | treprostinil diolamine,PROVISIONAL_SINGLE_INTERVENTION,1,Pulmonary Arterial Hypertension,NCT01560624,https://clinicaltrials.gov/study/NCT01560624,2020-02-13,2020-02-13,"Not an independently verified unique active drug; requires alias, arm and regimen review."
UTHR,UNITED THERAPEUTICS Corp,placebo | ut-15c sr,PROVISIONAL_SINGLE_INTERVENTION,1,Pulmonary Hypertension,NCT00887978,https://clinicaltrials.gov/study/NCT00887978,2013-01-15,2013-01-15,"Not an independently verified unique active drug; requires alias, arm and regimen review."
UTHR,UNITED THERAPEUTICS Corp,ut-15c (treprostinil diolamine),PROVISIONAL_SINGLE_INTERVENTION,1,Pulmonary Arterial Hypertension,NCT01560637,https://clinicaltrials.gov/study/NCT01560637,2022-06-02,2022-06-02,"Not an independently verified unique active drug; requires alias, arm and regimen review."
UTHR,UNITED THERAPEUTICS Corp,ut-15c sr | treprostinil diethanolamine,PROVISIONAL_SINGLE_INTERVENTION,1,Pulmonary Arterial Hypertension,NCT01934582,https://clinicaltrials.gov/study/NCT01934582,2016-10-27,2016-10-27,"Not an independently verified unique active drug; requires alias, arm and regimen review."
VCEL,Vericel Corp,autologous cultured chondrocytes on porcine collagen membrane,PROVISIONAL_SINGLE_INTERVENTION,1,Articular Cartilage Defect,NCT00719576,https://clinicaltrials.gov/study/NCT00719576,2017-12-14,2017-12-14,"Not an independently verified unique active drug; requires alias, arm and regimen review."
VERA,"Vera Therapeutics, Inc.",atacicept,PROVISIONAL_SINGLE_INTERVENTION,1,Berger Disease | IgA Nephropathy,NCT04716231,https://clinicaltrials.gov/study/NCT04716231,2026-10-01,2026-10-01,"Not an independently verified unique active drug; requires alias, arm and regimen review."
VERU,VERU INC.,veru-111,PROVISIONAL_SINGLE_INTERVENTION,1,SARS-CoV Infection,NCT04842747,https://clinicaltrials.gov/study/NCT04842747,2023-04-18,2023-04-18,"Not an independently verified unique active drug; requires alias, arm and regimen review."
VIR,"Vir Biotechnology, Inc.",placebo | vir-7831 (sotrovimab),PROVISIONAL_SINGLE_INTERVENTION,1,Covid19,NCT04545060,https://clinicaltrials.gov/study/NCT04545060,2022-11-07,2022-11-07,"Not an independently verified unique active drug; requires alias, arm and regimen review."
VIR,"Vir Biotechnology, Inc.",sotrovimab | sotrovimab,PROVISIONAL_SINGLE_INTERVENTION,1,Covid19,NCT04913675,https://clinicaltrials.gov/study/NCT04913675,2023-05-26,2023-05-26,"Not an independently verified unique active drug; requires alias, arm and regimen review."
VNDA,Vanda Pharmaceuticals Inc.,100 mg vec-162 | 20 mg vec-162 | 50 mg vec-162 | placebo,PROVISIONAL_SINGLE_INTERVENTION,1,Insomnia,NCT00291187,https://clinicaltrials.gov/study/NCT00291187,2014-10-15,2014-10-15,"Not an independently verified unique active drug; requires alias, arm and regimen review."
VNDA,Vanda Pharmaceuticals Inc.,300 mg imsidolimab | 750 mg imsidolimab,PROVISIONAL_SINGLE_INTERVENTION,1,Generalized Pustular Psoriasis,NCT05352893,https://clinicaltrials.gov/study/NCT05352893,2026-03-17,2026-03-17,"Not an independently verified unique active drug; requires alias, arm and regimen review."
VNDA,Vanda Pharmaceuticals Inc.,double-blind 200 mg imsidolimab | imsidolimab 750 mg iv/200 mg sc | open-label 200 mg imsidolimab,PROVISIONAL_SINGLE_INTERVENTION,1,Generalized Pustular Psoriasis,NCT05366855,https://clinicaltrials.gov/study/NCT05366855,2026-03-27,2026-03-27,"Not an independently verified unique active drug; requires alias, arm and regimen review."
VNDA,Vanda Pharmaceuticals Inc.,iloperidone | iloperidone placebo,PROVISIONAL_SINGLE_INTERVENTION,1,Bipolar I Disorder,NCT04819776,https://clinicaltrials.gov/study/NCT04819776,2024-04-16,2024-04-16,"Not an independently verified unique active drug; requires alias, arm and regimen review."
VNDA,Vanda Pharmaceuticals Inc.,iloperidone | placebo,PROVISIONAL_SINGLE_INTERVENTION,1,Schizophrenia,NCT01291511,https://clinicaltrials.gov/study/NCT01291511,2023-07-17,2023-07-17,"Not an independently verified unique active drug; requires alias, arm and regimen review."
VNDA,Vanda Pharmaceuticals Inc.,iloperidone | placebo | ziprasidone,PROVISIONAL_SINGLE_INTERVENTION,1,Schizophrenia,NCT00254202,https://clinicaltrials.gov/study/NCT00254202,2024-12-13,2024-12-13,"Not an independently verified unique active drug; requires alias, arm and regimen review."
VNDA,Vanda Pharmaceuticals Inc.,open label tradipitant | placebo | tradipitant,PROVISIONAL_SINGLE_INTERVENTION,1,Diabetic Gastroparesis | Gastroparesis | Idiopathic Gastroparesis,NCT04028492,https://clinicaltrials.gov/study/NCT04028492,2026-09-24,2026-09-24,"Not an independently verified unique active drug; requires alias, arm and regimen review."
VNDA,Vanda Pharmaceuticals Inc.,placebo | tasimelteon,PROVISIONAL_SINGLE_INTERVENTION,4,Jet Lag Type Insomnia | Major Depressive Disorder | Non-24-Hour Sleep-Wake Disorder,NCT01163032 | NCT01428661 | NCT01430754 | NCT03373201,https://clinicaltrials.gov/study/NCT01163032 | https://clinicaltrials.gov/study/NCT01428661 | https://clinicaltrials.gov/study/NCT01430754 | https://clinicaltrials.gov/study/NCT03373201,2014-10-10,2023-09-15,"Not an independently verified unique active drug; requires alias, arm and regimen review."
VNDA,Vanda Pharmaceuticals Inc.,placebo | tradipitant,PROVISIONAL_SINGLE_INTERVENTION,4,Atopic Dermatitis | Motion Sickness,NCT03568331 | NCT04140695 | NCT04327661 | NCT05903924,https://clinicaltrials.gov/study/NCT03568331 | https://clinicaltrials.gov/study/NCT04140695 | https://clinicaltrials.gov/study/NCT04327661 | https://clinicaltrials.gov/study/NCT05903924,2024-05-13,2025-04-04,"Not an independently verified unique active drug; requires alias, arm and regimen review."
VNDA,Vanda Pharmaceuticals Inc.,placebo | vec-162 20 mg | vec-162 50 mg,PROVISIONAL_SINGLE_INTERVENTION,1,Primary Insomnia,NCT00548340,https://clinicaltrials.gov/study/NCT00548340,2014-10-15,2014-10-15,"Not an independently verified unique active drug; requires alias, arm and regimen review."
VTGN,"Vistagen Therapeutics, Inc.",ph94b,PROVISIONAL_SINGLE_INTERVENTION,1,Social Anxiety Disorder,NCT05030350,https://clinicaltrials.gov/study/NCT05030350,2025-10-21,2025-10-21,"Not an independently verified unique active drug; requires alias, arm and regimen review."
VTGN,"Vistagen Therapeutics, Inc.",ph94b nasal spray | placebo nasal spray,PROVISIONAL_SINGLE_INTERVENTION,2,Social Anxiety Disorder,NCT04754802 | NCT05011396,https://clinicaltrials.gov/study/NCT04754802 | https://clinicaltrials.gov/study/NCT05011396,2025-09-12,2025-11-24,"Not an independently verified unique active drug; requires alias, arm and regimen review."
VTVT,vTv Therapeutics Inc.,azeliragon 5mg,PROVISIONAL_SINGLE_INTERVENTION,1,Alzheimer's Disease,NCT02916056,https://clinicaltrials.gov/study/NCT02916056,2021-06-01,2021-06-01,"Not an independently verified unique active drug; requires alias, arm and regimen review."
VTVT,vTv Therapeutics Inc.,azeliragon | placebo,PROVISIONAL_SINGLE_INTERVENTION,1,Alzheimer's Disease,NCT02080364,https://clinicaltrials.gov/study/NCT02080364,2021-05-07,2021-05-07,"Not an independently verified unique active drug; requires alias, arm and regimen review."
XENE,Xenon Pharmaceuticals Inc.,placebo | xen496,PROVISIONAL_SINGLE_INTERVENTION,1,Brain Diseases | Central Nervous System Diseases | Disease | Epilepsy | Epilepsy in Children | Epilepsy; Seizure | Epileptic Syndromes | Nervous System Diseases,NCT04639310,https://clinicaltrials.gov/study/NCT04639310,2024-08-23,2024-08-23,"Not an independently verified unique active drug; requires alias, arm and regimen review."
XENE,Xenon Pharmaceuticals Inc.,xen496,PROVISIONAL_SINGLE_INTERVENTION,1,Brain Diseases | Central Nervous System Diseases | Disease | Epilepsy | Epilepsy in Children | Epilepsy; Seizure | Epileptic Syndromes | Nervous System Diseases,NCT04912856,https://clinicaltrials.gov/study/NCT04912856,2025-02-14,2025-02-14,"Not an independently verified unique active drug; requires alias, arm and regimen review."
ZVRA,"ZEVRA THERAPEUTICS, INC.",kp415 oral capsule,PROVISIONAL_SINGLE_INTERVENTION,1,ADHD,NCT03460652,https://clinicaltrials.gov/study/NCT03460652,2021-07-19,2021-07-19,"Not an independently verified unique active drug; requires alias, arm and regimen review."
ZVRA,"ZEVRA THERAPEUTICS, INC.",kp415 oral capsule | placebo oral capsule,PROVISIONAL_SINGLE_INTERVENTION,1,ADHD,NCT03292952,https://clinicaltrials.gov/study/NCT03292952,2021-06-30,2021-06-30,"Not an independently verified unique active drug; requires alias, arm and regimen review."
