event_key,ticker,drug,pdufa_date,fda_application_identity,fda_evidence_freshness,fda_statistics_gate,fda_cmc_gate,fda_facility_gate,fda_data_integrity_gate,fda_hard_gate,fda_probability,fda_prediction,fda_confidence,fda_gate_reason,fda_model_version,run_id,evidence_cutoff,action_date,action_date_source,imported_evidence_cutoff,cutoff_status,admitted_evidence_count,rejected_evidence_count,source_urls,context_source_url,evidence_summary,review_note,review_status,missing_cmc_subchecks,missing_statistics_subchecks,missing_facility_subchecks,validation_status,fda_comparability_status,fda_primary_endpoint_status
EPZM|2020-01-23|tazemetostat,EPZM,tazemetostat,2020-01-23,UNKNOWN,UNKNOWN,REVIEW,REVIEW,REVIEW,NEUTRAL,REVIEW,,REVIEW,INSUFFICIENT FDA EVIDENCE,application/review-cycle identity not verified | statistics/effectiveness gate unresolved | CMC/product-quality gate unresolved | manufacturing/facility gate unresolved | safety score missing | regulatory score missing | clinical score missing | clinical_meaningfulness score missing | benefit_risk score missing | decision-safe evidence freshness not verified,FDA-V3.2,STRICT-126-20261006,,,,,REQUIRES_VERIFICATION,0,0,,,,tazemetostat: primary-source candidates were searched; candidate links and imported cutoffs require verification before they can pass a gate. No affirmative application-specific CMC and facility clearance dossier was established in this run.,STRICT_ENGINE_EVALUATED_SOURCE_SCREENED,process_validation_status | stability_status | analytical_methods_status | comparability_status | supplier_status,primary_endpoint_status | multiplicity_status | missing_data_status | effect_size_status | replication_status,warning/import/Form483 clearance; named sites/FEI; NAI classification; passed preapproval inspection,RETROSPECTIVE_DEVELOPMENT_NOT_BLIND,,
AIMT|2020-01-31|palforzia,AIMT,palforzia,2020-01-31,UNKNOWN,UNKNOWN,REVIEW,REVIEW,REVIEW,NEUTRAL,REVIEW,,REVIEW,INSUFFICIENT FDA EVIDENCE,application/review-cycle identity not verified | statistics/effectiveness gate unresolved | CMC/product-quality gate unresolved | manufacturing/facility gate unresolved | safety score missing | regulatory score missing | clinical score missing | clinical_meaningfulness score missing | benefit_risk score missing | decision-safe evidence freshness not verified,FDA-V3.2,STRICT-126-20261006,,,,,REQUIRES_VERIFICATION,0,0,,,,palforzia: primary-source candidates were searched; candidate links and imported cutoffs require verification before they can pass a gate. No affirmative application-specific CMC and facility clearance dossier was established in this run.,STRICT_ENGINE_EVALUATED_SOURCE_SCREENED,process_validation_status | stability_status | analytical_methods_status | comparability_status | supplier_status,primary_endpoint_status | multiplicity_status | missing_data_status | effect_size_status | replication_status,warning/import/Form483 clearance; named sites/FEI; NAI classification; passed preapproval inspection,RETROSPECTIVE_DEVELOPMENT_NOT_BLIND,,
ESPR|2020-02-21|bempedoic-acid,ESPR,bempedoic-acid,2020-02-21,UNKNOWN,UNKNOWN,REVIEW,REVIEW,REVIEW,NEUTRAL,REVIEW,,REVIEW,INSUFFICIENT FDA EVIDENCE,application/review-cycle identity not verified | statistics/effectiveness gate unresolved | CMC/product-quality gate unresolved | manufacturing/facility gate unresolved | safety score missing | regulatory score missing | clinical score missing | clinical_meaningfulness score missing | benefit_risk score missing | decision-safe evidence freshness not verified,FDA-V3.2,STRICT-126-20261006,,,,,REQUIRES_VERIFICATION,0,0,,,,bempedoic-acid: primary-source candidates were searched; candidate links and imported cutoffs require verification before they can pass a gate. No affirmative application-specific CMC and facility clearance dossier was established in this run.,STRICT_ENGINE_EVALUATED_SOURCE_SCREENED,process_validation_status | stability_status | analytical_methods_status | comparability_status | supplier_status,primary_endpoint_status | multiplicity_status | missing_data_status | effect_size_status | replication_status,warning/import/Form483 clearance; named sites/FEI; NAI classification; passed preapproval inspection,RETROSPECTIVE_DEVELOPMENT_NOT_BLIND,,
ESPR|2020-02-26|bempedoic-acid-ezetimibe,ESPR,bempedoic-acid-ezetimibe,2020-02-26,UNKNOWN,UNKNOWN,REVIEW,REVIEW,REVIEW,NEUTRAL,REVIEW,,REVIEW,INSUFFICIENT FDA EVIDENCE,application/review-cycle identity not verified | statistics/effectiveness gate unresolved | CMC/product-quality gate unresolved | manufacturing/facility gate unresolved | safety score missing | regulatory score missing | clinical score missing | clinical_meaningfulness score missing | benefit_risk score missing | decision-safe evidence freshness not verified,FDA-V3.2,STRICT-126-20261006,,,,,REQUIRES_VERIFICATION,0,0,,,,bempedoic-acid-ezetimibe: primary-source candidates were searched; candidate links and imported cutoffs require verification before they can pass a gate. No affirmative application-specific CMC and facility clearance dossier was established in this run.,STRICT_ENGINE_EVALUATED_SOURCE_SCREENED,process_validation_status | stability_status | analytical_methods_status | comparability_status | supplier_status,primary_endpoint_status | multiplicity_status | missing_data_status | effect_size_status | replication_status,warning/import/Form483 clearance; named sites/FEI; NAI classification; passed preapproval inspection,RETROSPECTIVE_DEVELOPMENT_NOT_BLIND,,
VIE|2020-06-11|inebilizumab,VIE,inebilizumab,2020-06-11,UNKNOWN,UNKNOWN,REVIEW,REVIEW,REVIEW,NEUTRAL,REVIEW,,REVIEW,INSUFFICIENT FDA EVIDENCE,application/review-cycle identity not verified | statistics/effectiveness gate unresolved | CMC/product-quality gate unresolved | manufacturing/facility gate unresolved | safety score missing | regulatory score missing | clinical score missing | clinical_meaningfulness score missing | benefit_risk score missing | decision-safe evidence freshness not verified,FDA-V3.2,STRICT-126-20261006,,,,,REQUIRES_VERIFICATION,0,0,,,,inebilizumab: primary-source candidates were searched; candidate links and imported cutoffs require verification before they can pass a gate. No affirmative application-specific CMC and facility clearance dossier was established in this run.,STRICT_ENGINE_EVALUATED_SOURCE_SCREENED,process_validation_status | stability_status | analytical_methods_status | comparability_status | supplier_status,primary_endpoint_status | multiplicity_status | missing_data_status | effect_size_status | replication_status,warning/import/Form483 clearance; named sites/FEI; NAI classification; passed preapproval inspection,RETROSPECTIVE_DEVELOPMENT_NOT_BLIND,,
ZGNX|2020-06-25|fenfluramine,ZGNX,fenfluramine,2020-06-25,UNKNOWN,UNKNOWN,REVIEW,REVIEW,REVIEW,NEUTRAL,REVIEW,,REVIEW,INSUFFICIENT FDA EVIDENCE,application/review-cycle identity not verified | statistics/effectiveness gate unresolved | CMC/product-quality gate unresolved | manufacturing/facility gate unresolved | safety score missing | regulatory score missing | clinical score missing | clinical_meaningfulness score missing | benefit_risk score missing | decision-safe evidence freshness not verified,FDA-V3.2,STRICT-126-20261006,,,,,REQUIRES_VERIFICATION,0,0,,,,fenfluramine: primary-source candidates were searched; candidate links and imported cutoffs require verification before they can pass a gate. No affirmative application-specific CMC and facility clearance dossier was established in this run.,STRICT_ENGINE_EVALUATED_SOURCE_SCREENED,process_validation_status | stability_status | analytical_methods_status | comparability_status | supplier_status,primary_endpoint_status | multiplicity_status | missing_data_status | effect_size_status | replication_status,warning/import/Form483 clearance; named sites/FEI; NAI classification; passed preapproval inspection,RETROSPECTIVE_DEVELOPMENT_NOT_BLIND,,
HRTX|2020-06-26|htx-011,HRTX,htx-011,2020-06-26,UNKNOWN,UNKNOWN,REVIEW,REVIEW,REVIEW,NEUTRAL,REVIEW,,REVIEW,INSUFFICIENT FDA EVIDENCE,application/review-cycle identity not verified | statistics/effectiveness gate unresolved | CMC/product-quality gate unresolved | manufacturing/facility gate unresolved | safety score missing | regulatory score missing | clinical score missing | clinical_meaningfulness score missing | benefit_risk score missing | decision-safe evidence freshness not verified,FDA-V3.2,STRICT-126-20261006,,,,,REQUIRES_VERIFICATION,0,0,,,,htx-011: primary-source candidates were searched; candidate links and imported cutoffs require verification before they can pass a gate. No affirmative application-specific CMC and facility clearance dossier was established in this run.,STRICT_ENGINE_EVALUATED_SOURCE_SCREENED,process_validation_status | stability_status | analytical_methods_status | comparability_status | supplier_status,primary_endpoint_status | multiplicity_status | missing_data_status | effect_size_status | replication_status,warning/import/Form483 clearance; named sites/FEI; NAI classification; passed preapproval inspection,RETROSPECTIVE_DEVELOPMENT_NOT_BLIND,,
RARE|2020-06-30|triheptanoin,RARE,triheptanoin,2020-06-30,UNKNOWN,UNKNOWN,REVIEW,REVIEW,REVIEW,NEUTRAL,REVIEW,,REVIEW,INSUFFICIENT FDA EVIDENCE,application/review-cycle identity not verified | statistics/effectiveness gate unresolved | CMC/product-quality gate unresolved | manufacturing/facility gate unresolved | safety score missing | regulatory score missing | clinical score missing | clinical_meaningfulness score missing | benefit_risk score missing | decision-safe evidence freshness not verified,FDA-V3.2,STRICT-126-20261006,,,,,REQUIRES_VERIFICATION,0,0,,,,triheptanoin: primary-source candidates were searched; candidate links and imported cutoffs require verification before they can pass a gate. No affirmative application-specific CMC and facility clearance dossier was established in this run.,STRICT_ENGINE_EVALUATED_SOURCE_SCREENED,process_validation_status | stability_status | analytical_methods_status | comparability_status | supplier_status,primary_endpoint_status | multiplicity_status | missing_data_status | effect_size_status | replication_status,warning/import/Form483 clearance; named sites/FEI; NAI classification; passed preapproval inspection,RETROSPECTIVE_DEVELOPMENT_NOT_BLIND,,
SUPN|2020-11-08|viloxazine,SUPN,viloxazine,2020-11-08,UNKNOWN,UNKNOWN,REVIEW,REVIEW,REVIEW,NEUTRAL,REVIEW,,REVIEW,INSUFFICIENT FDA EVIDENCE,application/review-cycle identity not verified | statistics/effectiveness gate unresolved | CMC/product-quality gate unresolved | manufacturing/facility gate unresolved | safety score missing | regulatory score missing | clinical score missing | clinical_meaningfulness score missing | benefit_risk score missing | decision-safe evidence freshness not verified,FDA-V3.2,STRICT-126-20261006,,,,,REQUIRES_VERIFICATION,0,0,,,,viloxazine: primary-source candidates were searched; candidate links and imported cutoffs require verification before they can pass a gate. No affirmative application-specific CMC and facility clearance dossier was established in this run.,STRICT_ENGINE_EVALUATED_SOURCE_SCREENED,process_validation_status | stability_status | analytical_methods_status | comparability_status | supplier_status,primary_endpoint_status | multiplicity_status | missing_data_status | effect_size_status | replication_status,warning/import/Form483 clearance; named sites/FEI; NAI classification; passed preapproval inspection,RETROSPECTIVE_DEVELOPMENT_NOT_BLIND,,
ALKS|2020-11-15|olanzapine-samidorphan,ALKS,olanzapine-samidorphan,2020-11-15,UNKNOWN,UNKNOWN,REVIEW,REVIEW,REVIEW,NEUTRAL,REVIEW,,REVIEW,INSUFFICIENT FDA EVIDENCE,application/review-cycle identity not verified | statistics/effectiveness gate unresolved | CMC/product-quality gate unresolved | manufacturing/facility gate unresolved | safety score missing | regulatory score missing | clinical score missing | clinical_meaningfulness score missing | benefit_risk score missing | decision-safe evidence freshness not verified,FDA-V3.2,STRICT-126-20261006,,,,,REQUIRES_VERIFICATION,0,0,,,,olanzapine-samidorphan: primary-source candidates were searched; candidate links and imported cutoffs require verification before they can pass a gate. No affirmative application-specific CMC and facility clearance dossier was established in this run.,STRICT_ENGINE_EVALUATED_SOURCE_SCREENED,process_validation_status | stability_status | analytical_methods_status | comparability_status | supplier_status,primary_endpoint_status | multiplicity_status | missing_data_status | effect_size_status | replication_status,warning/import/Form483 clearance; named sites/FEI; NAI classification; passed preapproval inspection,RETROSPECTIVE_DEVELOPMENT_NOT_BLIND,,
EIGR|2020-11-20|lonafarnib,EIGR,lonafarnib,2020-11-20,UNKNOWN,UNKNOWN,REVIEW,REVIEW,REVIEW,NEUTRAL,REVIEW,,REVIEW,INSUFFICIENT FDA EVIDENCE,application/review-cycle identity not verified | statistics/effectiveness gate unresolved | CMC/product-quality gate unresolved | manufacturing/facility gate unresolved | safety score missing | regulatory score missing | clinical score missing | clinical_meaningfulness score missing | benefit_risk score missing | decision-safe evidence freshness not verified,FDA-V3.2,STRICT-126-20261006,,,,,REQUIRES_VERIFICATION,0,0,,,,lonafarnib: primary-source candidates were searched; candidate links and imported cutoffs require verification before they can pass a gate. No affirmative application-specific CMC and facility clearance dossier was established in this run.,STRICT_ENGINE_EVALUATED_SOURCE_SCREENED,process_validation_status | stability_status | analytical_methods_status | comparability_status | supplier_status,primary_endpoint_status | multiplicity_status | missing_data_status | effect_size_status | replication_status,warning/import/Form483 clearance; named sites/FEI; NAI classification; passed preapproval inspection,RETROSPECTIVE_DEVELOPMENT_NOT_BLIND,,
RYTM|2020-11-27|setmelanotide,RYTM,setmelanotide,2020-11-27,UNKNOWN,UNKNOWN,REVIEW,REVIEW,REVIEW,NEUTRAL,REVIEW,,REVIEW,INSUFFICIENT FDA EVIDENCE,application/review-cycle identity not verified | statistics/effectiveness gate unresolved | CMC/product-quality gate unresolved | manufacturing/facility gate unresolved | safety score missing | regulatory score missing | clinical score missing | clinical_meaningfulness score missing | benefit_risk score missing | decision-safe evidence freshness not verified,FDA-V3.2,STRICT-126-20261006,,,,,REQUIRES_VERIFICATION,0,0,,,,setmelanotide: primary-source candidates were searched; candidate links and imported cutoffs require verification before they can pass a gate. No affirmative application-specific CMC and facility clearance dossier was established in this run.,STRICT_ENGINE_EVALUATED_SOURCE_SCREENED,process_validation_status | stability_status | analytical_methods_status | comparability_status | supplier_status,primary_endpoint_status | multiplicity_status | missing_data_status | effect_size_status | replication_status,warning/import/Form483 clearance; named sites/FEI; NAI classification; passed preapproval inspection,RETROSPECTIVE_DEVELOPMENT_NOT_BLIND,,
YMAB|2020-11-30|naxitamab,YMAB,naxitamab,2020-11-30,UNKNOWN,UNKNOWN,REVIEW,REVIEW,REVIEW,NEUTRAL,REVIEW,,REVIEW,INSUFFICIENT FDA EVIDENCE,application/review-cycle identity not verified | statistics/effectiveness gate unresolved | CMC/product-quality gate unresolved | manufacturing/facility gate unresolved | safety score missing | regulatory score missing | clinical score missing | clinical_meaningfulness score missing | benefit_risk score missing | decision-safe evidence freshness not verified,FDA-V3.2,STRICT-126-20261006,,,,,REQUIRES_VERIFICATION,0,0,,,,naxitamab: primary-source candidates were searched; candidate links and imported cutoffs require verification before they can pass a gate. No affirmative application-specific CMC and facility clearance dossier was established in this run.,STRICT_ENGINE_EVALUATED_SOURCE_SCREENED,process_validation_status | stability_status | analytical_methods_status | comparability_status | supplier_status,primary_endpoint_status | multiplicity_status | missing_data_status | effect_size_status | replication_status,warning/import/Form483 clearance; named sites/FEI; NAI classification; passed preapproval inspection,RETROSPECTIVE_DEVELOPMENT_NOT_BLIND,,
VNDA|2020-12-01|tasimelteon-sms,VNDA,tasimelteon-sms,2020-12-01,UNKNOWN,UNKNOWN,REVIEW,REVIEW,REVIEW,NEUTRAL,REVIEW,,REVIEW,INSUFFICIENT FDA EVIDENCE,application/review-cycle identity not verified | statistics/effectiveness gate unresolved | CMC/product-quality gate unresolved | manufacturing/facility gate unresolved | safety score missing | regulatory score missing | clinical score missing | clinical_meaningfulness score missing | benefit_risk score missing | decision-safe evidence freshness not verified,FDA-V3.2,STRICT-126-20261006,,,,,REQUIRES_VERIFICATION,0,0,,,,tasimelteon-sms: primary-source candidates were searched; candidate links and imported cutoffs require verification before they can pass a gate. No affirmative application-specific CMC and facility clearance dossier was established in this run.,STRICT_ENGINE_EVALUATED_SOURCE_SCREENED,process_validation_status | stability_status | analytical_methods_status | comparability_status | supplier_status,primary_endpoint_status | multiplicity_status | missing_data_status | effect_size_status | replication_status,warning/import/Form483 clearance; named sites/FEI; NAI classification; passed preapproval inspection,RETROSPECTIVE_DEVELOPMENT_NOT_BLIND,,
BCRX|2020-12-03|berotralstat,BCRX,berotralstat,2020-12-03,UNKNOWN,UNKNOWN,REVIEW,REVIEW,REVIEW,NEUTRAL,REVIEW,,REVIEW,INSUFFICIENT FDA EVIDENCE,application/review-cycle identity not verified | statistics/effectiveness gate unresolved | CMC/product-quality gate unresolved | manufacturing/facility gate unresolved | safety score missing | regulatory score missing | clinical score missing | clinical_meaningfulness score missing | benefit_risk score missing | decision-safe evidence freshness not verified,FDA-V3.2,STRICT-126-20261006,,,,,REQUIRES_VERIFICATION,0,0,,,,berotralstat: primary-source candidates were searched; candidate links and imported cutoffs require verification before they can pass a gate. No affirmative application-specific CMC and facility clearance dossier was established in this run.,STRICT_ENGINE_EVALUATED_SOURCE_SCREENED,process_validation_status | stability_status | analytical_methods_status | comparability_status | supplier_status,primary_endpoint_status | multiplicity_status | missing_data_status | effect_size_status | replication_status,warning/import/Form483 clearance; named sites/FEI; NAI classification; passed preapproval inspection,RETROSPECTIVE_DEVELOPMENT_NOT_BLIND,,
KPTI|2020-12-18|selinexor-mm,KPTI,selinexor-mm,2020-12-18,UNKNOWN,UNKNOWN,REVIEW,REVIEW,REVIEW,NEUTRAL,REVIEW,,REVIEW,INSUFFICIENT FDA EVIDENCE,application/review-cycle identity not verified | statistics/effectiveness gate unresolved | CMC/product-quality gate unresolved | manufacturing/facility gate unresolved | safety score missing | regulatory score missing | clinical score missing | clinical_meaningfulness score missing | benefit_risk score missing | decision-safe evidence freshness not verified,FDA-V3.2,STRICT-126-20261006,,,,,REQUIRES_VERIFICATION,0,0,,,,selinexor-mm: primary-source candidates were searched; candidate links and imported cutoffs require verification before they can pass a gate. No affirmative application-specific CMC and facility clearance dossier was established in this run.,STRICT_ENGINE_EVALUATED_SOURCE_SCREENED,process_validation_status | stability_status | analytical_methods_status | comparability_status | supplier_status,primary_endpoint_status | multiplicity_status | missing_data_status | effect_size_status | replication_status,warning/import/Form483 clearance; named sites/FEI; NAI classification; passed preapproval inspection,RETROSPECTIVE_DEVELOPMENT_NOT_BLIND,,
MGNX|2020-12-18|margetuximab,MGNX,margetuximab,2020-12-18,UNKNOWN,UNKNOWN,REVIEW,REVIEW,REVIEW,NEUTRAL,REVIEW,,REVIEW,INSUFFICIENT FDA EVIDENCE,application/review-cycle identity not verified | statistics/effectiveness gate unresolved | CMC/product-quality gate unresolved | manufacturing/facility gate unresolved | safety score missing | regulatory score missing | clinical score missing | clinical_meaningfulness score missing | benefit_risk score missing | decision-safe evidence freshness not verified,FDA-V3.2,STRICT-126-20261006,,,,,REQUIRES_VERIFICATION,0,0,,,,margetuximab: primary-source candidates were searched; candidate links and imported cutoffs require verification before they can pass a gate. No affirmative application-specific CMC and facility clearance dossier was established in this run.,STRICT_ENGINE_EVALUATED_SOURCE_SCREENED,process_validation_status | stability_status | analytical_methods_status | comparability_status | supplier_status,primary_endpoint_status | multiplicity_status | missing_data_status | effect_size_status | replication_status,warning/import/Form483 clearance; named sites/FEI; NAI classification; passed preapproval inspection,RETROSPECTIVE_DEVELOPMENT_NOT_BLIND,,
MYOV|2020-12-20|relugolix,MYOV,relugolix,2020-12-20,UNKNOWN,UNKNOWN,REVIEW,REVIEW,REVIEW,NEUTRAL,REVIEW,,REVIEW,INSUFFICIENT FDA EVIDENCE,application/review-cycle identity not verified | statistics/effectiveness gate unresolved | CMC/product-quality gate unresolved | manufacturing/facility gate unresolved | safety score missing | regulatory score missing | clinical score missing | clinical_meaningfulness score missing | benefit_risk score missing | decision-safe evidence freshness not verified,FDA-V3.2,STRICT-126-20261006,,,,,REQUIRES_VERIFICATION,0,0,,,,relugolix: primary-source candidates were searched; candidate links and imported cutoffs require verification before they can pass a gate. No affirmative application-specific CMC and facility clearance dossier was established in this run.,STRICT_ENGINE_EVALUATED_SOURCE_SCREENED,process_validation_status | stability_status | analytical_methods_status | comparability_status | supplier_status,primary_endpoint_status | multiplicity_status | missing_data_status | effect_size_status | replication_status,warning/import/Form483 clearance; named sites/FEI; NAI classification; passed preapproval inspection,RETROSPECTIVE_DEVELOPMENT_NOT_BLIND,,
AUPH|2021-01-22|voclosporin,AUPH,voclosporin,2021-01-22,UNKNOWN,UNKNOWN,REVIEW,REVIEW,REVIEW,NEUTRAL,REVIEW,,REVIEW,INSUFFICIENT FDA EVIDENCE,application/review-cycle identity not verified | statistics/effectiveness gate unresolved | CMC/product-quality gate unresolved | manufacturing/facility gate unresolved | safety score missing | regulatory score missing | clinical score missing | clinical_meaningfulness score missing | benefit_risk score missing | decision-safe evidence freshness not verified,FDA-V3.2,STRICT-126-20261006,,,,,REQUIRES_VERIFICATION,0,0,,,,voclosporin: primary-source candidates were searched; candidate links and imported cutoffs require verification before they can pass a gate. No affirmative application-specific CMC and facility clearance dossier was established in this run.,STRICT_ENGINE_EVALUATED_SOURCE_SCREENED,process_validation_status | stability_status | analytical_methods_status | comparability_status | supplier_status,primary_endpoint_status | multiplicity_status | missing_data_status | effect_size_status | replication_status,warning/import/Form483 clearance; named sites/FEI; NAI classification; passed preapproval inspection,RETROSPECTIVE_DEVELOPMENT_NOT_BLIND,,
GTHX|2021-02-15|trilaciclib,GTHX,trilaciclib,2021-02-15,UNKNOWN,UNKNOWN,REVIEW,REVIEW,REVIEW,NEUTRAL,REVIEW,,REVIEW,INSUFFICIENT FDA EVIDENCE,application/review-cycle identity not verified | statistics/effectiveness gate unresolved | CMC/product-quality gate unresolved | manufacturing/facility gate unresolved | safety score missing | regulatory score missing | clinical score missing | clinical_meaningfulness score missing | benefit_risk score missing | decision-safe evidence freshness not verified,FDA-V3.2,STRICT-126-20261006,,,,,REQUIRES_VERIFICATION,0,0,,,,trilaciclib: primary-source candidates were searched; candidate links and imported cutoffs require verification before they can pass a gate. No affirmative application-specific CMC and facility clearance dossier was established in this run.,STRICT_ENGINE_EVALUATED_SOURCE_SCREENED,process_validation_status | stability_status | analytical_methods_status | comparability_status | supplier_status,primary_endpoint_status | multiplicity_status | missing_data_status | effect_size_status | replication_status,warning/import/Form483 clearance; named sites/FEI; NAI classification; passed preapproval inspection,RETROSPECTIVE_DEVELOPMENT_NOT_BLIND,,
TGTX|2021-02-15|umbralisib,TGTX,umbralisib,2021-02-15,UNKNOWN,UNKNOWN,REVIEW,REVIEW,REVIEW,NEUTRAL,REVIEW,,REVIEW,INSUFFICIENT FDA EVIDENCE,application/review-cycle identity not verified | statistics/effectiveness gate unresolved | CMC/product-quality gate unresolved | manufacturing/facility gate unresolved | safety score missing | regulatory score missing | clinical score missing | clinical_meaningfulness score missing | benefit_risk score missing | decision-safe evidence freshness not verified,FDA-V3.2,STRICT-126-20261006,,,,,REQUIRES_VERIFICATION,0,0,,,,umbralisib: primary-source candidates were searched; candidate links and imported cutoffs require verification before they can pass a gate. No affirmative application-specific CMC and facility clearance dossier was established in this run.,STRICT_ENGINE_EVALUATED_SOURCE_SCREENED,process_validation_status | stability_status | analytical_methods_status | comparability_status | supplier_status,primary_endpoint_status | multiplicity_status | missing_data_status | effect_size_status | replication_status,warning/import/Form483 clearance; named sites/FEI; NAI classification; passed preapproval inspection,RETROSPECTIVE_DEVELOPMENT_NOT_BLIND,,
CRMD|2021-02-26|defencath,CRMD,defencath,2021-02-26,UNKNOWN,UNKNOWN,REVIEW,REVIEW,REVIEW,NEUTRAL,REVIEW,,REVIEW,INSUFFICIENT FDA EVIDENCE,application/review-cycle identity not verified | statistics/effectiveness gate unresolved | CMC/product-quality gate unresolved | manufacturing/facility gate unresolved | safety score missing | regulatory score missing | clinical score missing | clinical_meaningfulness score missing | benefit_risk score missing | decision-safe evidence freshness not verified,FDA-V3.2,STRICT-126-20261006,,,,,REQUIRES_VERIFICATION,0,0,,,,defencath: primary-source candidates were searched; candidate links and imported cutoffs require verification before they can pass a gate. No affirmative application-specific CMC and facility clearance dossier was established in this run.,STRICT_ENGINE_EVALUATED_SOURCE_SCREENED,process_validation_status | stability_status | analytical_methods_status | comparability_status | supplier_status,primary_endpoint_status | multiplicity_status | missing_data_status | effect_size_status | replication_status,warning/import/Form483 clearance; named sites/FEI; NAI classification; passed preapproval inspection,RETROSPECTIVE_DEVELOPMENT_NOT_BLIND,,
ATNX|2021-03-01|oral-paclitaxel,ATNX,oral-paclitaxel,2021-03-01,UNKNOWN,UNKNOWN,REVIEW,REVIEW,REVIEW,NEUTRAL,REVIEW,,REVIEW,INSUFFICIENT FDA EVIDENCE,application/review-cycle identity not verified | statistics/effectiveness gate unresolved | CMC/product-quality gate unresolved | manufacturing/facility gate unresolved | safety score missing | regulatory score missing | clinical score missing | clinical_meaningfulness score missing | benefit_risk score missing | decision-safe evidence freshness not verified,FDA-V3.2,STRICT-126-20261006,,,,,REQUIRES_VERIFICATION,0,0,,,,oral-paclitaxel: primary-source candidates were searched; candidate links and imported cutoffs require verification before they can pass a gate. No affirmative application-specific CMC and facility clearance dossier was established in this run.,STRICT_ENGINE_EVALUATED_SOURCE_SCREENED,process_validation_status | stability_status | analytical_methods_status | comparability_status | supplier_status,primary_endpoint_status | multiplicity_status | missing_data_status | effect_size_status | replication_status,warning/import/Form483 clearance; named sites/FEI; NAI classification; passed preapproval inspection,RETROSPECTIVE_DEVELOPMENT_NOT_BLIND,,
BLUE|2021-03-27|idecabtagene-vicleucel,BLUE,idecabtagene-vicleucel,2021-03-27,UNKNOWN,UNKNOWN,REVIEW,REVIEW,REVIEW,NEUTRAL,REVIEW,,REVIEW,INSUFFICIENT FDA EVIDENCE,application/review-cycle identity not verified | statistics/effectiveness gate unresolved | CMC/product-quality gate unresolved | manufacturing/facility gate unresolved | safety score missing | regulatory score missing | clinical score missing | clinical_meaningfulness score missing | benefit_risk score missing | decision-safe evidence freshness not verified,FDA-V3.2,STRICT-126-20261006,,,,,REQUIRES_VERIFICATION,0,0,,,,idecabtagene-vicleucel: primary-source candidates were searched; candidate links and imported cutoffs require verification before they can pass a gate. No affirmative application-specific CMC and facility clearance dossier was established in this run.,STRICT_ENGINE_EVALUATED_SOURCE_SCREENED,process_validation_status | stability_status | analytical_methods_status | comparability_status | supplier_status,primary_endpoint_status | multiplicity_status | missing_data_status | effect_size_status | replication_status,warning/import/Form483 clearance; named sites/FEI; NAI classification; passed preapproval inspection,RETROSPECTIVE_DEVELOPMENT_NOT_BLIND,,
APLS|2021-05-14|pegcetacoplan,APLS,pegcetacoplan,2021-05-14,UNKNOWN,UNKNOWN,REVIEW,REVIEW,REVIEW,NEUTRAL,REVIEW,,REVIEW,INSUFFICIENT FDA EVIDENCE,application/review-cycle identity not verified | statistics/effectiveness gate unresolved | CMC/product-quality gate unresolved | manufacturing/facility gate unresolved | safety score missing | regulatory score missing | clinical score missing | clinical_meaningfulness score missing | benefit_risk score missing | decision-safe evidence freshness not verified,FDA-V3.2,STRICT-126-20261006,,,,,REQUIRES_VERIFICATION,0,0,,,,pegcetacoplan: primary-source candidates were searched; candidate links and imported cutoffs require verification before they can pass a gate. No affirmative application-specific CMC and facility clearance dossier was established in this run.,STRICT_ENGINE_EVALUATED_SOURCE_SCREENED,process_validation_status | stability_status | analytical_methods_status | comparability_status | supplier_status,primary_endpoint_status | multiplicity_status | missing_data_status | effect_size_status | replication_status,warning/import/Form483 clearance; named sites/FEI; NAI classification; passed preapproval inspection,RETROSPECTIVE_DEVELOPMENT_NOT_BLIND,,
ADCT|2021-05-21|loncastuximab-tesirine,ADCT,loncastuximab-tesirine,2021-05-21,UNKNOWN,UNKNOWN,REVIEW,REVIEW,REVIEW,NEUTRAL,REVIEW,,REVIEW,INSUFFICIENT FDA EVIDENCE,application/review-cycle identity not verified | statistics/effectiveness gate unresolved | CMC/product-quality gate unresolved | manufacturing/facility gate unresolved | safety score missing | regulatory score missing | clinical score missing | clinical_meaningfulness score missing | benefit_risk score missing | decision-safe evidence freshness not verified,FDA-V3.2,STRICT-126-20261006,,,,,REQUIRES_VERIFICATION,0,0,,,,loncastuximab-tesirine: primary-source candidates were searched; candidate links and imported cutoffs require verification before they can pass a gate. No affirmative application-specific CMC and facility clearance dossier was established in this run.,STRICT_ENGINE_EVALUATED_SOURCE_SCREENED,process_validation_status | stability_status | analytical_methods_status | comparability_status | supplier_status,primary_endpoint_status | multiplicity_status | missing_data_status | effect_size_status | replication_status,warning/import/Form483 clearance; named sites/FEI; NAI classification; passed preapproval inspection,RETROSPECTIVE_DEVELOPMENT_NOT_BLIND,,
LNTH|2021-05-28|piflufolastat-f18,LNTH,piflufolastat-f18,2021-05-28,UNKNOWN,UNKNOWN,REVIEW,REVIEW,REVIEW,NEUTRAL,REVIEW,,REVIEW,INSUFFICIENT FDA EVIDENCE,application/review-cycle identity not verified | statistics/effectiveness gate unresolved | CMC/product-quality gate unresolved | manufacturing/facility gate unresolved | safety score missing | regulatory score missing | clinical score missing | clinical_meaningfulness score missing | benefit_risk score missing | decision-safe evidence freshness not verified,FDA-V3.2,STRICT-126-20261006,,,,,REQUIRES_VERIFICATION,0,0,,,,piflufolastat-f18: primary-source candidates were searched; candidate links and imported cutoffs require verification before they can pass a gate. No affirmative application-specific CMC and facility clearance dossier was established in this run.,STRICT_ENGINE_EVALUATED_SOURCE_SCREENED,process_validation_status | stability_status | analytical_methods_status | comparability_status | supplier_status,primary_endpoint_status | multiplicity_status | missing_data_status | effect_size_status | replication_status,warning/import/Form483 clearance; named sites/FEI; NAI classification; passed preapproval inspection,RETROSPECTIVE_DEVELOPMENT_NOT_BLIND,,
ORPH|2021-06-17|arimoclomol,ORPH,arimoclomol,2021-06-17,UNKNOWN,UNKNOWN,REVIEW,REVIEW,REVIEW,NEUTRAL,REVIEW,,REVIEW,INSUFFICIENT FDA EVIDENCE,application/review-cycle identity not verified | statistics/effectiveness gate unresolved | CMC/product-quality gate unresolved | manufacturing/facility gate unresolved | safety score missing | regulatory score missing | clinical score missing | clinical_meaningfulness score missing | benefit_risk score missing | decision-safe evidence freshness not verified,FDA-V3.2,STRICT-126-20261006,,,,,REQUIRES_VERIFICATION,0,0,,,,arimoclomol: primary-source candidates were searched; candidate links and imported cutoffs require verification before they can pass a gate. No affirmative application-specific CMC and facility clearance dossier was established in this run.,STRICT_ENGINE_EVALUATED_SOURCE_SCREENED,process_validation_status | stability_status | analytical_methods_status | comparability_status | supplier_status,primary_endpoint_status | multiplicity_status | missing_data_status | effect_size_status | replication_status,warning/import/Form483 clearance; named sites/FEI; NAI classification; passed preapproval inspection,RETROSPECTIVE_DEVELOPMENT_NOT_BLIND,,
PRVB|2021-07-02|teplizumab,PRVB,teplizumab,2021-07-02,PASS,FROZEN,REVIEW,FAIL,REVIEW,NEUTRAL,FAIL,,CRL,HARD-GATE FAIL,CMC/product-quality gate failed | statistics/effectiveness gate unresolved | manufacturing/facility gate unresolved | safety score missing | regulatory score missing | clinical score missing | clinical_meaningfulness score missing | benefit_risk score missing,FDA-V3.2,STRICT-126-20261006,2021-07-01,2021-07-02,https://www.sec.gov/Archives/edgar/data/1695357/000149315221016153/ex99-1.htm,,VERIFIED_DATE_ONLY,1,0,https://www.sec.gov/Archives/edgar/data/1695357/000149315221009858/ex99-1.htm,,FDA concluded proposed commercial and historic trial products failed the prespecified PK AUC comparability range; source is the original 2021 review cycle.,"April 27, 2021 company SEC exhibit reports FDA concluded commercial-versus-trial PK AUC did not meet the prespecified 80–125% comparability range. This is an explicit comparability failure, not merely an advisory vote. Other disciplines remain unverified.",STRICT_ENGINE_EVALUATED_SOURCE_SCREENED,process_validation_status | stability_status | analytical_methods_status | supplier_status,primary_endpoint_status | multiplicity_status | missing_data_status | effect_size_status | replication_status,warning/import/Form483 clearance; named sites/FEI; NAI classification; passed preapproval inspection,RETROSPECTIVE_DEVELOPMENT_NOT_BLIND,FAIL,
ALBO|2021-07-20|odevixibat,ALBO,odevixibat,2021-07-20,UNKNOWN,UNKNOWN,REVIEW,REVIEW,REVIEW,NEUTRAL,REVIEW,,REVIEW,INSUFFICIENT FDA EVIDENCE,application/review-cycle identity not verified | statistics/effectiveness gate unresolved | CMC/product-quality gate unresolved | manufacturing/facility gate unresolved | safety score missing | regulatory score missing | clinical score missing | clinical_meaningfulness score missing | benefit_risk score missing | decision-safe evidence freshness not verified,FDA-V3.2,STRICT-126-20261006,,,,,REQUIRES_VERIFICATION,0,0,,,,odevixibat: primary-source candidates were searched; candidate links and imported cutoffs require verification before they can pass a gate. No affirmative application-specific CMC and facility clearance dossier was established in this run.,STRICT_ENGINE_EVALUATED_SOURCE_SCREENED,process_validation_status | stability_status | analytical_methods_status | comparability_status | supplier_status,primary_endpoint_status | multiplicity_status | missing_data_status | effect_size_status | replication_status,warning/import/Form483 clearance; named sites/FEI; NAI classification; passed preapproval inspection,RETROSPECTIVE_DEVELOPMENT_NOT_BLIND,,
ARDX|2021-07-29|tenapanor,ARDX,tenapanor,2021-07-29,UNKNOWN,UNKNOWN,REVIEW,REVIEW,REVIEW,NEUTRAL,REVIEW,,REVIEW,INSUFFICIENT FDA EVIDENCE,application/review-cycle identity not verified | statistics/effectiveness gate unresolved | CMC/product-quality gate unresolved | manufacturing/facility gate unresolved | safety score missing | regulatory score missing | clinical score missing | clinical_meaningfulness score missing | benefit_risk score missing | decision-safe evidence freshness not verified,FDA-V3.2,STRICT-126-20261006,,,,,REQUIRES_VERIFICATION,0,0,,,,tenapanor: primary-source candidates were searched; candidate links and imported cutoffs require verification before they can pass a gate. No affirmative application-specific CMC and facility clearance dossier was established in this run.,STRICT_ENGINE_EVALUATED_SOURCE_SCREENED,process_validation_status | stability_status | analytical_methods_status | comparability_status | supplier_status,primary_endpoint_status | multiplicity_status | missing_data_status | effect_size_status | replication_status,warning/import/Form483 clearance; named sites/FEI; NAI classification; passed preapproval inspection,RETROSPECTIVE_DEVELOPMENT_NOT_BLIND,,
SPPI|2021-08-06|eflapegrastim,SPPI,eflapegrastim,2021-08-06,UNKNOWN,UNKNOWN,REVIEW,REVIEW,REVIEW,NEUTRAL,REVIEW,,REVIEW,INSUFFICIENT FDA EVIDENCE,application/review-cycle identity not verified | statistics/effectiveness gate unresolved | CMC/product-quality gate unresolved | manufacturing/facility gate unresolved | safety score missing | regulatory score missing | clinical score missing | clinical_meaningfulness score missing | benefit_risk score missing | decision-safe evidence freshness not verified,FDA-V3.2,STRICT-126-20261006,,,,,REQUIRES_VERIFICATION,0,0,,,,eflapegrastim: primary-source candidates were searched; candidate links and imported cutoffs require verification before they can pass a gate. No affirmative application-specific CMC and facility clearance dossier was established in this run.,STRICT_ENGINE_EVALUATED_SOURCE_SCREENED,process_validation_status | stability_status | analytical_methods_status | comparability_status | supplier_status,primary_endpoint_status | multiplicity_status | missing_data_status | effect_size_status | replication_status,warning/import/Form483 clearance; named sites/FEI; NAI classification; passed preapproval inspection,RETROSPECTIVE_DEVELOPMENT_NOT_BLIND,,
SESN|2021-08-18|vicineum,SESN,vicineum,2021-08-18,UNKNOWN,UNKNOWN,REVIEW,REVIEW,REVIEW,NEUTRAL,REVIEW,,REVIEW,INSUFFICIENT FDA EVIDENCE,application/review-cycle identity not verified | statistics/effectiveness gate unresolved | CMC/product-quality gate unresolved | manufacturing/facility gate unresolved | safety score missing | regulatory score missing | clinical score missing | clinical_meaningfulness score missing | benefit_risk score missing | decision-safe evidence freshness not verified,FDA-V3.2,STRICT-126-20261006,,,,,REQUIRES_VERIFICATION,0,0,,,,vicineum: primary-source candidates were searched; candidate links and imported cutoffs require verification before they can pass a gate. No affirmative application-specific CMC and facility clearance dossier was established in this run.,STRICT_ENGINE_EVALUATED_SOURCE_SCREENED,process_validation_status | stability_status | analytical_methods_status | comparability_status | supplier_status,primary_endpoint_status | multiplicity_status | missing_data_status | effect_size_status | replication_status,warning/import/Form483 clearance; named sites/FEI; NAI classification; passed preapproval inspection,RETROSPECTIVE_DEVELOPMENT_NOT_BLIND,,
CARA|2021-08-23|difelikefalin,CARA,difelikefalin,2021-08-23,UNKNOWN,UNKNOWN,REVIEW,REVIEW,REVIEW,NEUTRAL,REVIEW,,REVIEW,INSUFFICIENT FDA EVIDENCE,application/review-cycle identity not verified | statistics/effectiveness gate unresolved | CMC/product-quality gate unresolved | manufacturing/facility gate unresolved | safety score missing | regulatory score missing | clinical score missing | clinical_meaningfulness score missing | benefit_risk score missing | decision-safe evidence freshness not verified,FDA-V3.2,STRICT-126-20261006,,,,,REQUIRES_VERIFICATION,0,0,,,,difelikefalin: primary-source candidates were searched; candidate links and imported cutoffs require verification before they can pass a gate. No affirmative application-specific CMC and facility clearance dossier was established in this run.,STRICT_ENGINE_EVALUATED_SOURCE_SCREENED,process_validation_status | stability_status | analytical_methods_status | comparability_status | supplier_status,primary_endpoint_status | multiplicity_status | missing_data_status | effect_size_status | replication_status,warning/import/Form483 clearance; named sites/FEI; NAI classification; passed preapproval inspection,RETROSPECTIVE_DEVELOPMENT_NOT_BLIND,,
ASND|2021-09-25|lonapegsomatropin,ASND,lonapegsomatropin,2021-09-25,UNKNOWN,UNKNOWN,REVIEW,REVIEW,REVIEW,NEUTRAL,REVIEW,,REVIEW,INSUFFICIENT FDA EVIDENCE,application/review-cycle identity not verified | statistics/effectiveness gate unresolved | CMC/product-quality gate unresolved | manufacturing/facility gate unresolved | safety score missing | regulatory score missing | clinical score missing | clinical_meaningfulness score missing | benefit_risk score missing | decision-safe evidence freshness not verified,FDA-V3.2,STRICT-126-20261006,,,,,REQUIRES_VERIFICATION,0,0,,,,lonapegsomatropin: primary-source candidates were searched; candidate links and imported cutoffs require verification before they can pass a gate. No affirmative application-specific CMC and facility clearance dossier was established in this run.,STRICT_ENGINE_EVALUATED_SOURCE_SCREENED,process_validation_status | stability_status | analytical_methods_status | comparability_status | supplier_status,primary_endpoint_status | multiplicity_status | missing_data_status | effect_size_status | replication_status,warning/import/Form483 clearance; named sites/FEI; NAI classification; passed preapproval inspection,RETROSPECTIVE_DEVELOPMENT_NOT_BLIND,,
MIRM|2021-09-29|maralixibat,MIRM,maralixibat,2021-09-29,UNKNOWN,UNKNOWN,REVIEW,REVIEW,REVIEW,NEUTRAL,REVIEW,,REVIEW,INSUFFICIENT FDA EVIDENCE,application/review-cycle identity not verified | statistics/effectiveness gate unresolved | CMC/product-quality gate unresolved | manufacturing/facility gate unresolved | safety score missing | regulatory score missing | clinical score missing | clinical_meaningfulness score missing | benefit_risk score missing | decision-safe evidence freshness not verified,FDA-V3.2,STRICT-126-20261006,,,,,REQUIRES_VERIFICATION,0,0,,,,maralixibat: primary-source candidates were searched; candidate links and imported cutoffs require verification before they can pass a gate. No affirmative application-specific CMC and facility clearance dossier was established in this run.,STRICT_ENGINE_EVALUATED_SOURCE_SCREENED,process_validation_status | stability_status | analytical_methods_status | comparability_status | supplier_status,primary_endpoint_status | multiplicity_status | missing_data_status | effect_size_status | replication_status,warning/import/Form483 clearance; named sites/FEI; NAI classification; passed preapproval inspection,RETROSPECTIVE_DEVELOPMENT_NOT_BLIND,,
CCXI|2021-10-07|avacopan,CCXI,avacopan,2021-10-07,UNKNOWN,UNKNOWN,REVIEW,REVIEW,REVIEW,NEUTRAL,REVIEW,,REVIEW,INSUFFICIENT FDA EVIDENCE,application/review-cycle identity not verified | statistics/effectiveness gate unresolved | CMC/product-quality gate unresolved | manufacturing/facility gate unresolved | safety score missing | regulatory score missing | clinical score missing | clinical_meaningfulness score missing | benefit_risk score missing | decision-safe evidence freshness not verified,FDA-V3.2,STRICT-126-20261006,,,,,REQUIRES_VERIFICATION,0,0,,,,avacopan: primary-source candidates were searched; candidate links and imported cutoffs require verification before they can pass a gate. No affirmative application-specific CMC and facility clearance dossier was established in this run.,STRICT_ENGINE_EVALUATED_SOURCE_SCREENED,process_validation_status | stability_status | analytical_methods_status | comparability_status | supplier_status,primary_endpoint_status | multiplicity_status | missing_data_status | effect_size_status | replication_status,warning/import/Form483 clearance; named sites/FEI; NAI classification; passed preapproval inspection,RETROSPECTIVE_DEVELOPMENT_NOT_BLIND,,
RVNC|2021-10-15|daxibotulinumtoxina,RVNC,daxibotulinumtoxina,2021-10-15,UNKNOWN,UNKNOWN,REVIEW,REVIEW,REVIEW,NEUTRAL,REVIEW,,REVIEW,INSUFFICIENT FDA EVIDENCE,application/review-cycle identity not verified | statistics/effectiveness gate unresolved | CMC/product-quality gate unresolved | manufacturing/facility gate unresolved | safety score missing | regulatory score missing | clinical score missing | clinical_meaningfulness score missing | benefit_risk score missing | decision-safe evidence freshness not verified,FDA-V3.2,STRICT-126-20261006,,,,,REQUIRES_VERIFICATION,0,0,,,,daxibotulinumtoxina: primary-source candidates were searched; candidate links and imported cutoffs require verification before they can pass a gate. No affirmative application-specific CMC and facility clearance dossier was established in this run.,STRICT_ENGINE_EVALUATED_SOURCE_SCREENED,process_validation_status | stability_status | analytical_methods_status | comparability_status | supplier_status,primary_endpoint_status | multiplicity_status | missing_data_status | effect_size_status | replication_status,warning/import/Form483 clearance; named sites/FEI; NAI classification; passed preapproval inspection,RETROSPECTIVE_DEVELOPMENT_NOT_BLIND,,
UTHR|2021-10-16|tyvaso-dpi,UTHR,tyvaso-dpi,2021-10-16,UNKNOWN,UNKNOWN,REVIEW,REVIEW,REVIEW,NEUTRAL,REVIEW,,REVIEW,INSUFFICIENT FDA EVIDENCE,application/review-cycle identity not verified | statistics/effectiveness gate unresolved | CMC/product-quality gate unresolved | manufacturing/facility gate unresolved | safety score missing | regulatory score missing | clinical score missing | clinical_meaningfulness score missing | benefit_risk score missing | decision-safe evidence freshness not verified,FDA-V3.2,STRICT-126-20261006,,,,,REQUIRES_VERIFICATION,0,0,,,,tyvaso-dpi: primary-source candidates were searched; candidate links and imported cutoffs require verification before they can pass a gate. No affirmative application-specific CMC and facility clearance dossier was established in this run.,STRICT_ENGINE_EVALUATED_SOURCE_SCREENED,process_validation_status | stability_status | analytical_methods_status | comparability_status | supplier_status,primary_endpoint_status | multiplicity_status | missing_data_status | effect_size_status | replication_status,warning/import/Form483 clearance; named sites/FEI; NAI classification; passed preapproval inspection,RETROSPECTIVE_DEVELOPMENT_NOT_BLIND,,
IMCR|2022-01-26|tebentafusp,IMCR,tebentafusp,2022-01-26,UNKNOWN,UNKNOWN,REVIEW,REVIEW,REVIEW,NEUTRAL,REVIEW,,REVIEW,INSUFFICIENT FDA EVIDENCE,application/review-cycle identity not verified | statistics/effectiveness gate unresolved | CMC/product-quality gate unresolved | manufacturing/facility gate unresolved | safety score missing | regulatory score missing | clinical score missing | clinical_meaningfulness score missing | benefit_risk score missing | decision-safe evidence freshness not verified,FDA-V3.2,STRICT-126-20261006,,,,,REQUIRES_VERIFICATION,0,0,,,,tebentafusp: primary-source candidates were searched; candidate links and imported cutoffs require verification before they can pass a gate. No affirmative application-specific CMC and facility clearance dossier was established in this run.,STRICT_ENGINE_EVALUATED_SOURCE_SCREENED,process_validation_status | stability_status | analytical_methods_status | comparability_status | supplier_status,primary_endpoint_status | multiplicity_status | missing_data_status | effect_size_status | replication_status,warning/import/Form483 clearance; named sites/FEI; NAI classification; passed preapproval inspection,RETROSPECTIVE_DEVELOPMENT_NOT_BLIND,,
OPK|2022-01-31|somatrogon,OPK,somatrogon,2022-01-31,UNKNOWN,UNKNOWN,REVIEW,REVIEW,REVIEW,NEUTRAL,REVIEW,,REVIEW,INSUFFICIENT FDA EVIDENCE,application/review-cycle identity not verified | statistics/effectiveness gate unresolved | CMC/product-quality gate unresolved | manufacturing/facility gate unresolved | safety score missing | regulatory score missing | clinical score missing | clinical_meaningfulness score missing | benefit_risk score missing | decision-safe evidence freshness not verified,FDA-V3.2,STRICT-126-20261006,,,,,REQUIRES_VERIFICATION,0,0,,,,somatrogon: primary-source candidates were searched; candidate links and imported cutoffs require verification before they can pass a gate. No affirmative application-specific CMC and facility clearance dossier was established in this run.,STRICT_ENGINE_EVALUATED_SOURCE_SCREENED,process_validation_status | stability_status | analytical_methods_status | comparability_status | supplier_status,primary_endpoint_status | multiplicity_status | missing_data_status | effect_size_status | replication_status,warning/import/Form483 clearance; named sites/FEI; NAI classification; passed preapproval inspection,RETROSPECTIVE_DEVELOPMENT_NOT_BLIND,,
AGIO|2022-02-17|mitapivat,AGIO,mitapivat,2022-02-17,UNKNOWN,UNKNOWN,REVIEW,REVIEW,REVIEW,NEUTRAL,REVIEW,,REVIEW,INSUFFICIENT FDA EVIDENCE,application/review-cycle identity not verified | statistics/effectiveness gate unresolved | CMC/product-quality gate unresolved | manufacturing/facility gate unresolved | safety score missing | regulatory score missing | clinical score missing | clinical_meaningfulness score missing | benefit_risk score missing | decision-safe evidence freshness not verified,FDA-V3.2,STRICT-126-20261006,,,,,REQUIRES_VERIFICATION,0,0,,,,mitapivat: primary-source candidates were searched; candidate links and imported cutoffs require verification before they can pass a gate. No affirmative application-specific CMC and facility clearance dossier was established in this run.,STRICT_ENGINE_EVALUATED_SOURCE_SCREENED,process_validation_status | stability_status | analytical_methods_status | comparability_status | supplier_status,primary_endpoint_status | multiplicity_status | missing_data_status | effect_size_status | replication_status,warning/import/Form483 clearance; named sites/FEI; NAI classification; passed preapproval inspection,RETROSPECTIVE_DEVELOPMENT_NOT_BLIND,,
RETA|2022-02-25|bardoxolone,RETA,bardoxolone,2022-02-25,UNKNOWN,UNKNOWN,REVIEW,REVIEW,REVIEW,NEUTRAL,REVIEW,,REVIEW,INSUFFICIENT FDA EVIDENCE,application/review-cycle identity not verified | statistics/effectiveness gate unresolved | CMC/product-quality gate unresolved | manufacturing/facility gate unresolved | safety score missing | regulatory score missing | clinical score missing | clinical_meaningfulness score missing | benefit_risk score missing | decision-safe evidence freshness not verified,FDA-V3.2,STRICT-126-20261006,,,,,REQUIRES_VERIFICATION,0,0,,,,bardoxolone: primary-source candidates were searched; candidate links and imported cutoffs require verification before they can pass a gate. No affirmative application-specific CMC and facility clearance dossier was established in this run.,STRICT_ENGINE_EVALUATED_SOURCE_SCREENED,process_validation_status | stability_status | analytical_methods_status | comparability_status | supplier_status,primary_endpoint_status | multiplicity_status | missing_data_status | effect_size_status | replication_status,warning/import/Form483 clearance; named sites/FEI; NAI classification; passed preapproval inspection,RETROSPECTIVE_DEVELOPMENT_NOT_BLIND,,
AMYT|2022-02-28|filsuvez,AMYT,filsuvez,2022-02-28,UNKNOWN,UNKNOWN,REVIEW,REVIEW,REVIEW,NEUTRAL,REVIEW,,REVIEW,INSUFFICIENT FDA EVIDENCE,application/review-cycle identity not verified | statistics/effectiveness gate unresolved | CMC/product-quality gate unresolved | manufacturing/facility gate unresolved | safety score missing | regulatory score missing | clinical score missing | clinical_meaningfulness score missing | benefit_risk score missing | decision-safe evidence freshness not verified,FDA-V3.2,STRICT-126-20261006,,,,,REQUIRES_VERIFICATION,0,0,,,,filsuvez: primary-source candidates were searched; candidate links and imported cutoffs require verification before they can pass a gate. No affirmative application-specific CMC and facility clearance dossier was established in this run.,STRICT_ENGINE_EVALUATED_SOURCE_SCREENED,process_validation_status | stability_status | analytical_methods_status | comparability_status | supplier_status,primary_endpoint_status | multiplicity_status | missing_data_status | effect_size_status | replication_status,warning/import/Form483 clearance; named sites/FEI; NAI classification; passed preapproval inspection,RETROSPECTIVE_DEVELOPMENT_NOT_BLIND,,
CTIC|2022-02-28|pacritinib,CTIC,pacritinib,2022-02-28,UNKNOWN,UNKNOWN,REVIEW,REVIEW,REVIEW,NEUTRAL,REVIEW,,REVIEW,INSUFFICIENT FDA EVIDENCE,application/review-cycle identity not verified | statistics/effectiveness gate unresolved | CMC/product-quality gate unresolved | manufacturing/facility gate unresolved | safety score missing | regulatory score missing | clinical score missing | clinical_meaningfulness score missing | benefit_risk score missing | decision-safe evidence freshness not verified,FDA-V3.2,STRICT-126-20261006,,,,,REQUIRES_VERIFICATION,0,0,,,,pacritinib: primary-source candidates were searched; candidate links and imported cutoffs require verification before they can pass a gate. No affirmative application-specific CMC and facility clearance dossier was established in this run.,STRICT_ENGINE_EVALUATED_SOURCE_SCREENED,process_validation_status | stability_status | analytical_methods_status | comparability_status | supplier_status,primary_endpoint_status | multiplicity_status | missing_data_status | effect_size_status | replication_status,warning/import/Form483 clearance; named sites/FEI; NAI classification; passed preapproval inspection,RETROSPECTIVE_DEVELOPMENT_NOT_BLIND,,
LEGN|2022-02-28|ciltacabtagene-autoleucel,LEGN,ciltacabtagene-autoleucel,2022-02-28,UNKNOWN,UNKNOWN,REVIEW,REVIEW,REVIEW,NEUTRAL,REVIEW,,REVIEW,INSUFFICIENT FDA EVIDENCE,application/review-cycle identity not verified | statistics/effectiveness gate unresolved | CMC/product-quality gate unresolved | manufacturing/facility gate unresolved | safety score missing | regulatory score missing | clinical score missing | clinical_meaningfulness score missing | benefit_risk score missing | decision-safe evidence freshness not verified,FDA-V3.2,STRICT-126-20261006,,,,,REQUIRES_VERIFICATION,0,0,,,,ciltacabtagene-autoleucel: primary-source candidates were searched; candidate links and imported cutoffs require verification before they can pass a gate. No affirmative application-specific CMC and facility clearance dossier was established in this run.,STRICT_ENGINE_EVALUATED_SOURCE_SCREENED,process_validation_status | stability_status | analytical_methods_status | comparability_status | supplier_status,primary_endpoint_status | multiplicity_status | missing_data_status | effect_size_status | replication_status,warning/import/Form483 clearance; named sites/FEI; NAI classification; passed preapproval inspection,RETROSPECTIVE_DEVELOPMENT_NOT_BLIND,,
MRNS|2022-03-20|ganaxolone,MRNS,ganaxolone,2022-03-20,UNKNOWN,UNKNOWN,REVIEW,REVIEW,REVIEW,NEUTRAL,REVIEW,,REVIEW,INSUFFICIENT FDA EVIDENCE,application/review-cycle identity not verified | statistics/effectiveness gate unresolved | CMC/product-quality gate unresolved | manufacturing/facility gate unresolved | safety score missing | regulatory score missing | clinical score missing | clinical_meaningfulness score missing | benefit_risk score missing | decision-safe evidence freshness not verified,FDA-V3.2,STRICT-126-20261006,,,,,REQUIRES_VERIFICATION,0,0,,,,ganaxolone: primary-source candidates were searched; candidate links and imported cutoffs require verification before they can pass a gate. No affirmative application-specific CMC and facility clearance dossier was established in this run.,STRICT_ENGINE_EVALUATED_SOURCE_SCREENED,process_validation_status | stability_status | analytical_methods_status | comparability_status | supplier_status,primary_endpoint_status | multiplicity_status | missing_data_status | effect_size_status | replication_status,warning/import/Form483 clearance; named sites/FEI; NAI classification; passed preapproval inspection,RETROSPECTIVE_DEVELOPMENT_NOT_BLIND,,
AKBA|2022-03-29|vadadustat,AKBA,vadadustat,2022-03-29,PASS,FROZEN,FAIL,REVIEW,REVIEW,NEUTRAL,FAIL,,CRL,HARD-GATE FAIL,statistics/effectiveness gate failed | CMC/product-quality gate unresolved | manufacturing/facility gate unresolved | safety score missing | regulatory score missing | clinical score missing | clinical_meaningfulness score missing | benefit_risk score missing,FDA-V3.2,STRICT-126-20261006,2022-03-28,2022-03-29,https://www.sec.gov/Archives/edgar/data/1517022/000119312522089998/d321381dex991.htm,,VERIFIED_DATE_ONLY,1,0,https://ir.akebia.com/news-releases/news-release-details/akebia-therapeutics-announces-top-line-results-its-pro2tect,,PRO2TECT failed its primary MACE safety non-inferiority endpoint; original NDA included the affected non-dialysis population.,"September 3, 2020 sponsor results report failure of the prespecified PRO2TECT primary MACE safety endpoint. June 1, 2021 SEC filing confirms this original NDA includes non-dialysis and dialysis indications. The later dialysis-only resubmission is a separate cycle; this failure is not transferred to it.",STRICT_ENGINE_EVALUATED_SOURCE_SCREENED,process_validation_status | stability_status | analytical_methods_status | comparability_status | supplier_status,multiplicity_status | missing_data_status | effect_size_status | replication_status,warning/import/Form483 clearance; named sites/FEI; NAI classification; passed preapproval inspection,RETROSPECTIVE_DEVELOPMENT_NOT_BLIND,,FAIL
BTAI|2022-04-05|dexmedetomidine-film,BTAI,dexmedetomidine-film,2022-04-05,UNKNOWN,UNKNOWN,REVIEW,REVIEW,REVIEW,NEUTRAL,REVIEW,,REVIEW,INSUFFICIENT FDA EVIDENCE,application/review-cycle identity not verified | statistics/effectiveness gate unresolved | CMC/product-quality gate unresolved | manufacturing/facility gate unresolved | safety score missing | regulatory score missing | clinical score missing | clinical_meaningfulness score missing | benefit_risk score missing | decision-safe evidence freshness not verified,FDA-V3.2,STRICT-126-20261006,,,,,REQUIRES_VERIFICATION,0,0,,,,dexmedetomidine-film: primary-source candidates were searched; candidate links and imported cutoffs require verification before they can pass a gate. No affirmative application-specific CMC and facility clearance dossier was established in this run.,STRICT_ENGINE_EVALUATED_SOURCE_SCREENED,process_validation_status | stability_status | analytical_methods_status | comparability_status | supplier_status,primary_endpoint_status | multiplicity_status | missing_data_status | effect_size_status | replication_status,warning/import/Form483 clearance; named sites/FEI; NAI classification; passed preapproval inspection,RETROSPECTIVE_DEVELOPMENT_NOT_BLIND,,
CHRS|2022-04-30|toripalimab,CHRS,toripalimab,2022-04-30,UNKNOWN,UNKNOWN,REVIEW,REVIEW,REVIEW,NEUTRAL,REVIEW,,REVIEW,INSUFFICIENT FDA EVIDENCE,application/review-cycle identity not verified | statistics/effectiveness gate unresolved | CMC/product-quality gate unresolved | manufacturing/facility gate unresolved | safety score missing | regulatory score missing | clinical score missing | clinical_meaningfulness score missing | benefit_risk score missing | decision-safe evidence freshness not verified,FDA-V3.2,STRICT-126-20261006,,,,,REQUIRES_VERIFICATION,0,0,,,,toripalimab: primary-source candidates were searched; candidate links and imported cutoffs require verification before they can pass a gate. No affirmative application-specific CMC and facility clearance dossier was established in this run.,STRICT_ENGINE_EVALUATED_SOURCE_SCREENED,process_validation_status | stability_status | analytical_methods_status | comparability_status | supplier_status,primary_endpoint_status | multiplicity_status | missing_data_status | effect_size_status | replication_status,warning/import/Form483 clearance; named sites/FEI; NAI classification; passed preapproval inspection,RETROSPECTIVE_DEVELOPMENT_NOT_BLIND,,
HCM|2022-04-30|surufatinib,HCM,surufatinib,2022-04-30,UNKNOWN,UNKNOWN,REVIEW,REVIEW,REVIEW,NEUTRAL,REVIEW,,REVIEW,INSUFFICIENT FDA EVIDENCE,application/review-cycle identity not verified | statistics/effectiveness gate unresolved | CMC/product-quality gate unresolved | manufacturing/facility gate unresolved | safety score missing | regulatory score missing | clinical score missing | clinical_meaningfulness score missing | benefit_risk score missing | decision-safe evidence freshness not verified,FDA-V3.2,STRICT-126-20261006,,,,,REQUIRES_VERIFICATION,0,0,,,,surufatinib: primary-source candidates were searched; candidate links and imported cutoffs require verification before they can pass a gate. No affirmative application-specific CMC and facility clearance dossier was established in this run.,STRICT_ENGINE_EVALUATED_SOURCE_SCREENED,process_validation_status | stability_status | analytical_methods_status | comparability_status | supplier_status,primary_endpoint_status | multiplicity_status | missing_data_status | effect_size_status | replication_status,warning/import/Form483 clearance; named sites/FEI; NAI classification; passed preapproval inspection,RETROSPECTIVE_DEVELOPMENT_NOT_BLIND,,
ARQT|2022-07-29|roflumilast-cream,ARQT,roflumilast-cream,2022-07-29,UNKNOWN,UNKNOWN,REVIEW,REVIEW,REVIEW,NEUTRAL,REVIEW,,REVIEW,INSUFFICIENT FDA EVIDENCE,application/review-cycle identity not verified | statistics/effectiveness gate unresolved | CMC/product-quality gate unresolved | manufacturing/facility gate unresolved | safety score missing | regulatory score missing | clinical score missing | clinical_meaningfulness score missing | benefit_risk score missing | decision-safe evidence freshness not verified,FDA-V3.2,STRICT-126-20261006,,,,,REQUIRES_VERIFICATION,0,0,,,,roflumilast-cream: primary-source candidates were searched; candidate links and imported cutoffs require verification before they can pass a gate. No affirmative application-specific CMC and facility clearance dossier was established in this run.,STRICT_ENGINE_EVALUATED_SOURCE_SCREENED,process_validation_status | stability_status | analytical_methods_status | comparability_status | supplier_status,primary_endpoint_status | multiplicity_status | missing_data_status | effect_size_status | replication_status,warning/import/Form483 clearance; named sites/FEI; NAI classification; passed preapproval inspection,RETROSPECTIVE_DEVELOPMENT_NOT_BLIND,,
CRMD|2022-08-04|defencath-resubmission,CRMD,defencath-resubmission,2022-08-04,UNKNOWN,UNKNOWN,REVIEW,REVIEW,REVIEW,NEUTRAL,REVIEW,,REVIEW,INSUFFICIENT FDA EVIDENCE,application/review-cycle identity not verified | statistics/effectiveness gate unresolved | CMC/product-quality gate unresolved | manufacturing/facility gate unresolved | safety score missing | regulatory score missing | clinical score missing | clinical_meaningfulness score missing | benefit_risk score missing | decision-safe evidence freshness not verified,FDA-V3.2,STRICT-126-20261006,,,,,REQUIRES_VERIFICATION,0,0,,,,defencath-resubmission: primary-source candidates were searched; candidate links and imported cutoffs require verification before they can pass a gate. No affirmative application-specific CMC and facility clearance dossier was established in this run.,STRICT_ENGINE_EVALUATED_SOURCE_SCREENED,process_validation_status | stability_status | analytical_methods_status | comparability_status | supplier_status,primary_endpoint_status | multiplicity_status | missing_data_status | effect_size_status | replication_status,warning/import/Form483 clearance; named sites/FEI; NAI classification; passed preapproval inspection,RETROSPECTIVE_DEVELOPMENT_NOT_BLIND,,
BLUE|2022-08-19|betibeglogene-autotemcel,BLUE,betibeglogene-autotemcel,2022-08-19,UNKNOWN,UNKNOWN,REVIEW,REVIEW,REVIEW,NEUTRAL,REVIEW,,REVIEW,INSUFFICIENT FDA EVIDENCE,application/review-cycle identity not verified | statistics/effectiveness gate unresolved | CMC/product-quality gate unresolved | manufacturing/facility gate unresolved | safety score missing | regulatory score missing | clinical score missing | clinical_meaningfulness score missing | benefit_risk score missing | decision-safe evidence freshness not verified,FDA-V3.2,STRICT-126-20261006,,,,,REQUIRES_VERIFICATION,0,0,,,,betibeglogene-autotemcel: primary-source candidates were searched; candidate links and imported cutoffs require verification before they can pass a gate. No affirmative application-specific CMC and facility clearance dossier was established in this run.,STRICT_ENGINE_EVALUATED_SOURCE_SCREENED,process_validation_status | stability_status | analytical_methods_status | comparability_status | supplier_status,primary_endpoint_status | multiplicity_status | missing_data_status | effect_size_status | replication_status,warning/import/Form483 clearance; named sites/FEI; NAI classification; passed preapproval inspection,RETROSPECTIVE_DEVELOPMENT_NOT_BLIND,,
AXSM|2022-08-22|dextromethorphan-bupropion,AXSM,dextromethorphan-bupropion,2022-08-22,UNKNOWN,UNKNOWN,REVIEW,REVIEW,REVIEW,NEUTRAL,REVIEW,,REVIEW,INSUFFICIENT FDA EVIDENCE,application/review-cycle identity not verified | statistics/effectiveness gate unresolved | CMC/product-quality gate unresolved | manufacturing/facility gate unresolved | safety score missing | regulatory score missing | clinical score missing | clinical_meaningfulness score missing | benefit_risk score missing | decision-safe evidence freshness not verified,FDA-V3.2,STRICT-126-20261006,,,,,REQUIRES_VERIFICATION,0,0,,,,dextromethorphan-bupropion: primary-source candidates were searched; candidate links and imported cutoffs require verification before they can pass a gate. No affirmative application-specific CMC and facility clearance dossier was established in this run.,STRICT_ENGINE_EVALUATED_SOURCE_SCREENED,process_validation_status | stability_status | analytical_methods_status | comparability_status | supplier_status,primary_endpoint_status | multiplicity_status | missing_data_status | effect_size_status | replication_status,warning/import/Form483 clearance; named sites/FEI; NAI classification; passed preapproval inspection,RETROSPECTIVE_DEVELOPMENT_NOT_BLIND,,
RVNC|2022-09-08|daxibotulinumtoxina-resubmission,RVNC,daxibotulinumtoxina-resubmission,2022-09-08,UNKNOWN,UNKNOWN,REVIEW,REVIEW,REVIEW,NEUTRAL,REVIEW,,REVIEW,INSUFFICIENT FDA EVIDENCE,application/review-cycle identity not verified | statistics/effectiveness gate unresolved | CMC/product-quality gate unresolved | manufacturing/facility gate unresolved | safety score missing | regulatory score missing | clinical score missing | clinical_meaningfulness score missing | benefit_risk score missing | decision-safe evidence freshness not verified,FDA-V3.2,STRICT-126-20261006,,,,,REQUIRES_VERIFICATION,0,0,,,,daxibotulinumtoxina-resubmission: primary-source candidates were searched; candidate links and imported cutoffs require verification before they can pass a gate. No affirmative application-specific CMC and facility clearance dossier was established in this run.,STRICT_ENGINE_EVALUATED_SOURCE_SCREENED,process_validation_status | stability_status | analytical_methods_status | comparability_status | supplier_status,primary_endpoint_status | multiplicity_status | missing_data_status | effect_size_status | replication_status,warning/import/Form483 clearance; named sites/FEI; NAI classification; passed preapproval inspection,RETROSPECTIVE_DEVELOPMENT_NOT_BLIND,,
BLUE|2022-09-16|elivaldogene-autotemcel,BLUE,elivaldogene-autotemcel,2022-09-16,UNKNOWN,UNKNOWN,REVIEW,REVIEW,REVIEW,NEUTRAL,REVIEW,,REVIEW,INSUFFICIENT FDA EVIDENCE,application/review-cycle identity not verified | statistics/effectiveness gate unresolved | CMC/product-quality gate unresolved | manufacturing/facility gate unresolved | safety score missing | regulatory score missing | clinical score missing | clinical_meaningfulness score missing | benefit_risk score missing | decision-safe evidence freshness not verified,FDA-V3.2,STRICT-126-20261006,,,,,REQUIRES_VERIFICATION,0,0,,,,elivaldogene-autotemcel: primary-source candidates were searched; candidate links and imported cutoffs require verification before they can pass a gate. No affirmative application-specific CMC and facility clearance dossier was established in this run.,STRICT_ENGINE_EVALUATED_SOURCE_SCREENED,process_validation_status | stability_status | analytical_methods_status | comparability_status | supplier_status,primary_endpoint_status | multiplicity_status | missing_data_status | effect_size_status | replication_status,warning/import/Form483 clearance; named sites/FEI; NAI classification; passed preapproval inspection,RETROSPECTIVE_DEVELOPMENT_NOT_BLIND,,
AMLX|2022-09-29|sodium-phenylbutyrate-taurursodiol,AMLX,sodium-phenylbutyrate-taurursodiol,2022-09-29,UNKNOWN,UNKNOWN,REVIEW,REVIEW,REVIEW,NEUTRAL,REVIEW,,REVIEW,INSUFFICIENT FDA EVIDENCE,application/review-cycle identity not verified | statistics/effectiveness gate unresolved | CMC/product-quality gate unresolved | manufacturing/facility gate unresolved | safety score missing | regulatory score missing | clinical score missing | clinical_meaningfulness score missing | benefit_risk score missing | decision-safe evidence freshness not verified,FDA-V3.2,STRICT-126-20261006,,,,,REQUIRES_VERIFICATION,0,0,,,,sodium-phenylbutyrate-taurursodiol: primary-source candidates were searched; candidate links and imported cutoffs require verification before they can pass a gate. No affirmative application-specific CMC and facility clearance dossier was established in this run.,STRICT_ENGINE_EVALUATED_SOURCE_SCREENED,process_validation_status | stability_status | analytical_methods_status | comparability_status | supplier_status,primary_endpoint_status | multiplicity_status | missing_data_status | effect_size_status | replication_status,warning/import/Form483 clearance; named sites/FEI; NAI classification; passed preapproval inspection,RETROSPECTIVE_DEVELOPMENT_NOT_BLIND,,
PRVB|2022-11-17|teplizumab-resubmission,PRVB,teplizumab-resubmission,2022-11-17,UNKNOWN,UNKNOWN,REVIEW,REVIEW,REVIEW,NEUTRAL,REVIEW,,REVIEW,INSUFFICIENT FDA EVIDENCE,application/review-cycle identity not verified | statistics/effectiveness gate unresolved | CMC/product-quality gate unresolved | manufacturing/facility gate unresolved | safety score missing | regulatory score missing | clinical score missing | clinical_meaningfulness score missing | benefit_risk score missing | decision-safe evidence freshness not verified,FDA-V3.2,STRICT-126-20261006,,,,,REQUIRES_VERIFICATION,0,0,,,,teplizumab-resubmission: primary-source candidates were searched; candidate links and imported cutoffs require verification before they can pass a gate. No affirmative application-specific CMC and facility clearance dossier was established in this run.,STRICT_ENGINE_EVALUATED_SOURCE_SCREENED,process_validation_status | stability_status | analytical_methods_status | comparability_status | supplier_status,primary_endpoint_status | multiplicity_status | missing_data_status | effect_size_status | replication_status,warning/import/Form483 clearance; named sites/FEI; NAI classification; passed preapproval inspection,RETROSPECTIVE_DEVELOPMENT_NOT_BLIND,,
MRTX|2022-12-14|adagrasib,MRTX,adagrasib,2022-12-14,UNKNOWN,UNKNOWN,REVIEW,REVIEW,REVIEW,NEUTRAL,REVIEW,,REVIEW,INSUFFICIENT FDA EVIDENCE,application/review-cycle identity not verified | statistics/effectiveness gate unresolved | CMC/product-quality gate unresolved | manufacturing/facility gate unresolved | safety score missing | regulatory score missing | clinical score missing | clinical_meaningfulness score missing | benefit_risk score missing | decision-safe evidence freshness not verified,FDA-V3.2,STRICT-126-20261006,,,,,REQUIRES_VERIFICATION,0,0,,,,adagrasib: primary-source candidates were searched; candidate links and imported cutoffs require verification before they can pass a gate. No affirmative application-specific CMC and facility clearance dossier was established in this run.,STRICT_ENGINE_EVALUATED_SOURCE_SCREENED,process_validation_status | stability_status | analytical_methods_status | comparability_status | supplier_status,primary_endpoint_status | multiplicity_status | missing_data_status | effect_size_status | replication_status,warning/import/Form483 clearance; named sites/FEI; NAI classification; passed preapproval inspection,RETROSPECTIVE_DEVELOPMENT_NOT_BLIND,,
TGTX|2022-12-28|ublituximab,TGTX,ublituximab,2022-12-28,UNKNOWN,UNKNOWN,REVIEW,REVIEW,REVIEW,NEUTRAL,REVIEW,,REVIEW,INSUFFICIENT FDA EVIDENCE,application/review-cycle identity not verified | statistics/effectiveness gate unresolved | CMC/product-quality gate unresolved | manufacturing/facility gate unresolved | safety score missing | regulatory score missing | clinical score missing | clinical_meaningfulness score missing | benefit_risk score missing | decision-safe evidence freshness not verified,FDA-V3.2,STRICT-126-20261006,,,,,REQUIRES_VERIFICATION,0,0,,,,ublituximab: primary-source candidates were searched; candidate links and imported cutoffs require verification before they can pass a gate. No affirmative application-specific CMC and facility clearance dossier was established in this run.,STRICT_ENGINE_EVALUATED_SOURCE_SCREENED,process_validation_status | stability_status | analytical_methods_status | comparability_status | supplier_status,primary_endpoint_status | multiplicity_status | missing_data_status | effect_size_status | replication_status,warning/import/Form483 clearance; named sites/FEI; NAI classification; passed preapproval inspection,RETROSPECTIVE_DEVELOPMENT_NOT_BLIND,,
PHAT|2023-02-07|vonoprazan,PHAT,vonoprazan,2023-02-07,UNKNOWN,UNKNOWN,REVIEW,REVIEW,REVIEW,NEUTRAL,REVIEW,,REVIEW,INSUFFICIENT FDA EVIDENCE,application/review-cycle identity not verified | statistics/effectiveness gate unresolved | CMC/product-quality gate unresolved | manufacturing/facility gate unresolved | safety score missing | regulatory score missing | clinical score missing | clinical_meaningfulness score missing | benefit_risk score missing | decision-safe evidence freshness not verified,FDA-V3.2,STRICT-126-20261006,,,,2023-02-06,REQUIRES_VERIFICATION,0,0,,https://investors.phathompharma.com/news-releases/news-release-details/phathom-pharmaceuticals-provides-update-new-drug-application/,,"January 3, 2023 sponsor release reports no action by the original January 11 goal date and a request for additional NVP impurity stability evidence. Insufficient stability evidence remains REVIEW; it is not an invented measured stability failure. Confirm the February event/action cutoff independently.",STRICT_ENGINE_EVALUATED_SOURCE_SCREENED,process_validation_status | stability_status | analytical_methods_status | comparability_status | supplier_status,primary_endpoint_status | multiplicity_status | missing_data_status | effect_size_status | replication_status,warning/import/Form483 clearance; named sites/FEI; NAI classification; passed preapproval inspection,RETROSPECTIVE_DEVELOPMENT_NOT_BLIND,,
TVTX|2023-02-17|sparsentan,TVTX,sparsentan,2023-02-17,UNKNOWN,UNKNOWN,REVIEW,REVIEW,REVIEW,NEUTRAL,REVIEW,,REVIEW,INSUFFICIENT FDA EVIDENCE,application/review-cycle identity not verified | statistics/effectiveness gate unresolved | CMC/product-quality gate unresolved | manufacturing/facility gate unresolved | safety score missing | regulatory score missing | clinical score missing | clinical_meaningfulness score missing | benefit_risk score missing | decision-safe evidence freshness not verified,FDA-V3.2,STRICT-126-20261006,,,,2023-02-16,REQUIRES_VERIFICATION,0,0,,,,sparsentan: primary-source candidates were searched; candidate links and imported cutoffs require verification before they can pass a gate. No affirmative application-specific CMC and facility clearance dossier was established in this run.,STRICT_ENGINE_EVALUATED_SOURCE_SCREENED,process_validation_status | stability_status | analytical_methods_status | comparability_status | supplier_status,primary_endpoint_status | multiplicity_status | missing_data_status | effect_size_status | replication_status,warning/import/Form483 clearance; named sites/FEI; NAI classification; passed preapproval inspection,RETROSPECTIVE_DEVELOPMENT_NOT_BLIND,,
APLS|2023-02-26|pegcetacoplan,APLS,pegcetacoplan,2023-02-26,UNKNOWN,UNKNOWN,REVIEW,REVIEW,REVIEW,NEUTRAL,REVIEW,,REVIEW,INSUFFICIENT FDA EVIDENCE,application/review-cycle identity not verified | statistics/effectiveness gate unresolved | CMC/product-quality gate unresolved | manufacturing/facility gate unresolved | safety score missing | regulatory score missing | clinical score missing | clinical_meaningfulness score missing | benefit_risk score missing | decision-safe evidence freshness not verified,FDA-V3.2,STRICT-126-20261006,,,,2023-02-16,REQUIRES_VERIFICATION,0,0,,,,pegcetacoplan: primary-source candidates were searched; candidate links and imported cutoffs require verification before they can pass a gate. No affirmative application-specific CMC and facility clearance dossier was established in this run.,STRICT_ENGINE_EVALUATED_SOURCE_SCREENED,process_validation_status | stability_status | analytical_methods_status | comparability_status | supplier_status,primary_endpoint_status | multiplicity_status | missing_data_status | effect_size_status | replication_status,warning/import/Form483 clearance; named sites/FEI; NAI classification; passed preapproval inspection,RETROSPECTIVE_DEVELOPMENT_NOT_BLIND,,
CYTK|2023-02-28|omecamtiv-mecarbil,CYTK,omecamtiv-mecarbil,2023-02-28,UNKNOWN,UNKNOWN,REVIEW,REVIEW,REVIEW,NEUTRAL,REVIEW,,REVIEW,INSUFFICIENT FDA EVIDENCE,application/review-cycle identity not verified | statistics/effectiveness gate unresolved | CMC/product-quality gate unresolved | manufacturing/facility gate unresolved | safety score missing | regulatory score missing | clinical score missing | clinical_meaningfulness score missing | benefit_risk score missing | decision-safe evidence freshness not verified,FDA-V3.2,STRICT-126-20261006,,,,2023-02-27,REQUIRES_VERIFICATION,0,0,,,,omecamtiv-mecarbil: primary-source candidates were searched; candidate links and imported cutoffs require verification before they can pass a gate. No affirmative application-specific CMC and facility clearance dossier was established in this run.,STRICT_ENGINE_EVALUATED_SOURCE_SCREENED,process_validation_status | stability_status | analytical_methods_status | comparability_status | supplier_status,primary_endpoint_status | multiplicity_status | missing_data_status | effect_size_status | replication_status,warning/import/Form483 clearance; named sites/FEI; NAI classification; passed preapproval inspection,RETROSPECTIVE_DEVELOPMENT_NOT_BLIND,,
RETA|2023-02-28|omaveloxolone,RETA,omaveloxolone,2023-02-28,UNKNOWN,UNKNOWN,REVIEW,REVIEW,REVIEW,NEUTRAL,REVIEW,,REVIEW,INSUFFICIENT FDA EVIDENCE,application/review-cycle identity not verified | statistics/effectiveness gate unresolved | CMC/product-quality gate unresolved | manufacturing/facility gate unresolved | safety score missing | regulatory score missing | clinical score missing | clinical_meaningfulness score missing | benefit_risk score missing | decision-safe evidence freshness not verified,FDA-V3.2,STRICT-126-20261006,,,,2023-02-27,REQUIRES_VERIFICATION,0,0,,,,omaveloxolone: primary-source candidates were searched; candidate links and imported cutoffs require verification before they can pass a gate. No affirmative application-specific CMC and facility clearance dossier was established in this run.,STRICT_ENGINE_EVALUATED_SOURCE_SCREENED,process_validation_status | stability_status | analytical_methods_status | comparability_status | supplier_status,primary_endpoint_status | multiplicity_status | missing_data_status | effect_size_status | replication_status,warning/import/Form483 clearance; named sites/FEI; NAI classification; passed preapproval inspection,RETROSPECTIVE_DEVELOPMENT_NOT_BLIND,,
ACAD|2023-03-10|trofinetide,ACAD,trofinetide,2023-03-10,UNKNOWN,UNKNOWN,REVIEW,REVIEW,REVIEW,NEUTRAL,REVIEW,,REVIEW,INSUFFICIENT FDA EVIDENCE,application/review-cycle identity not verified | statistics/effectiveness gate unresolved | CMC/product-quality gate unresolved | manufacturing/facility gate unresolved | safety score missing | regulatory score missing | clinical score missing | clinical_meaningfulness score missing | benefit_risk score missing | decision-safe evidence freshness not verified,FDA-V3.2,STRICT-126-20261006,,,,2023-03-09,REQUIRES_VERIFICATION,0,0,,,,trofinetide: primary-source candidates were searched; candidate links and imported cutoffs require verification before they can pass a gate. No affirmative application-specific CMC and facility clearance dossier was established in this run.,STRICT_ENGINE_EVALUATED_SOURCE_SCREENED,process_validation_status | stability_status | analytical_methods_status | comparability_status | supplier_status,primary_endpoint_status | multiplicity_status | missing_data_status | effect_size_status | replication_status,warning/import/Form483 clearance; named sites/FEI; NAI classification; passed preapproval inspection,RETROSPECTIVE_DEVELOPMENT_NOT_BLIND,,
MCRB|2023-04-26|vowst,MCRB,vowst,2023-04-26,UNKNOWN,UNKNOWN,REVIEW,REVIEW,REVIEW,NEUTRAL,REVIEW,,REVIEW,INSUFFICIENT FDA EVIDENCE,application/review-cycle identity not verified | statistics/effectiveness gate unresolved | CMC/product-quality gate unresolved | manufacturing/facility gate unresolved | safety score missing | regulatory score missing | clinical score missing | clinical_meaningfulness score missing | benefit_risk score missing | decision-safe evidence freshness not verified,FDA-V3.2,STRICT-126-20261006,,,,2023-04-25,REQUIRES_VERIFICATION,0,0,,,,vowst: primary-source candidates were searched; candidate links and imported cutoffs require verification before they can pass a gate. No affirmative application-specific CMC and facility clearance dossier was established in this run.,STRICT_ENGINE_EVALUATED_SOURCE_SCREENED,process_validation_status | stability_status | analytical_methods_status | comparability_status | supplier_status,primary_endpoint_status | multiplicity_status | missing_data_status | effect_size_status | replication_status,warning/import/Form483 clearance; named sites/FEI; NAI classification; passed preapproval inspection,RETROSPECTIVE_DEVELOPMENT_NOT_BLIND,,
ASND|2023-04-30|transcon-pth,ASND,transcon-pth,2023-04-30,UNKNOWN,UNKNOWN,REVIEW,REVIEW,REVIEW,NEUTRAL,REVIEW,,REVIEW,INSUFFICIENT FDA EVIDENCE,application/review-cycle identity not verified | statistics/effectiveness gate unresolved | CMC/product-quality gate unresolved | manufacturing/facility gate unresolved | safety score missing | regulatory score missing | clinical score missing | clinical_meaningfulness score missing | benefit_risk score missing | decision-safe evidence freshness not verified,FDA-V3.2,STRICT-126-20261006,,,,2023-04-27,REQUIRES_VERIFICATION,0,0,,https://investors.ascendispharma.com/news-releases/news-release-details/ascendis-pharma-provides-update-regulatory-reviews-transcon,,"April 3, 2023 sponsor release reports unspecified FDA deficiencies precluding labeling discussions. The disclosed letter does not identify a failed discipline; retain REVIEW pending the deficiency and its closure evidence, plus CMC/facility clearance.",STRICT_ENGINE_EVALUATED_SOURCE_SCREENED,process_validation_status | stability_status | analytical_methods_status | comparability_status | supplier_status,primary_endpoint_status | multiplicity_status | missing_data_status | effect_size_status | replication_status,warning/import/Form483 clearance; named sites/FEI; NAI classification; passed preapproval inspection,RETROSPECTIVE_DEVELOPMENT_NOT_BLIND,,
KRYS|2023-05-19|vyjuvek,KRYS,vyjuvek,2023-05-19,UNKNOWN,UNKNOWN,REVIEW,REVIEW,REVIEW,NEUTRAL,REVIEW,,REVIEW,INSUFFICIENT FDA EVIDENCE,application/review-cycle identity not verified | statistics/effectiveness gate unresolved | CMC/product-quality gate unresolved | manufacturing/facility gate unresolved | safety score missing | regulatory score missing | clinical score missing | clinical_meaningfulness score missing | benefit_risk score missing | decision-safe evidence freshness not verified,FDA-V3.2,STRICT-126-20261006,,,,2023-05-18,REQUIRES_VERIFICATION,0,0,,,,vyjuvek: primary-source candidates were searched; candidate links and imported cutoffs require verification before they can pass a gate. No affirmative application-specific CMC and facility clearance dossier was established in this run.,STRICT_ENGINE_EVALUATED_SOURCE_SCREENED,process_validation_status | stability_status | analytical_methods_status | comparability_status | supplier_status,primary_endpoint_status | multiplicity_status | missing_data_status | effect_size_status | replication_status,warning/import/Form483 clearance; named sites/FEI; NAI classification; passed preapproval inspection,RETROSPECTIVE_DEVELOPMENT_NOT_BLIND,,
IBRX|2023-05-23|anktiva,IBRX,anktiva,2023-05-23,UNKNOWN,UNKNOWN,REVIEW,REVIEW,REVIEW,NEUTRAL,REVIEW,,REVIEW,INSUFFICIENT FDA EVIDENCE,application/review-cycle identity not verified | statistics/effectiveness gate unresolved | CMC/product-quality gate unresolved | manufacturing/facility gate unresolved | safety score missing | regulatory score missing | clinical score missing | clinical_meaningfulness score missing | benefit_risk score missing | decision-safe evidence freshness not verified,FDA-V3.2,STRICT-126-20261006,,,,2023-05-08,REQUIRES_VERIFICATION,0,0,,,,anktiva: primary-source candidates were searched; candidate links and imported cutoffs require verification before they can pass a gate. No affirmative application-specific CMC and facility clearance dossier was established in this run.,STRICT_ENGINE_EVALUATED_SOURCE_SCREENED,process_validation_status | stability_status | analytical_methods_status | comparability_status | supplier_status,primary_endpoint_status | multiplicity_status | missing_data_status | effect_size_status | replication_status,warning/import/Form483 clearance; named sites/FEI; NAI classification; passed preapproval inspection,RETROSPECTIVE_DEVELOPMENT_NOT_BLIND,,
LXRX|2023-05-27|sotagliflozin,LXRX,sotagliflozin,2023-05-27,UNKNOWN,UNKNOWN,REVIEW,REVIEW,REVIEW,NEUTRAL,REVIEW,,REVIEW,INSUFFICIENT FDA EVIDENCE,application/review-cycle identity not verified | statistics/effectiveness gate unresolved | CMC/product-quality gate unresolved | manufacturing/facility gate unresolved | safety score missing | regulatory score missing | clinical score missing | clinical_meaningfulness score missing | benefit_risk score missing | decision-safe evidence freshness not verified,FDA-V3.2,STRICT-126-20261006,,,,2023-05-25,REQUIRES_VERIFICATION,0,0,,,,sotagliflozin: primary-source candidates were searched; candidate links and imported cutoffs require verification before they can pass a gate. No affirmative application-specific CMC and facility clearance dossier was established in this run.,STRICT_ENGINE_EVALUATED_SOURCE_SCREENED,process_validation_status | stability_status | analytical_methods_status | comparability_status | supplier_status,primary_endpoint_status | multiplicity_status | missing_data_status | effect_size_status | replication_status,warning/import/Form483 clearance; named sites/FEI; NAI classification; passed preapproval inspection,RETROSPECTIVE_DEVELOPMENT_NOT_BLIND,,
AVDL|2023-06-03|lumryz,AVDL,lumryz,2023-06-03,UNKNOWN,UNKNOWN,REVIEW,REVIEW,REVIEW,NEUTRAL,REVIEW,,REVIEW,INSUFFICIENT FDA EVIDENCE,application/review-cycle identity not verified | statistics/effectiveness gate unresolved | CMC/product-quality gate unresolved | manufacturing/facility gate unresolved | safety score missing | regulatory score missing | clinical score missing | clinical_meaningfulness score missing | benefit_risk score missing | decision-safe evidence freshness not verified,FDA-V3.2,STRICT-126-20261006,,,,2023-04-28,REQUIRES_VERIFICATION,0,0,,,,lumryz: primary-source candidates were searched; candidate links and imported cutoffs require verification before they can pass a gate. No affirmative application-specific CMC and facility clearance dossier was established in this run.,STRICT_ENGINE_EVALUATED_SOURCE_SCREENED,process_validation_status | stability_status | analytical_methods_status | comparability_status | supplier_status,primary_endpoint_status | multiplicity_status | missing_data_status | effect_size_status | replication_status,warning/import/Form483 clearance; named sites/FEI; NAI classification; passed preapproval inspection,RETROSPECTIVE_DEVELOPMENT_NOT_BLIND,,
ALDX|2023-06-21|adx-2191,ALDX,adx-2191,2023-06-21,UNKNOWN,UNKNOWN,REVIEW,REVIEW,REVIEW,NEUTRAL,REVIEW,,REVIEW,INSUFFICIENT FDA EVIDENCE,application/review-cycle identity not verified | statistics/effectiveness gate unresolved | CMC/product-quality gate unresolved | manufacturing/facility gate unresolved | safety score missing | regulatory score missing | clinical score missing | clinical_meaningfulness score missing | benefit_risk score missing | decision-safe evidence freshness not verified,FDA-V3.2,STRICT-126-20261006,,,,2023-06-20,REQUIRES_VERIFICATION,0,0,,,,adx-2191: primary-source candidates were searched; candidate links and imported cutoffs require verification before they can pass a gate. No affirmative application-specific CMC and facility clearance dossier was established in this run.,STRICT_ENGINE_EVALUATED_SOURCE_SCREENED,process_validation_status | stability_status | analytical_methods_status | comparability_status | supplier_status,primary_endpoint_status | multiplicity_status | missing_data_status | effect_size_status | replication_status,warning/import/Form483 clearance; named sites/FEI; NAI classification; passed preapproval inspection,RETROSPECTIVE_DEVELOPMENT_NOT_BLIND,,
ICPT|2023-06-22|obeticholic-acid,ICPT,obeticholic-acid,2023-06-22,UNKNOWN,UNKNOWN,REVIEW,REVIEW,REVIEW,NEUTRAL,REVIEW,,REVIEW,INSUFFICIENT FDA EVIDENCE,application/review-cycle identity not verified | statistics/effectiveness gate unresolved | CMC/product-quality gate unresolved | manufacturing/facility gate unresolved | safety score missing | regulatory score missing | clinical score missing | clinical_meaningfulness score missing | benefit_risk score missing | decision-safe evidence freshness not verified,FDA-V3.2,STRICT-126-20261006,,,,2023-06-21,REQUIRES_VERIFICATION,0,0,,,,obeticholic-acid: primary-source candidates were searched; candidate links and imported cutoffs require verification before they can pass a gate. No affirmative application-specific CMC and facility clearance dossier was established in this run.,STRICT_ENGINE_EVALUATED_SOURCE_SCREENED,process_validation_status | stability_status | analytical_methods_status | comparability_status | supplier_status,primary_endpoint_status | multiplicity_status | missing_data_status | effect_size_status | replication_status,warning/import/Form483 clearance; named sites/FEI; NAI classification; passed preapproval inspection,RETROSPECTIVE_DEVELOPMENT_NOT_BLIND,,
MESO|2023-08-02|remestemcel-l,MESO,remestemcel-l,2023-08-02,UNKNOWN,UNKNOWN,REVIEW,REVIEW,REVIEW,NEUTRAL,REVIEW,,REVIEW,INSUFFICIENT FDA EVIDENCE,application/review-cycle identity not verified | statistics/effectiveness gate unresolved | CMC/product-quality gate unresolved | manufacturing/facility gate unresolved | safety score missing | regulatory score missing | clinical score missing | clinical_meaningfulness score missing | benefit_risk score missing | decision-safe evidence freshness not verified,FDA-V3.2,STRICT-126-20261006,,,,2023-07-31,REQUIRES_VERIFICATION,0,0,,,,remestemcel-l: primary-source candidates were searched; candidate links and imported cutoffs require verification before they can pass a gate. No affirmative application-specific CMC and facility clearance dossier was established in this run.,STRICT_ENGINE_EVALUATED_SOURCE_SCREENED,process_validation_status | stability_status | analytical_methods_status | comparability_status | supplier_status,primary_endpoint_status | multiplicity_status | missing_data_status | effect_size_status | replication_status,warning/import/Form483 clearance; named sites/FEI; NAI classification; passed preapproval inspection,RETROSPECTIVE_DEVELOPMENT_NOT_BLIND,,
TARS|2023-08-25|lotilaner,TARS,lotilaner,2023-08-25,UNKNOWN,UNKNOWN,REVIEW,REVIEW,REVIEW,NEUTRAL,REVIEW,,REVIEW,INSUFFICIENT FDA EVIDENCE,application/review-cycle identity not verified | statistics/effectiveness gate unresolved | CMC/product-quality gate unresolved | manufacturing/facility gate unresolved | safety score missing | regulatory score missing | clinical score missing | clinical_meaningfulness score missing | benefit_risk score missing | decision-safe evidence freshness not verified,FDA-V3.2,STRICT-126-20261006,,,,2023-07-23,REQUIRES_VERIFICATION,0,0,,,,lotilaner: primary-source candidates were searched; candidate links and imported cutoffs require verification before they can pass a gate. No affirmative application-specific CMC and facility clearance dossier was established in this run.,STRICT_ENGINE_EVALUATED_SOURCE_SCREENED,process_validation_status | stability_status | analytical_methods_status | comparability_status | supplier_status,primary_endpoint_status | multiplicity_status | missing_data_status | effect_size_status | replication_status,warning/import/Form483 clearance; named sites/FEI; NAI classification; passed preapproval inspection,RETROSPECTIVE_DEVELOPMENT_NOT_BLIND,,
SPRY|2023-09-19|neffy,SPRY,neffy,2023-09-19,UNKNOWN,UNKNOWN,REVIEW,REVIEW,REVIEW,NEUTRAL,REVIEW,,REVIEW,INSUFFICIENT FDA EVIDENCE,application/review-cycle identity not verified | statistics/effectiveness gate unresolved | CMC/product-quality gate unresolved | manufacturing/facility gate unresolved | safety score missing | regulatory score missing | clinical score missing | clinical_meaningfulness score missing | benefit_risk score missing | decision-safe evidence freshness not verified,FDA-V3.2,STRICT-126-20261006,,,,2023-09-18,REQUIRES_VERIFICATION,0,0,,,,neffy: primary-source candidates were searched; candidate links and imported cutoffs require verification before they can pass a gate. No affirmative application-specific CMC and facility clearance dossier was established in this run.,STRICT_ENGINE_EVALUATED_SOURCE_SCREENED,process_validation_status | stability_status | analytical_methods_status | comparability_status | supplier_status,primary_endpoint_status | multiplicity_status | missing_data_status | effect_size_status | replication_status,warning/import/Form483 clearance; named sites/FEI; NAI classification; passed preapproval inspection,RETROSPECTIVE_DEVELOPMENT_NOT_BLIND,,
CPRX|2023-10-26|vamorolone,CPRX,vamorolone,2023-10-26,UNKNOWN,UNKNOWN,REVIEW,REVIEW,REVIEW,NEUTRAL,REVIEW,,REVIEW,INSUFFICIENT FDA EVIDENCE,application/review-cycle identity not verified | statistics/effectiveness gate unresolved | CMC/product-quality gate unresolved | manufacturing/facility gate unresolved | safety score missing | regulatory score missing | clinical score missing | clinical_meaningfulness score missing | benefit_risk score missing | decision-safe evidence freshness not verified,FDA-V3.2,STRICT-126-20261006,,,,2023-10-25,REQUIRES_VERIFICATION,0,0,,,,vamorolone: primary-source candidates were searched; candidate links and imported cutoffs require verification before they can pass a gate. No affirmative application-specific CMC and facility clearance dossier was established in this run.,STRICT_ENGINE_EVALUATED_SOURCE_SCREENED,process_validation_status | stability_status | analytical_methods_status | comparability_status | supplier_status,primary_endpoint_status | multiplicity_status | missing_data_status | effect_size_status | replication_status,warning/import/Form483 clearance; named sites/FEI; NAI classification; passed preapproval inspection,RETROSPECTIVE_DEVELOPMENT_NOT_BLIND,,
SWTX|2023-11-27|nirogacestat,SWTX,nirogacestat,2023-11-27,UNKNOWN,UNKNOWN,REVIEW,REVIEW,REVIEW,NEUTRAL,REVIEW,,REVIEW,INSUFFICIENT FDA EVIDENCE,application/review-cycle identity not verified | statistics/effectiveness gate unresolved | CMC/product-quality gate unresolved | manufacturing/facility gate unresolved | safety score missing | regulatory score missing | clinical score missing | clinical_meaningfulness score missing | benefit_risk score missing | decision-safe evidence freshness not verified,FDA-V3.2,STRICT-126-20261006,,,,2023-11-26,REQUIRES_VERIFICATION,0,0,,,,nirogacestat: primary-source candidates were searched; candidate links and imported cutoffs require verification before they can pass a gate. No affirmative application-specific CMC and facility clearance dossier was established in this run.,STRICT_ENGINE_EVALUATED_SOURCE_SCREENED,process_validation_status | stability_status | analytical_methods_status | comparability_status | supplier_status,primary_endpoint_status | multiplicity_status | missing_data_status | effect_size_status | replication_status,warning/import/Form483 clearance; named sites/FEI; NAI classification; passed preapproval inspection,RETROSPECTIVE_DEVELOPMENT_NOT_BLIND,,
CRSP|2023-12-08|exa-cel-scd,CRSP,exa-cel-scd,2023-12-08,UNKNOWN,UNKNOWN,REVIEW,REVIEW,REVIEW,NEUTRAL,REVIEW,,REVIEW,INSUFFICIENT FDA EVIDENCE,application/review-cycle identity not verified | statistics/effectiveness gate unresolved | CMC/product-quality gate unresolved | manufacturing/facility gate unresolved | safety score missing | regulatory score missing | clinical score missing | clinical_meaningfulness score missing | benefit_risk score missing | decision-safe evidence freshness not verified,FDA-V3.2,STRICT-126-20261006,,,,2023-12-07,REQUIRES_VERIFICATION,0,0,,,,exa-cel-scd: primary-source candidates were searched; candidate links and imported cutoffs require verification before they can pass a gate. No affirmative application-specific CMC and facility clearance dossier was established in this run.,STRICT_ENGINE_EVALUATED_SOURCE_SCREENED,process_validation_status | stability_status | analytical_methods_status | comparability_status | supplier_status,primary_endpoint_status | multiplicity_status | missing_data_status | effect_size_status | replication_status,warning/import/Form483 clearance; named sites/FEI; NAI classification; passed preapproval inspection,RETROSPECTIVE_DEVELOPMENT_NOT_BLIND,,
BLUE|2023-12-20|lovo-cel,BLUE,lovo-cel,2023-12-20,UNKNOWN,UNKNOWN,REVIEW,REVIEW,REVIEW,NEUTRAL,REVIEW,,REVIEW,INSUFFICIENT FDA EVIDENCE,application/review-cycle identity not verified | statistics/effectiveness gate unresolved | CMC/product-quality gate unresolved | manufacturing/facility gate unresolved | safety score missing | regulatory score missing | clinical score missing | clinical_meaningfulness score missing | benefit_risk score missing | decision-safe evidence freshness not verified,FDA-V3.2,STRICT-126-20261006,,,,2023-12-07,REQUIRES_VERIFICATION,0,0,,,,lovo-cel: primary-source candidates were searched; candidate links and imported cutoffs require verification before they can pass a gate. No affirmative application-specific CMC and facility clearance dossier was established in this run.,STRICT_ENGINE_EVALUATED_SOURCE_SCREENED,process_validation_status | stability_status | analytical_methods_status | comparability_status | supplier_status,primary_endpoint_status | multiplicity_status | missing_data_status | effect_size_status | replication_status,warning/import/Form483 clearance; named sites/FEI; NAI classification; passed preapproval inspection,RETROSPECTIVE_DEVELOPMENT_NOT_BLIND,,
IONS|2023-12-22|eplontersen,IONS,eplontersen,2023-12-22,UNKNOWN,UNKNOWN,REVIEW,REVIEW,REVIEW,NEUTRAL,REVIEW,,REVIEW,INSUFFICIENT FDA EVIDENCE,application/review-cycle identity not verified | statistics/effectiveness gate unresolved | CMC/product-quality gate unresolved | manufacturing/facility gate unresolved | safety score missing | regulatory score missing | clinical score missing | clinical_meaningfulness score missing | benefit_risk score missing | decision-safe evidence freshness not verified,FDA-V3.2,STRICT-126-20261006,,,,2023-12-20,REQUIRES_VERIFICATION,0,0,,,,eplontersen: primary-source candidates were searched; candidate links and imported cutoffs require verification before they can pass a gate. No affirmative application-specific CMC and facility clearance dossier was established in this run.,STRICT_ENGINE_EVALUATED_SOURCE_SCREENED,process_validation_status | stability_status | analytical_methods_status | comparability_status | supplier_status,primary_endpoint_status | multiplicity_status | missing_data_status | effect_size_status | replication_status,warning/import/Form483 clearance; named sites/FEI; NAI classification; passed preapproval inspection,RETROSPECTIVE_DEVELOPMENT_NOT_BLIND,,
LGND|2024-01-05,LGND,berdazimer / ZELSUVMI,2024-01-05,UNKNOWN,UNKNOWN,REVIEW,REVIEW,REVIEW,NEUTRAL,REVIEW,,REVIEW,INSUFFICIENT FDA EVIDENCE,application/review-cycle identity not verified | statistics/effectiveness gate unresolved | CMC/product-quality gate unresolved | manufacturing/facility gate unresolved | safety score missing | regulatory score missing | clinical score missing | clinical_meaningfulness score missing | benefit_risk score missing | decision-safe evidence freshness not verified,FDA-V3.2,STRICT-126-20261006,,,,2024-01-04,REQUIRES_VERIFICATION,0,0,,,,berdazimer / ZELSUVMI: primary-source candidates were searched; candidate links and imported cutoffs require verification before they can pass a gate. No affirmative application-specific CMC and facility clearance dossier was established in this run.,STRICT_ENGINE_EVALUATED_SOURCE_SCREENED,process_validation_status | stability_status | analytical_methods_status | comparability_status | supplier_status,primary_endpoint_status | multiplicity_status | missing_data_status | effect_size_status | replication_status,warning/import/Form483 clearance; named sites/FEI; NAI classification; passed preapproval inspection,RETROSPECTIVE_DEVELOPMENT_NOT_BLIND,,
IOVA|2024-02-24,IOVA,lifileucel / AMTAGVI,2024-02-24,UNKNOWN,UNKNOWN,REVIEW,REVIEW,REVIEW,NEUTRAL,REVIEW,,REVIEW,INSUFFICIENT FDA EVIDENCE,application/review-cycle identity not verified | statistics/effectiveness gate unresolved | CMC/product-quality gate unresolved | manufacturing/facility gate unresolved | safety score missing | regulatory score missing | clinical score missing | clinical_meaningfulness score missing | benefit_risk score missing | decision-safe evidence freshness not verified,FDA-V3.2,STRICT-126-20261006,,,,2024-02-15,REQUIRES_VERIFICATION,0,0,,,,lifileucel / AMTAGVI: primary-source candidates were searched; candidate links and imported cutoffs require verification before they can pass a gate. No affirmative application-specific CMC and facility clearance dossier was established in this run.,STRICT_ENGINE_EVALUATED_SOURCE_SCREENED,process_validation_status | stability_status | analytical_methods_status | comparability_status | supplier_status,primary_endpoint_status | multiplicity_status | missing_data_status | effect_size_status | replication_status,warning/import/Form483 clearance; named sites/FEI; NAI classification; passed preapproval inspection,RETROSPECTIVE_DEVELOPMENT_NOT_BLIND,,
MDGL|2024-03-14,MDGL,resmetirom / REZDIFFRA,2024-03-14,UNKNOWN,UNKNOWN,REVIEW,REVIEW,REVIEW,NEUTRAL,REVIEW,,REVIEW,INSUFFICIENT FDA EVIDENCE,application/review-cycle identity not verified | statistics/effectiveness gate unresolved | CMC/product-quality gate unresolved | manufacturing/facility gate unresolved | safety score missing | regulatory score missing | clinical score missing | clinical_meaningfulness score missing | benefit_risk score missing | decision-safe evidence freshness not verified,FDA-V3.2,STRICT-126-20261006,,,,2024-03-13,REQUIRES_VERIFICATION,0,0,,,,resmetirom / REZDIFFRA: primary-source candidates were searched; candidate links and imported cutoffs require verification before they can pass a gate. No affirmative application-specific CMC and facility clearance dossier was established in this run.,STRICT_ENGINE_EVALUATED_SOURCE_SCREENED,process_validation_status | stability_status | analytical_methods_status | comparability_status | supplier_status,primary_endpoint_status | multiplicity_status | missing_data_status | effect_size_status | replication_status,warning/import/Form483 clearance; named sites/FEI; NAI classification; passed preapproval inspection,RETROSPECTIVE_DEVELOPMENT_NOT_BLIND,,
AKBA|2024-03-27,AKBA,vadadustat / VAFSEO,2024-03-27,UNKNOWN,UNKNOWN,REVIEW,REVIEW,REVIEW,NEUTRAL,REVIEW,,REVIEW,INSUFFICIENT FDA EVIDENCE,application/review-cycle identity not verified | statistics/effectiveness gate unresolved | CMC/product-quality gate unresolved | manufacturing/facility gate unresolved | safety score missing | regulatory score missing | clinical score missing | clinical_meaningfulness score missing | benefit_risk score missing | decision-safe evidence freshness not verified,FDA-V3.2,STRICT-126-20261006,,,,2024-03-26,REQUIRES_VERIFICATION,0,0,,,,vadadustat / VAFSEO: primary-source candidates were searched; candidate links and imported cutoffs require verification before they can pass a gate. No affirmative application-specific CMC and facility clearance dossier was established in this run.,STRICT_ENGINE_EVALUATED_SOURCE_SCREENED,process_validation_status | stability_status | analytical_methods_status | comparability_status | supplier_status,primary_endpoint_status | multiplicity_status | missing_data_status | effect_size_status | replication_status,warning/import/Form483 clearance; named sites/FEI; NAI classification; passed preapproval inspection,RETROSPECTIVE_DEVELOPMENT_NOT_BLIND,,
CRSP|2024-03-30,CRSP,exa-cel / CASGEVY TDT,2024-03-30,UNKNOWN,UNKNOWN,REVIEW,REVIEW,REVIEW,NEUTRAL,REVIEW,,REVIEW,INSUFFICIENT FDA EVIDENCE,application/review-cycle identity not verified | statistics/effectiveness gate unresolved | CMC/product-quality gate unresolved | manufacturing/facility gate unresolved | safety score missing | regulatory score missing | clinical score missing | clinical_meaningfulness score missing | benefit_risk score missing | decision-safe evidence freshness not verified,FDA-V3.2,STRICT-126-20261006,,,,2024-01-15,REQUIRES_VERIFICATION,0,0,,,,exa-cel / CASGEVY TDT: primary-source candidates were searched; candidate links and imported cutoffs require verification before they can pass a gate. No affirmative application-specific CMC and facility clearance dossier was established in this run.,STRICT_ENGINE_EVALUATED_SOURCE_SCREENED,process_validation_status | stability_status | analytical_methods_status | comparability_status | supplier_status,primary_endpoint_status | multiplicity_status | missing_data_status | effect_size_status | replication_status,warning/import/Form483 clearance; named sites/FEI; NAI classification; passed preapproval inspection,RETROSPECTIVE_DEVELOPMENT_NOT_BLIND,,
SUPN|2024-04-05,SUPN,SPN-830,2024-04-05,UNKNOWN,UNKNOWN,REVIEW,REVIEW,REVIEW,NEUTRAL,REVIEW,,REVIEW,INSUFFICIENT FDA EVIDENCE,application/review-cycle identity not verified | statistics/effectiveness gate unresolved | CMC/product-quality gate unresolved | manufacturing/facility gate unresolved | safety score missing | regulatory score missing | clinical score missing | clinical_meaningfulness score missing | benefit_risk score missing | decision-safe evidence freshness not verified,FDA-V3.2,STRICT-126-20261006,,,,2024-04-04,REQUIRES_VERIFICATION,0,0,,,,SPN-830: primary-source candidates were searched; candidate links and imported cutoffs require verification before they can pass a gate. No affirmative application-specific CMC and facility clearance dossier was established in this run.,STRICT_ENGINE_EVALUATED_SOURCE_SCREENED,process_validation_status | stability_status | analytical_methods_status | comparability_status | supplier_status,primary_endpoint_status | multiplicity_status | missing_data_status | effect_size_status | replication_status,warning/import/Form483 clearance; named sites/FEI; NAI classification; passed preapproval inspection,RETROSPECTIVE_DEVELOPMENT_NOT_BLIND,,
IBRX|2024-04-23,IBRX,nogapendekin alfa inbakicept / ANKTIVA,2024-04-23,UNKNOWN,UNKNOWN,REVIEW,REVIEW,REVIEW,NEUTRAL,REVIEW,,REVIEW,INSUFFICIENT FDA EVIDENCE,application/review-cycle identity not verified | statistics/effectiveness gate unresolved | CMC/product-quality gate unresolved | manufacturing/facility gate unresolved | safety score missing | regulatory score missing | clinical score missing | clinical_meaningfulness score missing | benefit_risk score missing | decision-safe evidence freshness not verified,FDA-V3.2,STRICT-126-20261006,,,,2024-04-21,REQUIRES_VERIFICATION,0,0,,,,nogapendekin alfa inbakicept / ANKTIVA: primary-source candidates were searched; candidate links and imported cutoffs require verification before they can pass a gate. No affirmative application-specific CMC and facility clearance dossier was established in this run.,STRICT_ENGINE_EVALUATED_SOURCE_SCREENED,process_validation_status | stability_status | analytical_methods_status | comparability_status | supplier_status,primary_endpoint_status | multiplicity_status | missing_data_status | effect_size_status | replication_status,warning/import/Form483 clearance; named sites/FEI; NAI classification; passed preapproval inspection,RETROSPECTIVE_DEVELOPMENT_NOT_BLIND,,
DAWN|2024-04-30|tovorafenib,DAWN,tovorafenib,2024-04-30,UNKNOWN,UNKNOWN,REVIEW,REVIEW,REVIEW,NEUTRAL,REVIEW,,REVIEW,INSUFFICIENT FDA EVIDENCE,application/review-cycle identity not verified | statistics/effectiveness gate unresolved | CMC/product-quality gate unresolved | manufacturing/facility gate unresolved | safety score missing | regulatory score missing | clinical score missing | clinical_meaningfulness score missing | benefit_risk score missing | decision-safe evidence freshness not verified,FDA-V3.2,STRICT-126-20261006,,,,,REQUIRES_VERIFICATION,0,0,,,,tovorafenib: primary-source candidates were searched; candidate links and imported cutoffs require verification before they can pass a gate. No affirmative application-specific CMC and facility clearance dossier was established in this run.,STRICT_ENGINE_EVALUATED_SOURCE_SCREENED,process_validation_status | stability_status | analytical_methods_status | comparability_status | supplier_status,primary_endpoint_status | multiplicity_status | missing_data_status | effect_size_status | replication_status,warning/import/Form483 clearance; named sites/FEI; NAI classification; passed preapproval inspection,RETROSPECTIVE_DEVELOPMENT_NOT_BLIND,,
GERN|2024-06-16,GERN,imetelstat / RYTELO,2024-06-16,UNKNOWN,UNKNOWN,REVIEW,REVIEW,REVIEW,NEUTRAL,REVIEW,,REVIEW,INSUFFICIENT FDA EVIDENCE,application/review-cycle identity not verified | statistics/effectiveness gate unresolved | CMC/product-quality gate unresolved | manufacturing/facility gate unresolved | safety score missing | regulatory score missing | clinical score missing | clinical_meaningfulness score missing | benefit_risk score missing | decision-safe evidence freshness not verified,FDA-V3.2,STRICT-126-20261006,,,,2024-06-05,REQUIRES_VERIFICATION,0,0,,,,imetelstat / RYTELO: primary-source candidates were searched; candidate links and imported cutoffs require verification before they can pass a gate. No affirmative application-specific CMC and facility clearance dossier was established in this run.,STRICT_ENGINE_EVALUATED_SOURCE_SCREENED,process_validation_status | stability_status | analytical_methods_status | comparability_status | supplier_status,primary_endpoint_status | multiplicity_status | missing_data_status | effect_size_status | replication_status,warning/import/Form483 clearance; named sites/FEI; NAI classification; passed preapproval inspection,RETROSPECTIVE_DEVELOPMENT_NOT_BLIND,,
VRNA|2024-06-26|ensifentrine,VRNA,ensifentrine,2024-06-26,UNKNOWN,UNKNOWN,REVIEW,REVIEW,REVIEW,NEUTRAL,REVIEW,,REVIEW,INSUFFICIENT FDA EVIDENCE,application/review-cycle identity not verified | statistics/effectiveness gate unresolved | CMC/product-quality gate unresolved | manufacturing/facility gate unresolved | safety score missing | regulatory score missing | clinical score missing | clinical_meaningfulness score missing | benefit_risk score missing | decision-safe evidence freshness not verified,FDA-V3.2,STRICT-126-20261006,,,,,REQUIRES_VERIFICATION,0,0,,,,ensifentrine: primary-source candidates were searched; candidate links and imported cutoffs require verification before they can pass a gate. No affirmative application-specific CMC and facility clearance dossier was established in this run.,STRICT_ENGINE_EVALUATED_SOURCE_SCREENED,process_validation_status | stability_status | analytical_methods_status | comparability_status | supplier_status,primary_endpoint_status | multiplicity_status | missing_data_status | effect_size_status | replication_status,warning/import/Form483 clearance; named sites/FEI; NAI classification; passed preapproval inspection,RETROSPECTIVE_DEVELOPMENT_NOT_BLIND,,
RCKT|2024-06-30,RCKT,marnetegragene autotemcel / KRESLADI,2024-06-30,UNKNOWN,UNKNOWN,REVIEW,REVIEW,REVIEW,NEUTRAL,REVIEW,,REVIEW,INSUFFICIENT FDA EVIDENCE,application/review-cycle identity not verified | statistics/effectiveness gate unresolved | CMC/product-quality gate unresolved | manufacturing/facility gate unresolved | safety score missing | regulatory score missing | clinical score missing | clinical_meaningfulness score missing | benefit_risk score missing | decision-safe evidence freshness not verified,FDA-V3.2,STRICT-126-20261006,,,,2024-06-27,REQUIRES_VERIFICATION,0,0,,,,marnetegragene autotemcel / KRESLADI: primary-source candidates were searched; candidate links and imported cutoffs require verification before they can pass a gate. No affirmative application-specific CMC and facility clearance dossier was established in this run.,STRICT_ENGINE_EVALUATED_SOURCE_SCREENED,process_validation_status | stability_status | analytical_methods_status | comparability_status | supplier_status,primary_endpoint_status | multiplicity_status | missing_data_status | effect_size_status | replication_status,warning/import/Form483 clearance; named sites/FEI; NAI classification; passed preapproval inspection,RETROSPECTIVE_DEVELOPMENT_NOT_BLIND,,
PHAT|2024-07-19,PHAT,vonoprazan / VOQUEZNA non-erosive GERD,2024-07-19,UNKNOWN,UNKNOWN,REVIEW,REVIEW,REVIEW,NEUTRAL,REVIEW,,REVIEW,INSUFFICIENT FDA EVIDENCE,application/review-cycle identity not verified | statistics/effectiveness gate unresolved | CMC/product-quality gate unresolved | manufacturing/facility gate unresolved | safety score missing | regulatory score missing | clinical score missing | clinical_meaningfulness score missing | benefit_risk score missing | decision-safe evidence freshness not verified,FDA-V3.2,STRICT-126-20261006,,,,2024-07-17,REQUIRES_VERIFICATION,0,0,,,,vonoprazan / VOQUEZNA non-erosive GERD: primary-source candidates were searched; candidate links and imported cutoffs require verification before they can pass a gate. No affirmative application-specific CMC and facility clearance dossier was established in this run.,STRICT_ENGINE_EVALUATED_SOURCE_SCREENED,process_validation_status | stability_status | analytical_methods_status | comparability_status | supplier_status,primary_endpoint_status | multiplicity_status | missing_data_status | effect_size_status | replication_status,warning/import/Form483 clearance; named sites/FEI; NAI classification; passed preapproval inspection,RETROSPECTIVE_DEVELOPMENT_NOT_BLIND,,
HUMA|2024-08-10,HUMA,acellular tissue engineered vessel / SYMVESS,2024-08-10,UNKNOWN,UNKNOWN,REVIEW,REVIEW,REVIEW,NEUTRAL,REVIEW,,REVIEW,INSUFFICIENT FDA EVIDENCE,application/review-cycle identity not verified | statistics/effectiveness gate unresolved | CMC/product-quality gate unresolved | manufacturing/facility gate unresolved | safety score missing | regulatory score missing | clinical score missing | clinical_meaningfulness score missing | benefit_risk score missing | decision-safe evidence freshness not verified,FDA-V3.2,STRICT-126-20261006,,,,2024-08-09,REQUIRES_VERIFICATION,0,0,,,,acellular tissue engineered vessel / SYMVESS: primary-source candidates were searched; candidate links and imported cutoffs require verification before they can pass a gate. No affirmative application-specific CMC and facility clearance dossier was established in this run.,STRICT_ENGINE_EVALUATED_SOURCE_SCREENED,process_validation_status | stability_status | analytical_methods_status | comparability_status | supplier_status,primary_endpoint_status | multiplicity_status | missing_data_status | effect_size_status | replication_status,warning/import/Form483 clearance; named sites/FEI; NAI classification; passed preapproval inspection,RETROSPECTIVE_DEVELOPMENT_NOT_BLIND,,
ASND|2024-08-14,ASND,palopegteriparatide / YORVIPATH,2024-08-14,UNKNOWN,UNKNOWN,REVIEW,REVIEW,REVIEW,NEUTRAL,REVIEW,,REVIEW,INSUFFICIENT FDA EVIDENCE,application/review-cycle identity not verified | statistics/effectiveness gate unresolved | CMC/product-quality gate unresolved | manufacturing/facility gate unresolved | safety score missing | regulatory score missing | clinical score missing | clinical_meaningfulness score missing | benefit_risk score missing | decision-safe evidence freshness not verified,FDA-V3.2,STRICT-126-20261006,,,,2024-08-08,REQUIRES_VERIFICATION,0,0,,,,palopegteriparatide / YORVIPATH: primary-source candidates were searched; candidate links and imported cutoffs require verification before they can pass a gate. No affirmative application-specific CMC and facility clearance dossier was established in this run.,STRICT_ENGINE_EVALUATED_SOURCE_SCREENED,process_validation_status | stability_status | analytical_methods_status | comparability_status | supplier_status,primary_endpoint_status | multiplicity_status | missing_data_status | effect_size_status | replication_status,warning/import/Form483 clearance; named sites/FEI; NAI classification; passed preapproval inspection,RETROSPECTIVE_DEVELOPMENT_NOT_BLIND,,
AGIO|2024-08-20,AGIO,vorasidenib / VORANIGO,2024-08-20,UNKNOWN,UNKNOWN,REVIEW,REVIEW,REVIEW,NEUTRAL,REVIEW,,REVIEW,INSUFFICIENT FDA EVIDENCE,application/review-cycle identity not verified | statistics/effectiveness gate unresolved | CMC/product-quality gate unresolved | manufacturing/facility gate unresolved | safety score missing | regulatory score missing | clinical score missing | clinical_meaningfulness score missing | benefit_risk score missing | decision-safe evidence freshness not verified,FDA-V3.2,STRICT-126-20261006,,,,2024-08-05,REQUIRES_VERIFICATION,0,0,,,,vorasidenib / VORANIGO: primary-source candidates were searched; candidate links and imported cutoffs require verification before they can pass a gate. No affirmative application-specific CMC and facility clearance dossier was established in this run.,STRICT_ENGINE_EVALUATED_SOURCE_SCREENED,process_validation_status | stability_status | analytical_methods_status | comparability_status | supplier_status,primary_endpoint_status | multiplicity_status | missing_data_status | effect_size_status | replication_status,warning/import/Form483 clearance; named sites/FEI; NAI classification; passed preapproval inspection,RETROSPECTIVE_DEVELOPMENT_NOT_BLIND,,
SNDX|2024-08-28,SNDX,axatilimab / NIKTIMVO,2024-08-28,UNKNOWN,UNKNOWN,REVIEW,REVIEW,REVIEW,NEUTRAL,REVIEW,,REVIEW,INSUFFICIENT FDA EVIDENCE,application/review-cycle identity not verified | statistics/effectiveness gate unresolved | CMC/product-quality gate unresolved | manufacturing/facility gate unresolved | safety score missing | regulatory score missing | clinical score missing | clinical_meaningfulness score missing | benefit_risk score missing | decision-safe evidence freshness not verified,FDA-V3.2,STRICT-126-20261006,,,,2024-08-13,REQUIRES_VERIFICATION,0,0,,,,axatilimab / NIKTIMVO: primary-source candidates were searched; candidate links and imported cutoffs require verification before they can pass a gate. No affirmative application-specific CMC and facility clearance dossier was established in this run.,STRICT_ENGINE_EVALUATED_SOURCE_SCREENED,process_validation_status | stability_status | analytical_methods_status | comparability_status | supplier_status,primary_endpoint_status | multiplicity_status | missing_data_status | effect_size_status | replication_status,warning/import/Form483 clearance; named sites/FEI; NAI classification; passed preapproval inspection,RETROSPECTIVE_DEVELOPMENT_NOT_BLIND,,
ZVRA|2024-09-21,ZVRA,arimoclomol / MIPLYFFA,2024-09-21,UNKNOWN,UNKNOWN,REVIEW,REVIEW,REVIEW,NEUTRAL,REVIEW,,REVIEW,INSUFFICIENT FDA EVIDENCE,application/review-cycle identity not verified | statistics/effectiveness gate unresolved | CMC/product-quality gate unresolved | manufacturing/facility gate unresolved | safety score missing | regulatory score missing | clinical score missing | clinical_meaningfulness score missing | benefit_risk score missing | decision-safe evidence freshness not verified,FDA-V3.2,STRICT-126-20261006,,,,2024-09-19,REQUIRES_VERIFICATION,0,0,,,,arimoclomol / MIPLYFFA: primary-source candidates were searched; candidate links and imported cutoffs require verification before they can pass a gate. No affirmative application-specific CMC and facility clearance dossier was established in this run.,STRICT_ENGINE_EVALUATED_SOURCE_SCREENED,process_validation_status | stability_status | analytical_methods_status | comparability_status | supplier_status,primary_endpoint_status | multiplicity_status | missing_data_status | effect_size_status | replication_status,warning/import/Form483 clearance; named sites/FEI; NAI classification; passed preapproval inspection,RETROSPECTIVE_DEVELOPMENT_NOT_BLIND,,
SPRY|2024-10-02,SPRY,epinephrine nasal spray / neffy,2024-10-02,UNKNOWN,UNKNOWN,REVIEW,REVIEW,REVIEW,NEUTRAL,REVIEW,,REVIEW,INSUFFICIENT FDA EVIDENCE,application/review-cycle identity not verified | statistics/effectiveness gate unresolved | CMC/product-quality gate unresolved | manufacturing/facility gate unresolved | safety score missing | regulatory score missing | clinical score missing | clinical_meaningfulness score missing | benefit_risk score missing | decision-safe evidence freshness not verified,FDA-V3.2,STRICT-126-20261006,,,,2024-08-08,REQUIRES_VERIFICATION,0,0,,,,epinephrine nasal spray / neffy: primary-source candidates were searched; candidate links and imported cutoffs require verification before they can pass a gate. No affirmative application-specific CMC and facility clearance dossier was established in this run.,STRICT_ENGINE_EVALUATED_SOURCE_SCREENED,process_validation_status | stability_status | analytical_methods_status | comparability_status | supplier_status,primary_endpoint_status | multiplicity_status | missing_data_status | effect_size_status | replication_status,warning/import/Form483 clearance; named sites/FEI; NAI classification; passed preapproval inspection,RETROSPECTIVE_DEVELOPMENT_NOT_BLIND,,
PTCT|2024-11-13,PTCT,eladocagene exuparvovec / KEBILIDI,2024-11-13,UNKNOWN,UNKNOWN,REVIEW,REVIEW,REVIEW,NEUTRAL,REVIEW,,REVIEW,INSUFFICIENT FDA EVIDENCE,application/review-cycle identity not verified | statistics/effectiveness gate unresolved | CMC/product-quality gate unresolved | manufacturing/facility gate unresolved | safety score missing | regulatory score missing | clinical score missing | clinical_meaningfulness score missing | benefit_risk score missing | decision-safe evidence freshness not verified,FDA-V3.2,STRICT-126-20261006,,,,2024-11-12,REQUIRES_VERIFICATION,0,0,,,,eladocagene exuparvovec / KEBILIDI: primary-source candidates were searched; candidate links and imported cutoffs require verification before they can pass a gate. No affirmative application-specific CMC and facility clearance dossier was established in this run.,STRICT_ENGINE_EVALUATED_SOURCE_SCREENED,process_validation_status | stability_status | analytical_methods_status | comparability_status | supplier_status,primary_endpoint_status | multiplicity_status | missing_data_status | effect_size_status | replication_status,warning/import/Form483 clearance; named sites/FEI; NAI classification; passed preapproval inspection,RETROSPECTIVE_DEVELOPMENT_NOT_BLIND,,
AUTL|2024-11-16,AUTL,obecabtagene autoleucel / AUCATZYL,2024-11-16,UNKNOWN,UNKNOWN,REVIEW,REVIEW,REVIEW,NEUTRAL,REVIEW,,REVIEW,INSUFFICIENT FDA EVIDENCE,application/review-cycle identity not verified | statistics/effectiveness gate unresolved | CMC/product-quality gate unresolved | manufacturing/facility gate unresolved | safety score missing | regulatory score missing | clinical score missing | clinical_meaningfulness score missing | benefit_risk score missing | decision-safe evidence freshness not verified,FDA-V3.2,STRICT-126-20261006,,,,2024-11-07,REQUIRES_VERIFICATION,0,0,,,,obecabtagene autoleucel / AUCATZYL: primary-source candidates were searched; candidate links and imported cutoffs require verification before they can pass a gate. No affirmative application-specific CMC and facility clearance dossier was established in this run.,STRICT_ENGINE_EVALUATED_SOURCE_SCREENED,process_validation_status | stability_status | analytical_methods_status | comparability_status | supplier_status,primary_endpoint_status | multiplicity_status | missing_data_status | effect_size_status | replication_status,warning/import/Form483 clearance; named sites/FEI; NAI classification; passed preapproval inspection,RETROSPECTIVE_DEVELOPMENT_NOT_BLIND,,
APLT|2024-11-28|govorestat,APLT,govorestat,2024-11-28,UNKNOWN,UNKNOWN,REVIEW,REVIEW,REVIEW,NEUTRAL,REVIEW,,REVIEW,INSUFFICIENT FDA EVIDENCE,application/review-cycle identity not verified | statistics/effectiveness gate unresolved | CMC/product-quality gate unresolved | manufacturing/facility gate unresolved | safety score missing | regulatory score missing | clinical score missing | clinical_meaningfulness score missing | benefit_risk score missing | decision-safe evidence freshness not verified,FDA-V3.2,STRICT-126-20261006,,,,,REQUIRES_VERIFICATION,0,0,,,,govorestat: primary-source candidates were searched; candidate links and imported cutoffs require verification before they can pass a gate. No affirmative application-specific CMC and facility clearance dossier was established in this run.,STRICT_ENGINE_EVALUATED_SOURCE_SCREENED,process_validation_status | stability_status | analytical_methods_status | comparability_status | supplier_status,primary_endpoint_status | multiplicity_status | missing_data_status | effect_size_status | replication_status,warning/import/Form483 clearance; named sites/FEI; NAI classification; passed preapproval inspection,RETROSPECTIVE_DEVELOPMENT_NOT_BLIND,,
BBIO|2024-11-29,BBIO,acoramidis / ATTRUBY,2024-11-29,UNKNOWN,UNKNOWN,REVIEW,REVIEW,REVIEW,NEUTRAL,REVIEW,,REVIEW,INSUFFICIENT FDA EVIDENCE,application/review-cycle identity not verified | statistics/effectiveness gate unresolved | CMC/product-quality gate unresolved | manufacturing/facility gate unresolved | safety score missing | regulatory score missing | clinical score missing | clinical_meaningfulness score missing | benefit_risk score missing | decision-safe evidence freshness not verified,FDA-V3.2,STRICT-126-20261006,,,,2024-11-21,REQUIRES_VERIFICATION,0,0,,,,acoramidis / ATTRUBY: primary-source candidates were searched; candidate links and imported cutoffs require verification before they can pass a gate. No affirmative application-specific CMC and facility clearance dossier was established in this run.,STRICT_ENGINE_EVALUATED_SOURCE_SCREENED,process_validation_status | stability_status | analytical_methods_status | comparability_status | supplier_status,primary_endpoint_status | multiplicity_status | missing_data_status | effect_size_status | replication_status,warning/import/Form483 clearance; named sites/FEI; NAI classification; passed preapproval inspection,RETROSPECTIVE_DEVELOPMENT_NOT_BLIND,,
JAZZ|2024-11-29,JAZZ,zanidatamab / ZIIHERA,2024-11-29,UNKNOWN,UNKNOWN,REVIEW,REVIEW,REVIEW,NEUTRAL,REVIEW,,REVIEW,INSUFFICIENT FDA EVIDENCE,application/review-cycle identity not verified | statistics/effectiveness gate unresolved | CMC/product-quality gate unresolved | manufacturing/facility gate unresolved | safety score missing | regulatory score missing | clinical score missing | clinical_meaningfulness score missing | benefit_risk score missing | decision-safe evidence freshness not verified,FDA-V3.2,STRICT-126-20261006,,,,2024-11-19,REQUIRES_VERIFICATION,0,0,,,,zanidatamab / ZIIHERA: primary-source candidates were searched; candidate links and imported cutoffs require verification before they can pass a gate. No affirmative application-specific CMC and facility clearance dossier was established in this run.,STRICT_ENGINE_EVALUATED_SOURCE_SCREENED,process_validation_status | stability_status | analytical_methods_status | comparability_status | supplier_status,primary_endpoint_status | multiplicity_status | missing_data_status | effect_size_status | replication_status,warning/import/Form483 clearance; named sites/FEI; NAI classification; passed preapproval inspection,RETROSPECTIVE_DEVELOPMENT_NOT_BLIND,,
IONS|2024-12-19,IONS,olezarsen / TRYNGOLZA,2024-12-19,UNKNOWN,UNKNOWN,REVIEW,REVIEW,REVIEW,NEUTRAL,REVIEW,,REVIEW,INSUFFICIENT FDA EVIDENCE,application/review-cycle identity not verified | statistics/effectiveness gate unresolved | CMC/product-quality gate unresolved | manufacturing/facility gate unresolved | safety score missing | regulatory score missing | clinical score missing | clinical_meaningfulness score missing | benefit_risk score missing | decision-safe evidence freshness not verified,FDA-V3.2,STRICT-126-20261006,,,,2024-12-18,REQUIRES_VERIFICATION,0,0,,,,olezarsen / TRYNGOLZA: primary-source candidates were searched; candidate links and imported cutoffs require verification before they can pass a gate. No affirmative application-specific CMC and facility clearance dossier was established in this run.,STRICT_ENGINE_EVALUATED_SOURCE_SCREENED,process_validation_status | stability_status | analytical_methods_status | comparability_status | supplier_status,primary_endpoint_status | multiplicity_status | missing_data_status | effect_size_status | replication_status,warning/import/Form483 clearance; named sites/FEI; NAI classification; passed preapproval inspection,RETROSPECTIVE_DEVELOPMENT_NOT_BLIND,,
ZEAL|2024-12-22|glepaglutide,ZEAL,glepaglutide,2024-12-22,UNKNOWN,UNKNOWN,REVIEW,REVIEW,REVIEW,NEUTRAL,REVIEW,,REVIEW,INSUFFICIENT FDA EVIDENCE,application/review-cycle identity not verified | statistics/effectiveness gate unresolved | CMC/product-quality gate unresolved | manufacturing/facility gate unresolved | safety score missing | regulatory score missing | clinical score missing | clinical_meaningfulness score missing | benefit_risk score missing | decision-safe evidence freshness not verified,FDA-V3.2,STRICT-126-20261006,,,,,REQUIRES_VERIFICATION,0,0,,,,glepaglutide: primary-source candidates were searched; candidate links and imported cutoffs require verification before they can pass a gate. No affirmative application-specific CMC and facility clearance dossier was established in this run.,STRICT_ENGINE_EVALUATED_SOURCE_SCREENED,process_validation_status | stability_status | analytical_methods_status | comparability_status | supplier_status,primary_endpoint_status | multiplicity_status | missing_data_status | effect_size_status | replication_status,warning/import/Form483 clearance; named sites/FEI; NAI classification; passed preapproval inspection,RETROSPECTIVE_DEVELOPMENT_NOT_BLIND,,
SNDX|2024-12-26,SNDX,revumenib / REVUFORJ,2024-12-26,UNKNOWN,UNKNOWN,REVIEW,REVIEW,REVIEW,NEUTRAL,REVIEW,,REVIEW,INSUFFICIENT FDA EVIDENCE,application/review-cycle identity not verified | statistics/effectiveness gate unresolved | CMC/product-quality gate unresolved | manufacturing/facility gate unresolved | safety score missing | regulatory score missing | clinical score missing | clinical_meaningfulness score missing | benefit_risk score missing | decision-safe evidence freshness not verified,FDA-V3.2,STRICT-126-20261006,,,,2024-11-14,REQUIRES_VERIFICATION,0,0,,,,revumenib / REVUFORJ: primary-source candidates were searched; candidate links and imported cutoffs require verification before they can pass a gate. No affirmative application-specific CMC and facility clearance dossier was established in this run.,STRICT_ENGINE_EVALUATED_SOURCE_SCREENED,process_validation_status | stability_status | analytical_methods_status | comparability_status | supplier_status,primary_endpoint_status | multiplicity_status | missing_data_status | effect_size_status | replication_status,warning/import/Form483 clearance; named sites/FEI; NAI classification; passed preapproval inspection,RETROSPECTIVE_DEVELOPMENT_NOT_BLIND,,
LQDA|2025-05-24,LQDA,treprostinil YUTREPIA,2025-05-24,UNKNOWN,UNKNOWN,REVIEW,REVIEW,REVIEW,NEUTRAL,REVIEW,,REVIEW,INSUFFICIENT FDA EVIDENCE,application/review-cycle identity not verified | statistics/effectiveness gate unresolved | CMC/product-quality gate unresolved | manufacturing/facility gate unresolved | safety score missing | regulatory score missing | clinical score missing | clinical_meaningfulness score missing | benefit_risk score missing | decision-safe evidence freshness not verified,FDA-V3.2,STRICT-126-20261006,,,,2025-05-22,REQUIRES_VERIFICATION,0,0,,,,treprostinil YUTREPIA: primary-source candidates were searched; candidate links and imported cutoffs require verification before they can pass a gate. No affirmative application-specific CMC and facility clearance dossier was established in this run.,STRICT_ENGINE_EVALUATED_SOURCE_SCREENED,process_validation_status | stability_status | analytical_methods_status | comparability_status | supplier_status,primary_endpoint_status | multiplicity_status | missing_data_status | effect_size_status | replication_status,warning/import/Form483 clearance; named sites/FEI; NAI classification; passed preapproval inspection,RETROSPECTIVE_DEVELOPMENT_NOT_BLIND,,
ETON|2025-05-28,ETON,hydrocortisone KHINDIVI,2025-05-28,UNKNOWN,UNKNOWN,REVIEW,REVIEW,REVIEW,NEUTRAL,REVIEW,,REVIEW,INSUFFICIENT FDA EVIDENCE,application/review-cycle identity not verified | statistics/effectiveness gate unresolved | CMC/product-quality gate unresolved | manufacturing/facility gate unresolved | safety score missing | regulatory score missing | clinical score missing | clinical_meaningfulness score missing | benefit_risk score missing | decision-safe evidence freshness not verified,FDA-V3.2,STRICT-126-20261006,,,,2025-05-27,REQUIRES_VERIFICATION,0,0,,,,hydrocortisone KHINDIVI: primary-source candidates were searched; candidate links and imported cutoffs require verification before they can pass a gate. No affirmative application-specific CMC and facility clearance dossier was established in this run.,STRICT_ENGINE_EVALUATED_SOURCE_SCREENED,process_validation_status | stability_status | analytical_methods_status | comparability_status | supplier_status,primary_endpoint_status | multiplicity_status | missing_data_status | effect_size_status | replication_status,warning/import/Form483 clearance; named sites/FEI; NAI classification; passed preapproval inspection,RETROSPECTIVE_DEVELOPMENT_NOT_BLIND,,
CAPR|2025-08-31,CAPR,deramiocel,2025-08-31,UNKNOWN,UNKNOWN,REVIEW,REVIEW,REVIEW,NEUTRAL,REVIEW,,REVIEW,INSUFFICIENT FDA EVIDENCE,application/review-cycle identity not verified | statistics/effectiveness gate unresolved | CMC/product-quality gate unresolved | manufacturing/facility gate unresolved | safety score missing | regulatory score missing | clinical score missing | clinical_meaningfulness score missing | benefit_risk score missing | decision-safe evidence freshness not verified,FDA-V3.2,STRICT-126-20261006,,,,2025-07-10,REQUIRES_VERIFICATION,0,0,,,,deramiocel: primary-source candidates were searched; candidate links and imported cutoffs require verification before they can pass a gate. No affirmative application-specific CMC and facility clearance dossier was established in this run.,STRICT_ENGINE_EVALUATED_SOURCE_SCREENED,process_validation_status | stability_status | analytical_methods_status | comparability_status | supplier_status,primary_endpoint_status | multiplicity_status | missing_data_status | effect_size_status | replication_status,warning/import/Form483 clearance; named sites/FEI; NAI classification; passed preapproval inspection,RETROSPECTIVE_DEVELOPMENT_NOT_BLIND,,
CYTK|2025-12-26,CYTK,aficamten,2025-12-26,UNKNOWN,UNKNOWN,REVIEW,REVIEW,REVIEW,NEUTRAL,REVIEW,,REVIEW,INSUFFICIENT FDA EVIDENCE,application/review-cycle identity not verified | statistics/effectiveness gate unresolved | CMC/product-quality gate unresolved | manufacturing/facility gate unresolved | safety score missing | regulatory score missing | clinical score missing | clinical_meaningfulness score missing | benefit_risk score missing | decision-safe evidence freshness not verified,FDA-V3.2,STRICT-126-20261006,,,,2025-12-18,REQUIRES_VERIFICATION,0,0,,,,aficamten: primary-source candidates were searched; candidate links and imported cutoffs require verification before they can pass a gate. No affirmative application-specific CMC and facility clearance dossier was established in this run.,STRICT_ENGINE_EVALUATED_SOURCE_SCREENED,process_validation_status | stability_status | analytical_methods_status | comparability_status | supplier_status,primary_endpoint_status | multiplicity_status | missing_data_status | effect_size_status | replication_status,warning/import/Form483 clearance; named sites/FEI; NAI classification; passed preapproval inspection,RETROSPECTIVE_DEVELOPMENT_NOT_BLIND,,
CORT|2025-12-30,CORT,relacorilant,2025-12-30,UNKNOWN,UNKNOWN,REVIEW,REVIEW,REVIEW,NEUTRAL,REVIEW,,REVIEW,INSUFFICIENT FDA EVIDENCE,application/review-cycle identity not verified | statistics/effectiveness gate unresolved | CMC/product-quality gate unresolved | manufacturing/facility gate unresolved | safety score missing | regulatory score missing | clinical score missing | clinical_meaningfulness score missing | benefit_risk score missing | decision-safe evidence freshness not verified,FDA-V3.2,STRICT-126-20261006,,,,,REQUIRES_VERIFICATION,0,0,,,,relacorilant: primary-source candidates were searched; candidate links and imported cutoffs require verification before they can pass a gate. No affirmative application-specific CMC and facility clearance dossier was established in this run.,STRICT_ENGINE_EVALUATED_SOURCE_SCREENED,process_validation_status | stability_status | analytical_methods_status | comparability_status | supplier_status,primary_endpoint_status | multiplicity_status | missing_data_status | effect_size_status | replication_status,warning/import/Form483 clearance; named sites/FEI; NAI classification; passed preapproval inspection,RETROSPECTIVE_DEVELOPMENT_NOT_BLIND,,
RGNX|2026-02-08|rgx-121 seeking accelerated approval was submitted to the fda in march 2025,RGNX,RGX-121,2026-02-08,UNKNOWN,UNKNOWN,REVIEW,REVIEW,REVIEW,NEUTRAL,REVIEW,,REVIEW,INSUFFICIENT FDA EVIDENCE,application/review-cycle identity not verified | statistics/effectiveness gate unresolved | CMC/product-quality gate unresolved | manufacturing/facility gate unresolved | safety score missing | regulatory score missing | clinical score missing | clinical_meaningfulness score missing | benefit_risk score missing | decision-safe evidence freshness not verified,FDA-V3.2,STRICT-126-20261006,,,,2026-02-06,REQUIRES_VERIFICATION,0,0,,https://ir.regenxbio.com/news-releases/news-release-details/regenxbio-announces-regulatory-update-ultra-rare-mps-programs,,"January 28, 2026 sponsor release verifies a clinical hold on RGX-121 itself, extending shared-risk concerns from RGX-111; causality was not established. This is a material safety warning. No numerical safety score or categorical engine failure is invented; safety, benefit-risk, CMC and facility gates remain unresolved.",STRICT_ENGINE_EVALUATED_SOURCE_SCREENED,process_validation_status | stability_status | analytical_methods_status | comparability_status | supplier_status,primary_endpoint_status | multiplicity_status | missing_data_status | effect_size_status | replication_status,warning/import/Form483 clearance; named sites/FEI; NAI classification; passed preapproval inspection,RETROSPECTIVE_DEVELOPMENT_NOT_BLIND,,
VNDA|2026-02-21|bysanti,VNDA,bysanti,2026-02-21,UNKNOWN,UNKNOWN,REVIEW,REVIEW,REVIEW,NEUTRAL,REVIEW,,REVIEW,INSUFFICIENT FDA EVIDENCE,application/review-cycle identity not verified | statistics/effectiveness gate unresolved | CMC/product-quality gate unresolved | manufacturing/facility gate unresolved | safety score missing | regulatory score missing | clinical score missing | clinical_meaningfulness score missing | benefit_risk score missing | decision-safe evidence freshness not verified,FDA-V3.2,STRICT-126-20261006,,,,2026-02-19,REQUIRES_VERIFICATION,0,0,,,,bysanti: primary-source candidates were searched; candidate links and imported cutoffs require verification before they can pass a gate. No affirmative application-specific CMC and facility clearance dossier was established in this run.,STRICT_ENGINE_EVALUATED_SOURCE_SCREENED,process_validation_status | stability_status | analytical_methods_status | comparability_status | supplier_status,primary_endpoint_status | multiplicity_status | missing_data_status | effect_size_status | replication_status,warning/import/Form483 clearance; named sites/FEI; NAI classification; passed preapproval inspection,RETROSPECTIVE_DEVELOPMENT_NOT_BLIND,,
RCKT|2026-03-28|kresladi,RCKT,kresladi,2026-03-28,UNKNOWN,UNKNOWN,REVIEW,REVIEW,REVIEW,NEUTRAL,REVIEW,,REVIEW,INSUFFICIENT FDA EVIDENCE,application/review-cycle identity not verified | statistics/effectiveness gate unresolved | CMC/product-quality gate unresolved | manufacturing/facility gate unresolved | safety score missing | regulatory score missing | clinical score missing | clinical_meaningfulness score missing | benefit_risk score missing | decision-safe evidence freshness not verified,FDA-V3.2,STRICT-126-20261006,,,,2026-03-25,REQUIRES_VERIFICATION,0,0,,,,kresladi: primary-source candidates were searched; candidate links and imported cutoffs require verification before they can pass a gate. No affirmative application-specific CMC and facility clearance dossier was established in this run.,STRICT_ENGINE_EVALUATED_SOURCE_SCREENED,process_validation_status | stability_status | analytical_methods_status | comparability_status | supplier_status,primary_endpoint_status | multiplicity_status | missing_data_status | effect_size_status | replication_status,warning/import/Form483 clearance; named sites/FEI; NAI classification; passed preapproval inspection,RETROSPECTIVE_DEVELOPMENT_NOT_BLIND,,
DNLI|2026-04-05|tividenofusp-alfa,DNLI,tividenofusp-alfa,2026-04-05,UNKNOWN,UNKNOWN,REVIEW,REVIEW,REVIEW,NEUTRAL,REVIEW,,REVIEW,INSUFFICIENT FDA EVIDENCE,application/review-cycle identity not verified | statistics/effectiveness gate unresolved | CMC/product-quality gate unresolved | manufacturing/facility gate unresolved | safety score missing | regulatory score missing | clinical score missing | clinical_meaningfulness score missing | benefit_risk score missing | decision-safe evidence freshness not verified,FDA-V3.2,STRICT-126-20261006,,,,2026-03-23,REQUIRES_VERIFICATION,0,0,,,,tividenofusp-alfa: primary-source candidates were searched; candidate links and imported cutoffs require verification before they can pass a gate. No affirmative application-specific CMC and facility clearance dossier was established in this run.,STRICT_ENGINE_EVALUATED_SOURCE_SCREENED,process_validation_status | stability_status | analytical_methods_status | comparability_status | supplier_status,primary_endpoint_status | multiplicity_status | missing_data_status | effect_size_status | replication_status,warning/import/Form483 clearance; named sites/FEI; NAI classification; passed preapproval inspection,RETROSPECTIVE_DEVELOPMENT_NOT_BLIND,,
ARVN|2026-06-05|vepdegestrant,ARVN,vepdegestrant,2026-06-05,UNKNOWN,UNKNOWN,REVIEW,REVIEW,REVIEW,NEUTRAL,REVIEW,,REVIEW,INSUFFICIENT FDA EVIDENCE,application/review-cycle identity not verified | statistics/effectiveness gate unresolved | CMC/product-quality gate unresolved | manufacturing/facility gate unresolved | safety score missing | regulatory score missing | clinical score missing | clinical_meaningfulness score missing | benefit_risk score missing | decision-safe evidence freshness not verified,FDA-V3.2,STRICT-126-20261006,,,,2026-04-30,REQUIRES_VERIFICATION,0,0,,,,vepdegestrant: primary-source candidates were searched; candidate links and imported cutoffs require verification before they can pass a gate. No affirmative application-specific CMC and facility clearance dossier was established in this run.,STRICT_ENGINE_EVALUATED_SOURCE_SCREENED,process_validation_status | stability_status | analytical_methods_status | comparability_status | supplier_status,primary_endpoint_status | multiplicity_status | missing_data_status | effect_size_status | replication_status,warning/import/Form483 clearance; named sites/FEI; NAI classification; passed preapproval inspection,RETROSPECTIVE_DEVELOPMENT_NOT_BLIND,,
LNTH|2026-06-29|lnth-2501,LNTH,lnth-2501,2026-06-29,UNKNOWN,UNKNOWN,REVIEW,REVIEW,REVIEW,NEUTRAL,REVIEW,,REVIEW,INSUFFICIENT FDA EVIDENCE,application/review-cycle identity not verified | statistics/effectiveness gate unresolved | CMC/product-quality gate unresolved | manufacturing/facility gate unresolved | safety score missing | regulatory score missing | clinical score missing | clinical_meaningfulness score missing | benefit_risk score missing | decision-safe evidence freshness not verified,FDA-V3.2,STRICT-126-20261006,,,,2026-06-25,REQUIRES_VERIFICATION,0,0,,,,lnth-2501: primary-source candidates were searched; candidate links and imported cutoffs require verification before they can pass a gate. No affirmative application-specific CMC and facility clearance dossier was established in this run.,STRICT_ENGINE_EVALUATED_SOURCE_SCREENED,process_validation_status | stability_status | analytical_methods_status | comparability_status | supplier_status,primary_endpoint_status | multiplicity_status | missing_data_status | effect_size_status | replication_status,warning/import/Form483 clearance; named sites/FEI; NAI classification; passed preapproval inspection,RETROSPECTIVE_DEVELOPMENT_NOT_BLIND,,
VRDN|2026-06-30|veligrotug to the fda in october 2025,VRDN,veligrotug,2026-06-30,UNKNOWN,UNKNOWN,REVIEW,REVIEW,REVIEW,NEUTRAL,REVIEW,,REVIEW,INSUFFICIENT FDA EVIDENCE,application/review-cycle identity not verified | statistics/effectiveness gate unresolved | CMC/product-quality gate unresolved | manufacturing/facility gate unresolved | safety score missing | regulatory score missing | clinical score missing | clinical_meaningfulness score missing | benefit_risk score missing | decision-safe evidence freshness not verified,FDA-V3.2,STRICT-126-20261006,,,,2026-06-25,REQUIRES_VERIFICATION,0,0,,,,veligrotug: primary-source candidates were searched; candidate links and imported cutoffs require verification before they can pass a gate. No affirmative application-specific CMC and facility clearance dossier was established in this run.,STRICT_ENGINE_EVALUATED_SOURCE_SCREENED,process_validation_status | stability_status | analytical_methods_status | comparability_status | supplier_status,primary_endpoint_status | multiplicity_status | missing_data_status | effect_size_status | replication_status,warning/import/Form483 clearance; named sites/FEI; NAI classification; passed preapproval inspection,RETROSPECTIVE_DEVELOPMENT_NOT_BLIND,,
MNKD|2026-07-26|sbla,MNKD,Afrezza pediatric sBLA,2026-07-26,UNKNOWN,UNKNOWN,REVIEW,REVIEW,REVIEW,NEUTRAL,REVIEW,,REVIEW,INSUFFICIENT FDA EVIDENCE,application/review-cycle identity not verified | statistics/effectiveness gate unresolved | CMC/product-quality gate unresolved | manufacturing/facility gate unresolved | safety score missing | regulatory score missing | clinical score missing | clinical_meaningfulness score missing | benefit_risk score missing | decision-safe evidence freshness not verified,FDA-V3.2,STRICT-126-20261006,,,,2026-07-22,REQUIRES_VERIFICATION,0,0,,,,Afrezza pediatric sBLA: primary-source candidates were searched; candidate links and imported cutoffs require verification before they can pass a gate. No affirmative application-specific CMC and facility clearance dossier was established in this run.,STRICT_ENGINE_EVALUATED_SOURCE_SCREENED,process_validation_status | stability_status | analytical_methods_status | comparability_status | supplier_status,primary_endpoint_status | multiplicity_status | missing_data_status | effect_size_status | replication_status,warning/import/Form483 clearance; named sites/FEI; NAI classification; passed preapproval inspection,RETROSPECTIVE_DEVELOPMENT_NOT_BLIND,,
RARE|2026-08-23|dtx401,RARE,dtx401,2026-08-23,UNKNOWN,UNKNOWN,REVIEW,REVIEW,REVIEW,NEUTRAL,REVIEW,,REVIEW,INSUFFICIENT FDA EVIDENCE,application/review-cycle identity not verified | statistics/effectiveness gate unresolved | CMC/product-quality gate unresolved | manufacturing/facility gate unresolved | safety score missing | regulatory score missing | clinical score missing | clinical_meaningfulness score missing | benefit_risk score missing | decision-safe evidence freshness not verified,FDA-V3.2,STRICT-126-20261006,,,,2026-08-18,REQUIRES_VERIFICATION,0,0,,,,dtx401: primary-source candidates were searched; candidate links and imported cutoffs require verification before they can pass a gate. No affirmative application-specific CMC and facility clearance dossier was established in this run.,STRICT_ENGINE_EVALUATED_SOURCE_SCREENED,process_validation_status | stability_status | analytical_methods_status | comparability_status | supplier_status,primary_endpoint_status | multiplicity_status | missing_data_status | effect_size_status | replication_status,warning/import/Form483 clearance; named sites/FEI; NAI classification; passed preapproval inspection,RETROSPECTIVE_DEVELOPMENT_NOT_BLIND,,
TLX|2026-09-11|tlx101-px,TLX,tlx101-px,2026-09-11,UNKNOWN,UNKNOWN,REVIEW,REVIEW,REVIEW,NEUTRAL,REVIEW,,REVIEW,INSUFFICIENT FDA EVIDENCE,application/review-cycle identity not verified | statistics/effectiveness gate unresolved | CMC/product-quality gate unresolved | manufacturing/facility gate unresolved | safety score missing | regulatory score missing | clinical score missing | clinical_meaningfulness score missing | benefit_risk score missing | decision-safe evidence freshness not verified,FDA-V3.2,STRICT-126-20261006,,,,2026-09-10,REQUIRES_VERIFICATION,0,0,,,,tlx101-px: primary-source candidates were searched; candidate links and imported cutoffs require verification before they can pass a gate. No affirmative application-specific CMC and facility clearance dossier was established in this run.,STRICT_ENGINE_EVALUATED_SOURCE_SCREENED,process_validation_status | stability_status | analytical_methods_status | comparability_status | supplier_status,primary_endpoint_status | multiplicity_status | missing_data_status | effect_size_status | replication_status,warning/import/Form483 clearance; named sites/FEI; NAI classification; passed preapproval inspection,RETROSPECTIVE_DEVELOPMENT_NOT_BLIND,,
IONS|2026-09-22|alexander,IONS,zilganersen Alexander disease,2026-09-22,UNKNOWN,UNKNOWN,REVIEW,REVIEW,REVIEW,NEUTRAL,REVIEW,,REVIEW,INSUFFICIENT FDA EVIDENCE,application/review-cycle identity not verified | statistics/effectiveness gate unresolved | CMC/product-quality gate unresolved | manufacturing/facility gate unresolved | safety score missing | regulatory score missing | clinical score missing | clinical_meaningfulness score missing | benefit_risk score missing | decision-safe evidence freshness not verified,FDA-V3.2,STRICT-126-20261006,,,,2026-09-02,REQUIRES_VERIFICATION,0,0,,,,zilganersen Alexander disease: primary-source candidates were searched; candidate links and imported cutoffs require verification before they can pass a gate. No affirmative application-specific CMC and facility clearance dossier was established in this run.,STRICT_ENGINE_EVALUATED_SOURCE_SCREENED,process_validation_status | stability_status | analytical_methods_status | comparability_status | supplier_status,primary_endpoint_status | multiplicity_status | missing_data_status | effect_size_status | replication_status,warning/import/Form483 clearance; named sites/FEI; NAI classification; passed preapproval inspection,RETROSPECTIVE_DEVELOPMENT_NOT_BLIND,,
SRRK|2026-09-30|apitegromab,SRRK,apitegromab,2026-09-30,UNKNOWN,UNKNOWN,REVIEW,REVIEW,REVIEW,NEUTRAL,REVIEW,,REVIEW,INSUFFICIENT FDA EVIDENCE,application/review-cycle identity not verified | statistics/effectiveness gate unresolved | CMC/product-quality gate unresolved | manufacturing/facility gate unresolved | safety score missing | regulatory score missing | clinical score missing | clinical_meaningfulness score missing | benefit_risk score missing | decision-safe evidence freshness not verified,FDA-V3.2,STRICT-126-20261006,,,,2026-09-10,REQUIRES_VERIFICATION,0,0,,,,apitegromab: primary-source candidates were searched; candidate links and imported cutoffs require verification before they can pass a gate. No affirmative application-specific CMC and facility clearance dossier was established in this run.,STRICT_ENGINE_EVALUATED_SOURCE_SCREENED,process_validation_status | stability_status | analytical_methods_status | comparability_status | supplier_status,primary_endpoint_status | multiplicity_status | missing_data_status | effect_size_status | replication_status,warning/import/Form483 clearance; named sites/FEI; NAI classification; passed preapproval inspection,RETROSPECTIVE_DEVELOPMENT_NOT_BLIND,,
