event_key,query,source_title,source_url,retrieval_ref,source_review_status,retrieved_on
EPZM|2020-01-23|tazemetostat,tazemetostat 2020 FDA application trial results,FDA granted accelerated approval to tazemetostat for follicular lymphoma | FDA,https://www.fda.gov/drugs/fda-granted-accelerated-approval-tazemetostat-follicular-lymphoma,turn116search0,CANDIDATE_ONLY_NOT_GATE_EVIDENCE,2026-10-06
EPZM|2020-01-23|tazemetostat,tazemetostat 2020 FDA application trial results,Multi-Discipline Review,https://www.accessdata.fda.gov/drugsatfda_docs/nda/2020/211723Orig1s000MultidisciplineR.pdf,turn116search12,CANDIDATE_ONLY_NOT_GATE_EVIDENCE,2026-10-06
EPZM|2020-01-23|tazemetostat,tazemetostat 2020 FDA application trial results,"Tazemetostat in advanced epithelioid sarcoma with loss of INI1/SMARCB1: an international, open-label, phase 2 basket study - PubMed",https://pubmed.ncbi.nlm.nih.gov/33035459/,turn116search1,CANDIDATE_ONLY_NOT_GATE_EVIDENCE,2026-10-06
EPZM|2020-01-23|tazemetostat,tazemetostat 2020 FDA application trial results,TAZVERIK | Promotional Material | 9.9.2025,https://www.fda.gov/media/188899/download,turn116search13,CANDIDATE_ONLY_NOT_GATE_EVIDENCE,2026-10-06
EPZM|2020-01-23|tazemetostat,tazemetostat 2020 FDA application trial results,"Tazemetostat for patients with relapsed or refractory follicular lymphoma: an open-label, single-arm, multicentre, phase 2 trial - PMC",https://pmc.ncbi.nlm.nih.gov/articles/8427481/,turn116search2,CANDIDATE_ONLY_NOT_GATE_EVIDENCE,2026-10-06
EPZM|2020-01-23|tazemetostat,tazemetostat 2020 FDA application trial results,TAZVERIK (tazemetostat) tablet,https://www.accessdata.fda.gov/drugsatfda_docs/appletter/2020/213400Orig1s000ltr.pdf,turn116search14,CANDIDATE_ONLY_NOT_GATE_EVIDENCE,2026-10-06
EPZM|2020-01-23|tazemetostat,tazemetostat 2020 FDA application trial results,"Efficacy, safety, and immune priming effect of tazemetostat in patients with epithelioid sarcoma. | Journal of Clinical Oncology",https://ascopubs.org/doi/10.1200/JCO.2020.38.15_suppl.11564,turn116search4,CANDIDATE_ONLY_NOT_GATE_EVIDENCE,2026-10-06
EPZM|2020-01-23|tazemetostat,tazemetostat 2020 FDA application trial results,"Tazemetostat for patients with relapsed or refractory follicular lymphoma: an open-label, single-arm, multicentre, phase 2 trial - PMC",https://pmc.ncbi.nlm.nih.gov/articles/PMC8427481/,turn116search5,CANDIDATE_ONLY_NOT_GATE_EVIDENCE,2026-10-06
EPZM|2020-01-23|tazemetostat,tazemetostat 2020 FDA application trial results,"Phase I study of tazemetostat, an enhancer of zeste homolog-2 inhibitor, in pediatric pts with relapsed/refractory integrase interactor 1-negative tumors. | Journal of Clinical Oncology",https://ascopubs.org/doi/10.1200/JCO.2020.38.15_suppl.10525,turn116search7,CANDIDATE_ONLY_NOT_GATE_EVIDENCE,2026-10-06
EPZM|2020-01-23|tazemetostat,tazemetostat 2020 FDA application trial results,epzm-10q_20180930.htm,https://www.sec.gov/Archives/edgar/data/1571498/000156459018026360/epzm-10q_20180930.htm,turn116search8,CANDIDATE_ONLY_NOT_GATE_EVIDENCE,2026-10-06
EPZM|2020-01-23|tazemetostat,tazemetostat 2020 FDA application trial results,FDA Alerts Health Care Providers and Patients about Increased Risk of New Blood Cancers with Tazverik (tazemetostat) Use; Sponsor to Voluntarily Withdraw Product from Market | FDA,https://www.fda.gov/drugs/drug-alerts-and-statements/fda-alerts-health-care-providers-and-patients-about-increased-risk-new-blood-cancers-tazverik,turn116search9,CANDIDATE_ONLY_NOT_GATE_EVIDENCE,2026-10-06
EPZM|2020-01-23|tazemetostat,tazemetostat 2020 FDA application trial results,TAZVERIK | Untitled Letter | 9.9.2025,https://www.fda.gov/media/188907/download,turn116search15,CANDIDATE_ONLY_NOT_GATE_EVIDENCE,2026-10-06
EPZM|2020-01-23|tazemetostat,tazemetostat 2020 FDA application trial results,Tazemetostat: First Approval - PubMed,https://pubmed.ncbi.nlm.nih.gov/32166598/,turn116search11,CANDIDATE_ONLY_NOT_GATE_EVIDENCE,2026-10-06
AIMT|2020-01-31|palforzia,palforzia 2020 FDA application trial results,"January 31, 2020 Summary Basis for Regulatory Action - PALFORZIA",https://www.fda.gov/media/135328/download?attachment=,turn120search12,CANDIDATE_ONLY_NOT_GATE_EVIDENCE,2026-10-06
AIMT|2020-01-31|palforzia,palforzia 2020 FDA application trial results,PALFORZIA | FDA,https://www.fda.gov/vaccines-blood-biologics/allergenics/palforzia,turn120search0,CANDIDATE_ONLY_NOT_GATE_EVIDENCE,2026-10-06
AIMT|2020-01-31|palforzia,palforzia 2020 FDA application trial results,Purple Book Search,https://purplebooksearch.fda.gov/index.cfm?blaNo=125696&event=productdetails,turn120search1,CANDIDATE_ONLY_NOT_GATE_EVIDENCE,2026-10-06
AIMT|2020-01-31|palforzia,palforzia 2020 FDA application trial results,"July 23, 2024 Clinical Review Memo - PALFORZIA",https://www.fda.gov/media/180546/download,turn120search14,CANDIDATE_ONLY_NOT_GATE_EVIDENCE,2026-10-06
AIMT|2020-01-31|palforzia,palforzia 2020 FDA application trial results,aimt-10k_20191231.htm,https://www.sec.gov/Archives/edgar/data/1631650/000156459020007384/aimt-10k_20191231.htm,turn120search2,CANDIDATE_ONLY_NOT_GATE_EVIDENCE,2026-10-06
AIMT|2020-01-31|palforzia,palforzia 2020 FDA application trial results,Go-ahead for first peanut allergy drug | Nature Biotechnology,https://www.nature.com/articles/s41587-020-0458-7,turn120search3,CANDIDATE_ONLY_NOT_GATE_EVIDENCE,2026-10-06
AIMT|2020-01-31|palforzia,palforzia 2020 FDA application trial results,EX-99.1,https://www.sec.gov/Archives/edgar/data/1631650/000119312520021708/d879572dex991.htm,turn120search4,CANDIDATE_ONLY_NOT_GATE_EVIDENCE,2026-10-06
AIMT|2020-01-31|palforzia,palforzia 2020 FDA application trial results,EX-99.1,https://www.sec.gov/Archives/edgar/data/1631650/000119312519245134/d804210dex991.htm,turn120search6,CANDIDATE_ONLY_NOT_GATE_EVIDENCE,2026-10-06
AIMT|2020-01-31|palforzia,palforzia 2020 FDA application trial results,Peanut oral immunotherapy: current trends in clinical trials - PMC,https://pmc.ncbi.nlm.nih.gov/articles/PMC9327116/,turn120search7,CANDIDATE_ONLY_NOT_GATE_EVIDENCE,2026-10-06
AIMT|2020-01-31|palforzia,palforzia 2020 FDA application trial results,Peanut (Arachis hypogaea) Allergen Powder-dnfp: The First FDA-approved Oral Immunotherapy for Desensitization of Peanut Allergy in Children - PMC,https://pmc.ncbi.nlm.nih.gov/articles/PMC8475804/,turn120search9,CANDIDATE_ONLY_NOT_GATE_EVIDENCE,2026-10-06
AIMT|2020-01-31|palforzia,palforzia 2020 FDA application trial results,FDA approves first peanut allergy drug | Nature Reviews Drug Discovery,https://www.nature.com/articles/d41573-020-00025-z,turn120search11,CANDIDATE_ONLY_NOT_GATE_EVIDENCE,2026-10-06
ESPR|2020-02-21|bempedoic-acid,bempedoic-acid 2020 FDA application trial results,##,https://www.accessdata.fda.gov/drugsatfda_docs/nda/2020/211616Orig1s000IntegratedR.pdf,turn119search12,CANDIDATE_ONLY_NOT_GATE_EVIDENCE,2026-10-06
ESPR|2020-02-21|bempedoic-acid,bempedoic-acid 2020 FDA application trial results,Bempedoic Acid and Cardiovascular Outcomes in Statin-Intolerant Patients | New England Journal of Medicine,https://www.nejm.org/doi/full/10.1056/NEJMoa2215024,turn119search0,CANDIDATE_ONLY_NOT_GATE_EVIDENCE,2026-10-06
ESPR|2020-02-21|bempedoic-acid,bempedoic-acid 2020 FDA application trial results,Effect of Bempedoic Acid vs Placebo Added to Maximally Tolerated Statins on Low-Density Lipoprotein Cholesterol in Patients at High Risk for Cardiovascular Disease: The CLEAR Wisdom Randomized Clinical Trial | Cardiology | JAMA | JAMA Network,https://jamanetwork.com/journals/jama/fullarticle/2754792,turn119search1,CANDIDATE_ONLY_NOT_GATE_EVIDENCE,2026-10-06
ESPR|2020-02-21|bempedoic-acid,bempedoic-acid 2020 FDA application trial results,Safety and Efficacy of Bempedoic Acid to Reduce LDL Cholesterol - PubMed,https://pubmed.ncbi.nlm.nih.gov/30865796/,turn119search2,CANDIDATE_ONLY_NOT_GATE_EVIDENCE,2026-10-06
ESPR|2020-02-21|bempedoic-acid,bempedoic-acid 2020 FDA application trial results,Safety and Efficacy of Bempedoic Acid to Reduce LDL Cholesterol | New England Journal of Medicine,https://www.nejm.org/doi/full/10.1056/NEJMoa1803917?query=TOC,turn119search3,CANDIDATE_ONLY_NOT_GATE_EVIDENCE,2026-10-06
ESPR|2020-02-21|bempedoic-acid,bempedoic-acid 2020 FDA application trial results,Effect of Bempedoic Acid vs Placebo Added to Maximally Tolerated Statins on Low-Density Lipoprotein Cholesterol in Patients at High Risk for Cardiovascular Disease: The CLEAR Wisdom Randomized Clinical Trial - PMC,https://pmc.ncbi.nlm.nih.gov/articles/PMC6865290/,turn119search4,CANDIDATE_ONLY_NOT_GATE_EVIDENCE,2026-10-06
ESPR|2020-02-21|bempedoic-acid,bempedoic-acid 2020 FDA application trial results,Association of Bempedoic Acid Administration With Atherogenic Lipid Levels in Phase 3 Randomized Clinical Trials of Patients With Hypercholesterolemia - PubMed,https://pubmed.ncbi.nlm.nih.gov/32609313/,turn119search5,CANDIDATE_ONLY_NOT_GATE_EVIDENCE,2026-10-06
ESPR|2020-02-21|bempedoic-acid,bempedoic-acid 2020 FDA application trial results,Effect of Bempedoic Acid vs Placebo Added to Maximally Tolerated Statins on Low-Density Lipoprotein Cholesterol in Patients at High Risk for Cardiovascular Disease: The CLEAR Wisdom Randomized Clinical Trial - PubMed,https://pubmed.ncbi.nlm.nih.gov/31714986/,turn119search7,CANDIDATE_ONLY_NOT_GATE_EVIDENCE,2026-10-06
ESPR|2020-02-21|bempedoic-acid,bempedoic-acid 2020 FDA application trial results,Bempedoic acid safety analysis: Pooled data from four phase 3 clinical trials - PubMed,https://pubmed.ncbi.nlm.nih.gov/32980290/,turn119search8,CANDIDATE_ONLY_NOT_GATE_EVIDENCE,2026-10-06
ESPR|2020-02-21|bempedoic-acid,bempedoic-acid 2020 FDA application trial results,,https://www.sec.gov/Archives/edgar/data/1434868/000110465918049208/a18-14080_110q.htm,turn119search9,CANDIDATE_ONLY_NOT_GATE_EVIDENCE,2026-10-06
ESPR|2020-02-21|bempedoic-acid,bempedoic-acid 2020 FDA application trial results,Safety and Efficacy of Bempedoic Acid to Reduce LDL Cholesterol | New England Journal of Medicine,https://www.nejm.org/doi/abs/10.1056/NEJMoa1803917,turn119search10,CANDIDATE_ONLY_NOT_GATE_EVIDENCE,2026-10-06
ESPR|2020-02-21|bempedoic-acid,bempedoic-acid 2020 FDA application trial results,Association of Bempedoic Acid Administration With Atherogenic Lipid Levels in Phase 3 Randomized Clinical Trials of Patients With Hypercholesterolemia - PMC,https://pmc.ncbi.nlm.nih.gov/articles/PMC7330832/,turn119search11,CANDIDATE_ONLY_NOT_GATE_EVIDENCE,2026-10-06
ESPR|2020-02-26|bempedoic-acid-ezetimibe,bempedoic-acid-ezetimibe 2020 FDA application trial results,Nexlizet / bempedoic acid and ezetimi,https://www.accessdata.fda.gov/drugsatfda_docs/nda/2020/211617Orig1s000IntegratedR.pdf,turn117search12,CANDIDATE_ONLY_NOT_GATE_EVIDENCE,2026-10-06
ESPR|2020-02-26|bempedoic-acid-ezetimibe,bempedoic-acid-ezetimibe 2020 FDA application trial results,Bempedoic acid plus ezetimibe fixed-dose combination in patients with hypercholesterolemia and high CVD risk treated with maximally tolerated statin therapy - PubMed,https://pubmed.ncbi.nlm.nih.gov/31357887/,turn117search0,CANDIDATE_ONLY_NOT_GATE_EVIDENCE,2026-10-06
ESPR|2020-02-26|bempedoic-acid-ezetimibe,bempedoic-acid-ezetimibe 2020 FDA application trial results,label,https://www.accessdata.fda.gov/drugsatfda_docs/label/2025/211617s027s028lbl.pdf,turn117search13,CANDIDATE_ONLY_NOT_GATE_EVIDENCE,2026-10-06
ESPR|2020-02-26|bempedoic-acid-ezetimibe,bempedoic-acid-ezetimibe 2020 FDA application trial results,Effect of bempedoic acid plus ezetimibe fixed-dose combination vs ezetimibe or placebo on low-density lipoprotein cholesterol in patients with type 2 diabetes and hypercholesterolemia not treated with statins - PMC,https://pmc.ncbi.nlm.nih.gov/articles/PMC8550983/,turn117search2,CANDIDATE_ONLY_NOT_GATE_EVIDENCE,2026-10-06
ESPR|2020-02-26|bempedoic-acid-ezetimibe,bempedoic-acid-ezetimibe 2020 FDA application trial results,Nexlizet (bempedoic acid/ezetimibe) tablets,https://www.accessdata.fda.gov/drugsatfda_docs/appletter/2020/211617Orig1s000ltr.pdf,turn117search14,CANDIDATE_ONLY_NOT_GATE_EVIDENCE,2026-10-06
ESPR|2020-02-26|bempedoic-acid-ezetimibe,bempedoic-acid-ezetimibe 2020 FDA application trial results,label,https://www.accessdata.fda.gov/drugsatfda_docs/label/2024/211617s016s017lbl.pdf,turn117search15,CANDIDATE_ONLY_NOT_GATE_EVIDENCE,2026-10-06
ESPR|2020-02-26|bempedoic-acid-ezetimibe,bempedoic-acid-ezetimibe 2020 FDA application trial results,,https://www.sec.gov/Archives/edgar/data/1434868/000110465920009245/tm206366d1_ex99-1.htm,turn117search6,CANDIDATE_ONLY_NOT_GATE_EVIDENCE,2026-10-06
ESPR|2020-02-26|bempedoic-acid-ezetimibe,bempedoic-acid-ezetimibe 2020 FDA application trial results,Safety and Efficacy of Bempedoic Acid to Reduce LDL Cholesterol | New England Journal of Medicine,https://www.nejm.org/doi/full/10.1056/NEJMoa1803917?query=TOC,turn117search8,CANDIDATE_ONLY_NOT_GATE_EVIDENCE,2026-10-06
ESPR|2020-02-26|bempedoic-acid-ezetimibe,bempedoic-acid-ezetimibe 2020 FDA application trial results,"Combination of bempedoic acid, ezetimibe, and atorvastatin in patients with hypercholesterolemia: A randomized clinical trial - PubMed",https://pubmed.ncbi.nlm.nih.gov/33514449/,turn117search9,CANDIDATE_ONLY_NOT_GATE_EVIDENCE,2026-10-06
ESPR|2020-02-26|bempedoic-acid-ezetimibe,bempedoic-acid-ezetimibe 2020 FDA application trial results,Effect of Bempedoic Acid vs Placebo Added to Maximally Tolerated Statins on Low-Density Lipoprotein Cholesterol in Patients at High Risk for Cardiovascular Disease: The CLEAR Wisdom Randomized Clinical Trial | Cardiology | JAMA | JAMA Network,https://jamanetwork.com/journals/jama/fullarticle/2754792,turn117search10,CANDIDATE_ONLY_NOT_GATE_EVIDENCE,2026-10-06
ESPR|2020-02-26|bempedoic-acid-ezetimibe,bempedoic-acid-ezetimibe 2020 FDA application trial results,,https://www.sec.gov/Archives/edgar/data/1434868/000104746919000791/a2237755z10-k.htm,turn117search11,CANDIDATE_ONLY_NOT_GATE_EVIDENCE,2026-10-06
ESPR|2020-02-26|bempedoic-acid-ezetimibe,bempedoic-acid-ezetimibe 2020 FDA application trial results,How Merck's New Cholesterol Buster Will 'Move The Needle' 'By Removing The Needle',https://www.investors.com/news/technology/merck-cholersterol-treatment-enlicitide/,turn117news19,CANDIDATE_ONLY_NOT_GATE_EVIDENCE,2026-10-06
VIE|2020-06-11|inebilizumab,inebilizumab 2020 FDA application trial results,Review,https://www.accessdata.fda.gov/drugsatfda_docs/nda/2020/761142Orig1s000ClinPharmR.pdf,turn122search12,CANDIDATE_ONLY_NOT_GATE_EVIDENCE,2026-10-06
VIE|2020-06-11|inebilizumab,inebilizumab 2020 FDA application trial results,EX-99.1,https://www.sec.gov/Archives/edgar/data/1734517/000119312520005419/d823944dex991.htm,turn122search1,CANDIDATE_ONLY_NOT_GATE_EVIDENCE,2026-10-06
VIE|2020-06-11|inebilizumab,inebilizumab 2020 FDA application trial results,"Uplizna (inebilizumab-cdon) injection, for intravenous use",https://www.accessdata.fda.gov/drugsatfda_docs/appletter/2020/761142Orig1s000ltr.pdf,turn122search13,CANDIDATE_ONLY_NOT_GATE_EVIDENCE,2026-10-06
VIE|2020-06-11|inebilizumab,inebilizumab 2020 FDA application trial results,"Inebilizumab for the treatment of neuromyelitis optica spectrum disorder (N-MOmentum): a double-blind, randomised placebo-controlled phase 2/3 trial - PubMed",https://pubmed.ncbi.nlm.nih.gov/31495497/,turn122search2,CANDIDATE_ONLY_NOT_GATE_EVIDENCE,2026-10-06
VIE|2020-06-11|inebilizumab,inebilizumab 2020 FDA application trial results,vie-10k_20201231.htm,https://www.sec.gov/Archives/edgar/data/1734517/000156459021009902/vie-10k_20201231.htm,turn122search4,CANDIDATE_ONLY_NOT_GATE_EVIDENCE,2026-10-06
VIE|2020-06-11|inebilizumab,inebilizumab 2020 FDA application trial results,"Safety and tolerability of inebilizumab (MEDI-551), an anti-CD19 monoclonal antibody, in patients with relapsing forms of multiple sclerosis: Results from a phase 1 randomised, placebo-controlled, escalating intravenous and subcutaneous dose study.",https://pubmed.ncbi.nlm.nih.gov/29143550/,turn122search5,CANDIDATE_ONLY_NOT_GATE_EVIDENCE,2026-10-06
VIE|2020-06-11|inebilizumab,inebilizumab 2020 FDA application trial results,vie-10k_20191231.htm,https://www.sec.gov/Archives/edgar/data/1734517/000156459020012848/vie-10k_20191231.htm,turn122search6,CANDIDATE_ONLY_NOT_GATE_EVIDENCE,2026-10-06
VIE|2020-06-11|inebilizumab,inebilizumab 2020 FDA application trial results,EX-99.1,https://www.sec.gov/Archives/edgar/data/1734517/000119312520166885/d941904dex991.htm,turn122search7,CANDIDATE_ONLY_NOT_GATE_EVIDENCE,2026-10-06
VIE|2020-06-11|inebilizumab,inebilizumab 2020 FDA application trial results,Review,https://www.accessdata.fda.gov/drugsatfda_docs/nda/2020/761142Orig1s000Approv.pdf,turn122search14,CANDIDATE_ONLY_NOT_GATE_EVIDENCE,2026-10-06
VIE|2020-06-11|inebilizumab,inebilizumab 2020 FDA application trial results,S-1/A,https://www.sec.gov/Archives/edgar/data/1734517/000119312519251235/d750921ds1a.htm,turn122search9,CANDIDATE_ONLY_NOT_GATE_EVIDENCE,2026-10-06
VIE|2020-06-11|inebilizumab,inebilizumab 2020 FDA application trial results,Antibodies to watch in 2020 - PMC,https://pmc.ncbi.nlm.nih.gov/articles/PMC6973335/,turn122search10,CANDIDATE_ONLY_NOT_GATE_EVIDENCE,2026-10-06
VIE|2020-06-11|inebilizumab,inebilizumab 2020 FDA application trial results,"Safety and tolerability of inebilizumab (MEDI-551), an anti-CD19 monoclonal antibody, in patients with relapsing forms of multiple sclerosis: Results from a phase 1 randomised, placebo-controlled, escalating intravenous and subcutaneous dose study - PMC",https://pmc.ncbi.nlm.nih.gov/articles/PMC6360486/,turn122search11,CANDIDATE_ONLY_NOT_GATE_EVIDENCE,2026-10-06
VIE|2020-06-11|inebilizumab,inebilizumab 2020 FDA application trial results,LEADER 3D: A Novel Approach to Identifying a Clinically Meaningful Outcome in a Heterogeneous Population: Inebilizumab-cdon (Uplizna),https://www.fda.gov/media/193805/download,turn122search15,CANDIDATE_ONLY_NOT_GATE_EVIDENCE,2026-10-06
VIE|2020-06-11|inebilizumab,inebilizumab 2020 FDA application trial results,UPLIZNA® (INEBILIZUMAB-CDON) IS NOW THE FIRST AND ONLY FDA-APPROVED TREATMENT FOR IGG4-RELATED DISEASE,https://investors.amgen.com/node/36106/pdf,turn122search16,CANDIDATE_ONLY_NOT_GATE_EVIDENCE,2026-10-06
ZGNX|2020-06-25|fenfluramine,fenfluramine 2020 FDA application trial results,Efficacy and Safety of Fenfluramine for the Treatment of Seizures Associated With Lennox-Gastaut Syndrome: A Randomized Clinical Trial - PubMed,https://pubmed.ncbi.nlm.nih.gov/35499850/,turn123search0,CANDIDATE_ONLY_NOT_GATE_EVIDENCE,2026-10-06
ZGNX|2020-06-25|fenfluramine,fenfluramine 2020 FDA application trial results,Clinical Review (Fintepla),https://www.fda.gov/media/158280/download,turn123search12,CANDIDATE_ONLY_NOT_GATE_EVIDENCE,2026-10-06
ZGNX|2020-06-25|fenfluramine,fenfluramine 2020 FDA application trial results,8-K,https://www.sec.gov/Archives/edgar/data/1375151/000119312520027291/d880064d8k.htm,turn123search1,CANDIDATE_ONLY_NOT_GATE_EVIDENCE,2026-10-06
ZGNX|2020-06-25|fenfluramine,fenfluramine 2020 FDA application trial results,Fintepla (fenfluramine) oral solution,https://www.accessdata.fda.gov/drugsatfda_docs/appletter/2023/212102Orig1s006ltr.pdf,turn123search13,CANDIDATE_ONLY_NOT_GATE_EVIDENCE,2026-10-06
ZGNX|2020-06-25|fenfluramine,fenfluramine 2020 FDA application trial results,Review,https://www.accessdata.fda.gov/drugsatfda_docs/nda/2020/212102Orig1s000Approv.pdf,turn123search14,CANDIDATE_ONLY_NOT_GATE_EVIDENCE,2026-10-06
ZGNX|2020-06-25|fenfluramine,fenfluramine 2020 FDA application trial results,Fenfluramine for Treatment-Resistant Seizures in Patients With Dravet Syndrome Receiving Stiripentol-Inclusive Regimens: A Randomized Clinical Trial | Epilepsy and Seizures | JAMA Neurology | JAMA Network,https://jamanetwork.com/journals/jamaneurology/fullarticle/2756124,turn123search2,CANDIDATE_ONLY_NOT_GATE_EVIDENCE,2026-10-06
ZGNX|2020-06-25|fenfluramine,fenfluramine 2020 FDA application trial results,Clinical Review,https://www.fda.gov/media/158280/download?attachment=,turn123search15,CANDIDATE_ONLY_NOT_GATE_EVIDENCE,2026-10-06
ZGNX|2020-06-25|fenfluramine,fenfluramine 2020 FDA application trial results,You Can Teach an Old Drug New Tricks - PMC,https://pmc.ncbi.nlm.nih.gov/articles/PMC7427160/,turn123search3,CANDIDATE_ONLY_NOT_GATE_EVIDENCE,2026-10-06
ZGNX|2020-06-25|fenfluramine,fenfluramine 2020 FDA application trial results,Fenfluramine for Treatment-Resistant Seizures in Patients With Dravet Syndrome Receiving Stiripentol-Inclusive Regimens: A Randomized Clinical Trial - PubMed,https://pubmed.ncbi.nlm.nih.gov/31790543/,turn123search5,CANDIDATE_ONLY_NOT_GATE_EVIDENCE,2026-10-06
ZGNX|2020-06-25|fenfluramine,fenfluramine 2020 FDA application trial results,Fintepla (fenfluramine),https://www.accessdata.fda.gov/drugsatfda_docs/appletter/2020/212102Orig1s000ltr.pdf,turn123search16,CANDIDATE_ONLY_NOT_GATE_EVIDENCE,2026-10-06
ZGNX|2020-06-25|fenfluramine,fenfluramine 2020 FDA application trial results,Fenfluramine HCl (Fintepla® ) provides long-term clinically meaningful reduction in seizure frequency: Analysis of an ongoing open-label extension study - PubMed,https://pubmed.ncbi.nlm.nih.gov/33078386/,turn123search7,CANDIDATE_ONLY_NOT_GATE_EVIDENCE,2026-10-06
ZGNX|2020-06-25|fenfluramine,fenfluramine 2020 FDA application trial results,Document,https://www.sec.gov/Archives/edgar/data/1375151/000137515120000151/a2020q3erex-991.htm,turn123search8,CANDIDATE_ONLY_NOT_GATE_EVIDENCE,2026-10-06
ZGNX|2020-06-25|fenfluramine,fenfluramine 2020 FDA application trial results,FDA Approves FINTEPLA® (fenfluramine) for the Treatment of,https://www.globenewswire.com/news-release/2020/06/26/2053803/0/en/fda-approves-fintepla-fenfluramine-for-the-treatment-of-seizures-associated-with-dravet-syndrome.html,turn123search9,CANDIDATE_ONLY_NOT_GATE_EVIDENCE,2026-10-06
ZGNX|2020-06-25|fenfluramine,fenfluramine 2020 FDA application trial results,Zogenix Announces Positive Top-Line Results from its Third,https://www.globenewswire.com/news-release/2020/09/10/2091663/0/en/Zogenix-Announces-Positive-Top-Line-Results-from-its-Third-Pivotal-Phase-3-Clinical-Trial-Study-3-of-FINTEPLA-in-Dravet-Syndrome.html,turn123search10,CANDIDATE_ONLY_NOT_GATE_EVIDENCE,2026-10-06
ZGNX|2020-06-25|fenfluramine,fenfluramine 2020 FDA application trial results,FDA Approves FINTEPLA® (fenfluramine) for the Treatment of,https://www.globenewswire.com/news-release/2020/06/26/2053803/0/en/FDA-Approves-FINTEPLA-fenfluramine-for-the-Treatment-of-Seizures-Associated-with-Dravet-Syndrome.html,turn123search11,CANDIDATE_ONLY_NOT_GATE_EVIDENCE,2026-10-06
HRTX|2020-06-26|htx-011,htx-011 2020 FDA application trial results,hrtx-10q_20200930.htm,https://www.sec.gov/Archives/edgar/data/818033/000156459020050911/hrtx-10q_20200930.htm,turn115search0,CANDIDATE_ONLY_NOT_GATE_EVIDENCE,2026-10-06
HRTX|2020-06-26|htx-011,htx-011 2020 FDA application trial results,hrtx-ex991_15.htm,https://www.sec.gov/Archives/edgar/data/818033/000156459020028307/hrtx-ex991_15.htm,turn115search2,CANDIDATE_ONLY_NOT_GATE_EVIDENCE,2026-10-06
HRTX|2020-06-26|htx-011,htx-011 2020 FDA application trial results,hrtx-10q_20200331.htm,https://www.sec.gov/Archives/edgar/data/818033/000156459020021575/hrtx-10q_20200331.htm,turn115search3,CANDIDATE_ONLY_NOT_GATE_EVIDENCE,2026-10-06
HRTX|2020-06-26|htx-011,htx-011 2020 FDA application trial results,Heron Therapeutics Receives Complete Response Letter for HTX-011 for the Management of Postoperative Pain - Heron Therapeutics,https://ir.herontx.com/news-releases/news-release-details/heron-therapeutics-receives-complete-response-letter-htx-011-0,turn115search4,CANDIDATE_ONLY_NOT_GATE_EVIDENCE,2026-10-06
HRTX|2020-06-26|htx-011,htx-011 2020 FDA application trial results,hrtx-10k_20191231.htm,https://www.sec.gov/Archives/edgar/data/818033/000156459020007973/hrtx-10k_20191231.htm,turn115search5,CANDIDATE_ONLY_NOT_GATE_EVIDENCE,2026-10-06
HRTX|2020-06-26|htx-011,htx-011 2020 FDA application trial results,Heron Announces Positive Topline Results from Phase 3b Clinical Study of HTX-011 in Total Knee Arthroplasty - Heron Therapeutics,https://ir.herontx.com/news-releases/news-release-details/heron-announces-positive-topline-results-phase-3b-clinical-study,turn115search6,CANDIDATE_ONLY_NOT_GATE_EVIDENCE,2026-10-06
HRTX|2020-06-26|htx-011,htx-011 2020 FDA application trial results,hrtx-10q_20210331.htm,https://www.sec.gov/Archives/edgar/data/818033/000156459021025796/hrtx-10q_20210331.htm,turn115search7,CANDIDATE_ONLY_NOT_GATE_EVIDENCE,2026-10-06
HRTX|2020-06-26|htx-011,htx-011 2020 FDA application trial results,hrtx-10q_20200630.htm,https://www.sec.gov/Archives/edgar/data/818033/000156459020036822/hrtx-10q_20200630.htm,turn115search8,CANDIDATE_ONLY_NOT_GATE_EVIDENCE,2026-10-06
HRTX|2020-06-26|htx-011,htx-011 2020 FDA application trial results,"Heron Therapeutics Announces Publication of Results from Study 209, a Phase 2b Study of HTX-011 in Patients Undergoing Total Knee Arthroplasty",https://www.prnewswire.com/news-releases/heron-therapeutics-announces-publication-of-results-from-study-209-a-phase-2b-study-of-htx-011-in-patients-undergoing-total-knee-arthroplasty-301070514.html,turn115search11,CANDIDATE_ONLY_NOT_GATE_EVIDENCE,2026-10-06
HRTX|2020-06-26|htx-011,htx-011 2020 FDA application trial results,UNITED STATES,https://ir.herontx.com/static-files/9bb27fa6-f01b-43da-8e52-b18d00d1f205,turn115search12,CANDIDATE_ONLY_NOT_GATE_EVIDENCE,2026-10-06
HRTX|2020-06-26|htx-011,htx-011 2020 FDA application trial results,UNITED STATES,https://ir.herontx.com/static-files/dbe3ef8e-6d14-4ecf-951a-30dd0b275f7b,turn115search14,CANDIDATE_ONLY_NOT_GATE_EVIDENCE,2026-10-06
HRTX|2020-06-26|htx-011,htx-011 2020 FDA application trial results,UNITED STATES,https://ir.herontx.com/static-files/b7c1e811-b70d-4f0a-8e1d-3e7742d2578d,turn115search16,CANDIDATE_ONLY_NOT_GATE_EVIDENCE,2026-10-06
RARE|2020-06-30|triheptanoin,triheptanoin 2020 FDA application trial results,Review,https://www.accessdata.fda.gov/drugsatfda_docs/nda/2020/213687Orig1s000RiskR.pdf,turn118search12,CANDIDATE_ONLY_NOT_GATE_EVIDENCE,2026-10-06
RARE|2020-06-30|triheptanoin,triheptanoin 2020 FDA application trial results,"Triheptanoin for the treatment of long-chain fatty acid oxidation disorders: Final results of an open-label, long-term extension study.",https://pubmed.ncbi.nlm.nih.gov/37276053/,turn118search0,CANDIDATE_ONLY_NOT_GATE_EVIDENCE,2026-10-06
RARE|2020-06-30|triheptanoin,triheptanoin 2020 FDA application trial results,"A randomized, double-blind trial of triheptanoin for drug-resistant epilepsy in glucose transporter 1 deficiency syndrome - PubMed",https://pubmed.ncbi.nlm.nih.gov/35441706/,turn118search1,CANDIDATE_ONLY_NOT_GATE_EVIDENCE,2026-10-06
RARE|2020-06-30|triheptanoin,triheptanoin 2020 FDA application trial results,Dojolvi (triheptanoin) oral liquid,https://www.accessdata.fda.gov/drugsatfda_docs/appletter/2020/213687Orig1s000ltr.pdf,turn118search13,CANDIDATE_ONLY_NOT_GATE_EVIDENCE,2026-10-06
RARE|2020-06-30|triheptanoin,triheptanoin 2020 FDA application trial results,Review,https://www.accessdata.fda.gov/drugsatfda_docs/nda/2020/213687Orig1s000IntegratedR.pdf,turn118search14,CANDIDATE_ONLY_NOT_GATE_EVIDENCE,2026-10-06
RARE|2020-06-30|triheptanoin,triheptanoin 2020 FDA application trial results,"Effects of triheptanoin (UX007) in patients with long-chain fatty acid oxidation disorders: Results from an open-label, long-term extension study - PubMed",https://pubmed.ncbi.nlm.nih.gov/32885845/,turn118search3,CANDIDATE_ONLY_NOT_GATE_EVIDENCE,2026-10-06
RARE|2020-06-30|triheptanoin,triheptanoin 2020 FDA application trial results,"Triheptanoin versus trioctanoin for long-chain fatty acid oxidation disorders: a double blinded, randomized controlled trial - PubMed",https://pubmed.ncbi.nlm.nih.gov/28871440/,turn118search4,CANDIDATE_ONLY_NOT_GATE_EVIDENCE,2026-10-06
RARE|2020-06-30|triheptanoin,triheptanoin 2020 FDA application trial results,Randomized trial of add-on triheptanoin vs medium chain triglycerides in adults with refractory epilepsy - PubMed,https://pubmed.ncbi.nlm.nih.gov/30868125/,turn118search5,CANDIDATE_ONLY_NOT_GATE_EVIDENCE,2026-10-06
RARE|2020-06-30|triheptanoin,triheptanoin 2020 FDA application trial results,Open‐label long‐term treatment of add‐on triheptanoin in adults with drug‐resistant epilepsy - Borges - 2020 - Epilepsia Open - Wiley Online Library,https://onlinelibrary.wiley.com/doi/full/10.1002/epi4.12391,turn118search9,CANDIDATE_ONLY_NOT_GATE_EVIDENCE,2026-10-06
RARE|2020-06-30|triheptanoin,triheptanoin 2020 FDA application trial results,"Triheptanoin for the treatment of long‐chain fatty acid oxidation disorders: Final results of an open‐label, long‐term extension study - Vockley - 2023 - Journal of Inherited Metabolic Disease - Wiley Online Library",https://onlinelibrary.wiley.com/doi/10.1002/jimd.12640,turn118search10,CANDIDATE_ONLY_NOT_GATE_EVIDENCE,2026-10-06
RARE|2020-06-30|triheptanoin,triheptanoin 2020 FDA application trial results,"Effects of triheptanoin (UX007) in patients with long‐chain fatty acid oxidation disorders: Results from an open‐label, long‐term extension study - Vockley - 2021 - Journal of Inherited Metabolic Disease - Wiley Online Library",https://onlinelibrary.wiley.com/doi/10.1002/jimd.12313,turn118search11,CANDIDATE_ONLY_NOT_GATE_EVIDENCE,2026-10-06
SUPN|2020-11-08|viloxazine,viloxazine 2020 FDA application trial results,"A Phase III, Randomized, Double-Blind, Placebo-Controlled Trial Assessing the Efficacy and Safety of Viloxazine Extended-Release Capsules in Adults with Attention-Deficit/Hyperactivity Disorder - PMC",https://pmc.ncbi.nlm.nih.gov/articles/9328182/,turn129search0,CANDIDATE_ONLY_NOT_GATE_EVIDENCE,2026-10-06
SUPN|2020-11-08|viloxazine,viloxazine 2020 FDA application trial results,"A Phase III, Randomized, Placebo-controlled Trial to Assess the Efficacy and Safety of Once-daily SPN-812 (Viloxazine Extended-release) in the Treatment of Attention-deficit/Hyperactivity Disorder in School-age Children - PubMed",https://pubmed.ncbi.nlm.nih.gov/32723670/,turn129search1,CANDIDATE_ONLY_NOT_GATE_EVIDENCE,2026-10-06
SUPN|2020-11-08|viloxazine,viloxazine 2020 FDA application trial results,"A Phase III, Randomized, Placebo-controlled Trial to Assess the Efficacy and Safety of Once-daily SPN-812 (Viloxazine Extended-release) in the Treatment of Attention-deficit/Hyperactivity Disorder in School-age Children - ScienceDirect",https://www.sciencedirect.com/science/article/pii/S0149291820302836,turn129search2,CANDIDATE_ONLY_NOT_GATE_EVIDENCE,2026-10-06
SUPN|2020-11-08|viloxazine,viloxazine 2020 FDA application trial results,Exhibit,https://www.sec.gov/Archives/edgar/data/1356576/000135657620000004/ex9911-21x2020.htm,turn129search3,CANDIDATE_ONLY_NOT_GATE_EVIDENCE,2026-10-06
SUPN|2020-11-08|viloxazine,viloxazine 2020 FDA application trial results,"A Phase III, Randomized, Double-Blind, Placebo-Controlled Trial Assessing the Efficacy and Safety of Viloxazine Extended-Release Capsules in Adults with Attention-Deficit/Hyperactivity Disorder - PMC",https://pmc.ncbi.nlm.nih.gov/articles/PMC9328182/,turn129search4,CANDIDATE_ONLY_NOT_GATE_EVIDENCE,2026-10-06
SUPN|2020-11-08|viloxazine,viloxazine 2020 FDA application trial results,"A Phase 3, Placebo-Controlled Trial of Once-Daily Viloxazine Extended-Release Capsules in Adolescents With Attention-Deficit/Hyperactivity Disorder - PubMed",https://pubmed.ncbi.nlm.nih.gov/34181360/,turn129search5,CANDIDATE_ONLY_NOT_GATE_EVIDENCE,2026-10-06
SUPN|2020-11-08|viloxazine,viloxazine 2020 FDA application trial results,"A Phase 3, Placebo-Controlled Trial of Once-Daily Viloxazine Extended-Release Capsules in Adolescents With Attention-Deficit/Hyperactivity Disorder - PMC",https://pmc.ncbi.nlm.nih.gov/articles/PMC8244935/,turn129search6,CANDIDATE_ONLY_NOT_GATE_EVIDENCE,2026-10-06
SUPN|2020-11-08|viloxazine,viloxazine 2020 FDA application trial results,A Phase 3 Placebo-Controlled Trial of Once-Daily 400-mg and 600-mg SPN-812 (Viloxazine Extended-Release) in Adolescents with ADHD - PMC,https://pmc.ncbi.nlm.nih.gov/articles/PMC8146561/,turn129search7,CANDIDATE_ONLY_NOT_GATE_EVIDENCE,2026-10-06
SUPN|2020-11-08|viloxazine,viloxazine 2020 FDA application trial results,Viloxazine in the Treatment of Attention Deficit Hyperactivity Disorder - PMC,https://pmc.ncbi.nlm.nih.gov/articles/PMC8718796/,turn129search8,CANDIDATE_ONLY_NOT_GATE_EVIDENCE,2026-10-06
SUPN|2020-11-08|viloxazine,viloxazine 2020 FDA application trial results,Integrated Review: Viloxazine Extended-Release Capsules,https://www.fda.gov/media/148484/download,turn129search12,CANDIDATE_ONLY_NOT_GATE_EVIDENCE,2026-10-06
SUPN|2020-11-08|viloxazine,viloxazine 2020 FDA application trial results,Supernus Announces FDA Acceptance for Review of New Drug Application for SPN-812 for the Treatment of ADHD - Supernus Pharmaceuticals,https://ir.supernus.com/news-releases/news-release-details/supernus-announces-fda-acceptance-review-new-drug-application,turn129search9,CANDIDATE_ONLY_NOT_GATE_EVIDENCE,2026-10-06
SUPN|2020-11-08|viloxazine,viloxazine 2020 FDA application trial results,An Open-Label Extension Study Assessing the Long-Term Safety and Efficacy of Viloxazine Extended-Release Capsules in Adults with Attention-Deficit/Hyperactivity Disorder - PubMed,https://pubmed.ncbi.nlm.nih.gov/39373844/,turn129search10,CANDIDATE_ONLY_NOT_GATE_EVIDENCE,2026-10-06
SUPN|2020-11-08|viloxazine,viloxazine 2020 FDA application trial results,A Phase 3 Placebo-Controlled Trial of Once-Daily 400-mg and 600-mg SPN-812 (Viloxazine Extended-Release) in Adolescents with ADHD - PubMed,https://pubmed.ncbi.nlm.nih.gov/34092822/,turn129search11,CANDIDATE_ONLY_NOT_GATE_EVIDENCE,2026-10-06
SUPN|2020-11-08|viloxazine,viloxazine 2020 FDA application trial results,Review,https://www.accessdata.fda.gov/drugsatfda_docs/nda/2021/211964Orig1s000Approv.pdf,turn129search13,CANDIDATE_ONLY_NOT_GATE_EVIDENCE,2026-10-06
SUPN|2020-11-08|viloxazine,viloxazine 2020 FDA application trial results,Review,https://www.accessdata.fda.gov/drugsatfda_docs/nda/2021/211964Orig1s000OtherR.pdf,turn129search14,CANDIDATE_ONLY_NOT_GATE_EVIDENCE,2026-10-06
SUPN|2020-11-08|viloxazine,viloxazine 2020 FDA application trial results,Qelbree (viloxazine extended-release capsules),https://www.accessdata.fda.gov/drugsatfda_docs/appletter/2021/211964Orig1s000ltr.pdf,turn129search16,CANDIDATE_ONLY_NOT_GATE_EVIDENCE,2026-10-06
ALKS|2020-11-15|olanzapine-samidorphan,olanzapine-samidorphan 2020 FDA application trial results,"Efficacy and Safety of a Combination of Olanzapine and Samidorphan in Adult Patients With an Acute Exacerbation of Schizophrenia: Outcomes From the Randomized, Phase 3 ENLIGHTEN-1 Study - PubMed",https://pubmed.ncbi.nlm.nih.gov/32141723/,turn127search0,CANDIDATE_ONLY_NOT_GATE_EVIDENCE,2026-10-06
ALKS|2020-11-15|olanzapine-samidorphan,olanzapine-samidorphan 2020 FDA application trial results,Effects of Olanzapine Combined With Samidorphan on Weight Gain in Schizophrenia: A 24-Week Phase 3 Study.,https://pubmed.ncbi.nlm.nih.gov/32791894/,turn127search1,CANDIDATE_ONLY_NOT_GATE_EVIDENCE,2026-10-06
ALKS|2020-11-15|olanzapine-samidorphan,olanzapine-samidorphan 2020 FDA application trial results,"NDA 213378, olanzapine and samidorphan",https://www.accessdata.fda.gov/drugsatfda_docs/nda/2021/213378Orig1Orig2s000OtherR.pdf,turn127search12,CANDIDATE_ONLY_NOT_GATE_EVIDENCE,2026-10-06
ALKS|2020-11-15|olanzapine-samidorphan,olanzapine-samidorphan 2020 FDA application trial results,"Mitigation of Olanzapine-Induced Weight Gain With Samidorphan, an Opioid Antagonist: A Randomized Double-Blind Phase 2 Study in Patients With Schizophrenia - PubMed",https://pubmed.ncbi.nlm.nih.gov/30845818/,turn127search2,CANDIDATE_ONLY_NOT_GATE_EVIDENCE,2026-10-06
ALKS|2020-11-15|olanzapine-samidorphan,olanzapine-samidorphan 2020 FDA application trial results,"Olanzapine Plus Samidorphan (ALKS 3831) in Schizophrenia and Comorbid Alcohol Use Disorder: A Phase 2, Randomized Clinical Trial.",https://pubmed.ncbi.nlm.nih.gov/32160422/,turn127search3,CANDIDATE_ONLY_NOT_GATE_EVIDENCE,2026-10-06
ALKS|2020-11-15|olanzapine-samidorphan,olanzapine-samidorphan 2020 FDA application trial results,Olanzapine/Samidorphan: A New Option for the Treatment of Adults With Schizophrenia or Bipolar I Disorder - PMC,https://pmc.ncbi.nlm.nih.gov/articles/PMC9420915/,turn127search4,CANDIDATE_ONLY_NOT_GATE_EVIDENCE,2026-10-06
ALKS|2020-11-15|olanzapine-samidorphan,olanzapine-samidorphan 2020 FDA application trial results,Clinical/Statistical Review,https://www.accessdata.fda.gov/drugsatfda_docs/nda/2021/213378Orig1Orig2s000MultidisciplineR.pdf,turn127search13,CANDIDATE_ONLY_NOT_GATE_EVIDENCE,2026-10-06
ALKS|2020-11-15|olanzapine-samidorphan,olanzapine-samidorphan 2020 FDA application trial results,"Combination of olanzapine and samidorphan has no clinically relevant effects on ECG parameters, including the QTc interval: Results from a phase 1 QT/QTc study - PubMed",https://pubmed.ncbi.nlm.nih.gov/32004636/,turn127search5,CANDIDATE_ONLY_NOT_GATE_EVIDENCE,2026-10-06
ALKS|2020-11-15|olanzapine-samidorphan,olanzapine-samidorphan 2020 FDA application trial results,"Combination of olanzapine and samidorphan has no clinically relevant effects on ECG parameters, including the QTc interval: Results from a phase 1 QT/QTc study - ScienceDirect",https://www.sciencedirect.com/science/article/pii/S0278584619307602,turn127search7,CANDIDATE_ONLY_NOT_GATE_EVIDENCE,2026-10-06
ALKS|2020-11-15|olanzapine-samidorphan,olanzapine-samidorphan 2020 FDA application trial results,alks-ex992_7.pptx.htm,https://www.sec.gov/Archives/edgar/data/1520262/000156459020004474/alks-ex992_7.htm,turn127search10,CANDIDATE_ONLY_NOT_GATE_EVIDENCE,2026-10-06
EIGR|2020-11-20|lonafarnib,lonafarnib 2020 FDA application trial results,FDA approval summary for lonafarnib (Zokinvy) for the treatment of Hutchinson-Gilford progeria syndrome and processing-deficient progeroid laminopathies - PubMed,https://pubmed.ncbi.nlm.nih.gov/36507973/,turn126search0,CANDIDATE_ONLY_NOT_GATE_EVIDENCE,2026-10-06
EIGR|2020-11-20|lonafarnib,lonafarnib 2020 FDA application trial results,Review,https://www.accessdata.fda.gov/drugsatfda_docs/nda/2020/213969Orig1s000OtherR.pdf,turn126search12,CANDIDATE_ONLY_NOT_GATE_EVIDENCE,2026-10-06
EIGR|2020-11-20|lonafarnib,lonafarnib 2020 FDA application trial results,Review,https://www.accessdata.fda.gov/drugsatfda_docs/nda/2020/213969Orig1s000RiskR.pdf,turn126search13,CANDIDATE_ONLY_NOT_GATE_EVIDENCE,2026-10-06
EIGR|2020-11-20|lonafarnib,lonafarnib 2020 FDA application trial results,Review,https://www.accessdata.fda.gov/drugsatfda_docs/nda/2020/213969Orig1s000Approv.pdf,turn126search14,CANDIDATE_ONLY_NOT_GATE_EVIDENCE,2026-10-06
EIGR|2020-11-20|lonafarnib,lonafarnib 2020 FDA application trial results,EX-99.1,https://www.sec.gov/Archives/edgar/data/1305253/000119312522300541/d397198dex991.htm,turn126search3,CANDIDATE_ONLY_NOT_GATE_EVIDENCE,2026-10-06
EIGR|2020-11-20|lonafarnib,lonafarnib 2020 FDA application trial results,Review,https://www.accessdata.fda.gov/drugsatfda_docs/nda/2020/213969Orig1s000IntegratedR.pdf,turn126search15,CANDIDATE_ONLY_NOT_GATE_EVIDENCE,2026-10-06
EIGR|2020-11-20|lonafarnib,lonafarnib 2020 FDA application trial results,eigr-10k_20201231.htm,https://www.sec.gov/Archives/edgar/data/1305253/000156459021011758/eigr-10k_20201231.htm,turn126search4,CANDIDATE_ONLY_NOT_GATE_EVIDENCE,2026-10-06
EIGR|2020-11-20|lonafarnib,lonafarnib 2020 FDA application trial results,"Oral prenylation inhibition with lonafarnib in chronic hepatitis D infection: a proof-of-concept randomised, double-blind, placebo-controlled phase 2A trial - PMC",https://pmc.ncbi.nlm.nih.gov/articles/PMC4700535/,turn126search5,CANDIDATE_ONLY_NOT_GATE_EVIDENCE,2026-10-06
EIGR|2020-11-20|lonafarnib,lonafarnib 2020 FDA application trial results,Lonafarnib: First Approval - PMC,https://pmc.ncbi.nlm.nih.gov/articles/PMC7985116/,turn126search8,CANDIDATE_ONLY_NOT_GATE_EVIDENCE,2026-10-06
EIGR|2020-11-20|lonafarnib,lonafarnib 2020 FDA application trial results,eigr-10k_20211231.htm,https://www.sec.gov/Archives/edgar/data/1305253/000156459022009697/eigr-10k_20211231.htm,turn126search9,CANDIDATE_ONLY_NOT_GATE_EVIDENCE,2026-10-06
EIGR|2020-11-20|lonafarnib,lonafarnib 2020 FDA application trial results,eigr-10k_20191231.htm,https://www.sec.gov/Archives/edgar/data/1305253/000156459020010645/eigr-10k_20191231.htm,turn126search10,CANDIDATE_ONLY_NOT_GATE_EVIDENCE,2026-10-06
EIGR|2020-11-20|lonafarnib,lonafarnib 2020 FDA application trial results,"EIGER BIOPHARMACEUTICALS, INC._10K_2023_V1_CWO-5991.pdf",https://www.sec.gov/Archives/edgar/data/1305253/000114036123020614/edge20008374x3_ars.pdf,turn126search16,CANDIDATE_ONLY_NOT_GATE_EVIDENCE,2026-10-06
RYTM|2020-11-27|setmelanotide,setmelanotide 2020 FDA application trial results,FDA approves first treatment for weight management for people with certain rare genetic conditions | FDA,https://www.fda.gov/drugs/news-events-human-drugs/fda-approves-first-treatment-weight-management-people-certain-rare-genetic-conditions,turn125search0,CANDIDATE_ONLY_NOT_GATE_EVIDENCE,2026-10-06
RYTM|2020-11-27|setmelanotide,setmelanotide 2020 FDA application trial results,Review,https://www.accessdata.fda.gov/drugsatfda_docs/nda/2020/213793Orig1s000SumR.pdf,turn125search12,CANDIDATE_ONLY_NOT_GATE_EVIDENCE,2026-10-06
RYTM|2020-11-27|setmelanotide,setmelanotide 2020 FDA application trial results,"Efficacy and safety of setmelanotide, an MC4R agonist, in individuals with severe obesity due to LEPR or POMC deficiency: single-arm, open-label, multicentre, phase 3 trials - PubMed",https://pubmed.ncbi.nlm.nih.gov/33137293/,turn125search1,CANDIDATE_ONLY_NOT_GATE_EVIDENCE,2026-10-06
RYTM|2020-11-27|setmelanotide,setmelanotide 2020 FDA application trial results,Clinical Review,https://www.fda.gov/media/193751/download,turn125search13,CANDIDATE_ONLY_NOT_GATE_EVIDENCE,2026-10-06
RYTM|2020-11-27|setmelanotide,setmelanotide 2020 FDA application trial results,Clinical Review,https://www.fda.gov/media/193751/download?attachment=,turn125search14,CANDIDATE_ONLY_NOT_GATE_EVIDENCE,2026-10-06
RYTM|2020-11-27|setmelanotide,setmelanotide 2020 FDA application trial results,FDA approves treatment for weight management in patients with Bardet-Biedl Syndrome aged 6 or older | FDA,https://www.fda.gov/drugs/news-events-human-drugs/fda-approves-treatment-weight-management-patients-bardet-biedl-syndrome-aged-6-or-older,turn125search2,CANDIDATE_ONLY_NOT_GATE_EVIDENCE,2026-10-06
RYTM|2020-11-27|setmelanotide,setmelanotide 2020 FDA application trial results,"• In adults (≥18 years), the placebo-adjusted BMI reduction was 19.2%; in patients younger than 18, it was 20.2%;",https://www.sec.gov/Archives/edgar/data/1649904/000162828026028380/rytmarsfiling2026proxy.pdf,turn125search15,CANDIDATE_ONLY_NOT_GATE_EVIDENCE,2026-10-06
RYTM|2020-11-27|setmelanotide,setmelanotide 2020 FDA application trial results,"Efficacy and safety of setmelanotide, an MC4R agonist, in individuals with severe obesity due to LEPR or POMC deficiency: single-arm, open-label, multicentre, phase 3 trials - ScienceDirect",https://www.sciencedirect.com/science/article/pii/S2213858720303648,turn125search3,CANDIDATE_ONLY_NOT_GATE_EVIDENCE,2026-10-06
RYTM|2020-11-27|setmelanotide,setmelanotide 2020 FDA application trial results,,https://www.sec.gov/Archives/edgar/data/1649904/000110465922043012/tm2211767d1_ex99-1.htm,turn125search4,CANDIDATE_ONLY_NOT_GATE_EVIDENCE,2026-10-06
RYTM|2020-11-27|setmelanotide,setmelanotide 2020 FDA application trial results,Setmelanotide: A Melanocortin-4 Receptor Agonist for the Treatment of Severe Obesity Due to Hypothalamic Dysfunction - PMC,https://pmc.ncbi.nlm.nih.gov/articles/PMC11548362/,turn125search5,CANDIDATE_ONLY_NOT_GATE_EVIDENCE,2026-10-06
RYTM|2020-11-27|setmelanotide,setmelanotide 2020 FDA application trial results,"OR11-01 Efficacy And Safety Of Setmelanotide In Acquired Hypothalamic Obesity: Results From A Double-blind, Multicenter, Placebo-controlled, Randomized Phase 3 Trial - PMC",https://pmc.ncbi.nlm.nih.gov/articles/PMC12544244/,turn125search6,CANDIDATE_ONLY_NOT_GATE_EVIDENCE,2026-10-06
RYTM|2020-11-27|setmelanotide,setmelanotide 2020 FDA application trial results,rytm_Current_Folio_10K,https://www.sec.gov/Archives/edgar/data/1649904/000155837019001698/rytm-20181231x10k.htm,turn125search8,CANDIDATE_ONLY_NOT_GATE_EVIDENCE,2026-10-06
RYTM|2020-11-27|setmelanotide,setmelanotide 2020 FDA application trial results,Rhythm Pharmaceuticals Announces New Clinical Data on,https://www.globenewswire.com/news-release/2020/11/04/2120513/0/en/Rhythm-Pharmaceuticals-Announces-New-Clinical-Data-on-Setmelanotide-at-ObesityWeek-2020.html,turn125search9,CANDIDATE_ONLY_NOT_GATE_EVIDENCE,2026-10-06
RYTM|2020-11-27|setmelanotide,setmelanotide 2020 FDA application trial results,,https://www.sec.gov/Archives/edgar/data/1649904/000110465921011116/tm213890d4_ex99-1.htm,turn125search10,CANDIDATE_ONLY_NOT_GATE_EVIDENCE,2026-10-06
RYTM|2020-11-27|setmelanotide,setmelanotide 2020 FDA application trial results,"Rhythm Pharmaceuticals Announces Positive Results from Phase 2 Study of Once-weekly Formulation of Setmelanotide in Healthy Obese Volunteers – Rhythm Pharmaceuticals, Inc.",https://ir.rhythmtx.com/news-releases/news-release-details/rhythm-pharmaceuticals-announces-positive-results-phase-2-study,turn125search11,CANDIDATE_ONLY_NOT_GATE_EVIDENCE,2026-10-06
YMAB|2020-11-30|naxitamab,naxitamab 2020 FDA application trial results,Review,https://www.accessdata.fda.gov/drugsatfda_docs/nda/2020/761171Orig1s000MultidisciplineR.pdf,turn128search12,CANDIDATE_ONLY_NOT_GATE_EVIDENCE,2026-10-06
YMAB|2020-11-30|naxitamab,naxitamab 2020 FDA application trial results,"Naxitamab, a new generation anti-GD2 monoclonal antibody (mAb) for treatment of relapsed/refractory high-risk neuroblastoma (HR-NB). | Journal of Clinical Oncology",https://ascopubs.org/doi/10.1200/JCO.2020.38.15_suppl.10543,turn128search1,CANDIDATE_ONLY_NOT_GATE_EVIDENCE,2026-10-06
YMAB|2020-11-30|naxitamab,naxitamab 2020 FDA application trial results,,https://www.sec.gov/Archives/edgar/data/1722964/000110465921025436/tm217037d1_8k.htm,turn128search3,CANDIDATE_ONLY_NOT_GATE_EVIDENCE,2026-10-06
YMAB|2020-11-30|naxitamab,naxitamab 2020 FDA application trial results,Naxitamab-based chemoimmunotherapy for resistant high-risk neuroblastoma: Preliminary results of HITS pilot/phase II study. | Journal of Clinical Oncology,https://ascopubs.org/doi/10.1200/JCO.2019.37.15_suppl.10025,turn128search4,CANDIDATE_ONLY_NOT_GATE_EVIDENCE,2026-10-06
YMAB|2020-11-30|naxitamab,naxitamab 2020 FDA application trial results,Antibodies to watch in 2021 - PMC,https://pmc.ncbi.nlm.nih.gov/articles/PMC7833761/,turn128search5,CANDIDATE_ONLY_NOT_GATE_EVIDENCE,2026-10-06
YMAB|2020-11-30|naxitamab,naxitamab 2020 FDA application trial results,,https://www.sec.gov/Archives/edgar/data/1722964/000104746918005786/a2236551zs-1.htm,turn128search7,CANDIDATE_ONLY_NOT_GATE_EVIDENCE,2026-10-06
YMAB|2020-11-30|naxitamab,naxitamab 2020 FDA application trial results,"Y-mAbs Announces Update on Naxitamab and Omburtamab in Neuroblastoma | Y-mAbs Therapeutics, Inc.",https://ir.ymabs.com/news-releases/news-release-details/y-mabs-announces-update-naxitamab-and-omburtamab-neuroblastoma/,turn128search8,CANDIDATE_ONLY_NOT_GATE_EVIDENCE,2026-10-06
YMAB|2020-11-30|naxitamab,naxitamab 2020 FDA application trial results,"Y-mAbs Announces Update on Naxitamab and Omburtamab in Neuroblastoma | Y-mAbs Therapeutics, Inc.",https://ir.ymabs.com/news-releases/news-release-details/y-mabs-announces-update-naxitamab-and-omburtamab-neuroblastoma,turn128search9,CANDIDATE_ONLY_NOT_GATE_EVIDENCE,2026-10-06
VNDA|2020-12-01|tasimelteon-sms,tasimelteon-sms 2020 FDA application trial results,Review,https://www.accessdata.fda.gov/drugsatfda_docs/nda/2021/214517Orig1s000MultidisciplineR.pdf,turn121search12,CANDIDATE_ONLY_NOT_GATE_EVIDENCE,2026-10-06
VNDA|2020-12-01|tasimelteon-sms,tasimelteon-sms 2020 FDA application trial results,Review,https://www.accessdata.fda.gov/drugsatfda_docs/nda/2021/214517Orig1s000AdminCorres.pdf,turn121search13,CANDIDATE_ONLY_NOT_GATE_EVIDENCE,2026-10-06
VNDA|2020-12-01|tasimelteon-sms,tasimelteon-sms 2020 FDA application trial results,Tasimelteon safely and effectively improves sleep in Smith–Magenis syndrome: a double-blind randomized trial followed by an open-label extension - PMC,https://pmc.ncbi.nlm.nih.gov/articles/PMC8629754/,turn121search0,CANDIDATE_ONLY_NOT_GATE_EVIDENCE,2026-10-06
VNDA|2020-12-01|tasimelteon-sms,tasimelteon-sms 2020 FDA application trial results,EX-99.1,https://www.sec.gov/Archives/edgar/data/1347178/000119312518346177/d666968dex991.htm,turn121search1,CANDIDATE_ONLY_NOT_GATE_EVIDENCE,2026-10-06
VNDA|2020-12-01|tasimelteon-sms,tasimelteon-sms 2020 FDA application trial results,Press Release,https://www.sec.gov/Archives/edgar/data/1347178/000119312512505668/d455530dex991.htm,turn121search4,CANDIDATE_ONLY_NOT_GATE_EVIDENCE,2026-10-06
VNDA|2020-12-01|tasimelteon-sms,tasimelteon-sms 2020 FDA application trial results,Tasimelteon safely and effectively improves sleep in Smith-Magenis syndrome: a double-blind randomized trial followed by an open-label extension - PubMed,https://pubmed.ncbi.nlm.nih.gov/34316024/,turn121search5,CANDIDATE_ONLY_NOT_GATE_EVIDENCE,2026-10-06
VNDA|2020-12-01|tasimelteon-sms,tasimelteon-sms 2020 FDA application trial results,Tasimelteon safely and effectively improves sleep in Smith–Magenis syndrome: a double-blind randomized trial followed by an open-label extension | Genetics in Medicine,https://www.nature.com/articles/s41436-021-01282-y,turn121search7,CANDIDATE_ONLY_NOT_GATE_EVIDENCE,2026-10-06
VNDA|2020-12-01|tasimelteon-sms,tasimelteon-sms 2020 FDA application trial results,"Tasimelteon for non-24-hour sleep-wake disorder in totally blind people (SET and RESET): two multicentre, randomised, double-masked, placebo-controlled phase 3 trials - PubMed",https://pubmed.ncbi.nlm.nih.gov/26466871/,turn121search9,CANDIDATE_ONLY_NOT_GATE_EVIDENCE,2026-10-06
VNDA|2020-12-01|tasimelteon-sms,tasimelteon-sms 2020 FDA application trial results,Press Release,https://www.sec.gov/Archives/edgar/data/1347178/000119312513019945/d472083dex991.htm,turn121search10,CANDIDATE_ONLY_NOT_GATE_EVIDENCE,2026-10-06
BCRX|2020-12-03|berotralstat,berotralstat 2020 FDA application trial results,Review,https://www.accessdata.fda.gov/drugsatfda_docs/nda/2020/214094Orig1s000MultidisciplineR.pdf,turn131search12,CANDIDATE_ONLY_NOT_GATE_EVIDENCE,2026-10-06
BCRX|2020-12-03|berotralstat,berotralstat 2020 FDA application trial results,NDA 219776 Berotralstat Orladeyo Multidisciplinary Review and Evaluation,https://www.fda.gov/media/191435/download,turn131search13,CANDIDATE_ONLY_NOT_GATE_EVIDENCE,2026-10-06
BCRX|2020-12-03|berotralstat,berotralstat 2020 FDA application trial results,"Oral once-daily berotralstat for the prevention of hereditary angioedema attacks: A randomized, double-blind, placebo-controlled phase 3 trial - PubMed",https://pubmed.ncbi.nlm.nih.gov/33098856/,turn131search0,CANDIDATE_ONLY_NOT_GATE_EVIDENCE,2026-10-06
BCRX|2020-12-03|berotralstat,berotralstat 2020 FDA application trial results,,https://www.sec.gov/Archives/edgar/data/882796/000117184320001710/f10k_031320p.htm,turn131search1,CANDIDATE_ONLY_NOT_GATE_EVIDENCE,2026-10-06
BCRX|2020-12-03|berotralstat,berotralstat 2020 FDA application trial results,,https://www.sec.gov/Archives/edgar/data/882796/000117184320003557/f10q_050820p.htm,turn131search2,CANDIDATE_ONLY_NOT_GATE_EVIDENCE,2026-10-06
BCRX|2020-12-03|berotralstat,berotralstat 2020 FDA application trial results,Orladeyo (Berotralstat): A Novel Oral Therapy for the Prevention of Hereditary Angioedema.,https://pubmed.ncbi.nlm.nih.gov/34282650/,turn131search4,CANDIDATE_ONLY_NOT_GATE_EVIDENCE,2026-10-06
BCRX|2020-12-03|berotralstat,berotralstat 2020 FDA application trial results,Advent of oral medications for the treatment of hereditary angioedema - PMC,https://pmc.ncbi.nlm.nih.gov/articles/PMC11431061/,turn131search5,CANDIDATE_ONLY_NOT_GATE_EVIDENCE,2026-10-06
BCRX|2020-12-03|berotralstat,berotralstat 2020 FDA application trial results,Search Orphan Drug Designations and Approvals,https://www.accessdata.fda.gov/scripts/opdlisting/oopd/detailedIndex.cfm?cfgridkey=607617,turn131search7,CANDIDATE_ONLY_NOT_GATE_EVIDENCE,2026-10-06
BCRX|2020-12-03|berotralstat,berotralstat 2020 FDA application trial results,Berotralstat - PubMed,https://pubmed.ncbi.nlm.nih.gov/39047138/,turn131search8,CANDIDATE_ONLY_NOT_GATE_EVIDENCE,2026-10-06
BCRX|2020-12-03|berotralstat,berotralstat 2020 FDA application trial results,Oral berotralstat for the prophylaxis of hereditary angioedema attacks in patients in Japan: A phase 3 randomized trial.,https://pubmed.ncbi.nlm.nih.gov/33247955/,turn131search10,CANDIDATE_ONLY_NOT_GATE_EVIDENCE,2026-10-06
BCRX|2020-12-03|berotralstat,berotralstat 2020 FDA application trial results,"Journal of Allergy and Clinical Immunology Publishes Results from BioCryst’s APeX-2 Pivotal Trial of Oral, Once-Daily Berotralstat for the Prevention of HAE Attacks | BioCryst Pharmaceuticals, Inc.",https://ir.biocryst.com/news-releases/news-release-details/journal-allergy-and-clinical-immunology-publishes-results,turn131search11,CANDIDATE_ONLY_NOT_GATE_EVIDENCE,2026-10-06
KPTI|2020-12-18|selinexor-mm,selinexor-mm 2020 FDA application trial results,Oral Selinexor–Dexamethasone for Triple-Class Refractory Multiple Myeloma | New England Journal of Medicine,https://www.nejm.org/doi/full/10.1056/NEJMoa1903455,turn124search0,CANDIDATE_ONLY_NOT_GATE_EVIDENCE,2026-10-06
KPTI|2020-12-18|selinexor-mm,selinexor-mm 2020 FDA application trial results,XPOVIO (Selinexor) MULTI-DISCIPLINE REVIEW,https://www.accessdata.fda.gov/drugsatfda_docs/nda/2019/212306Orig1s000MultidisciplineR.pdf,turn124search12,CANDIDATE_ONLY_NOT_GATE_EVIDENCE,2026-10-06
KPTI|2020-12-18|selinexor-mm,selinexor-mm 2020 FDA application trial results,FDA Approval Summary: Selinexor for Relapsed or Refractory Diffuse Large B‐Cell Lymphoma - PMC,https://pmc.ncbi.nlm.nih.gov/articles/PMC8488790/,turn124search2,CANDIDATE_ONLY_NOT_GATE_EVIDENCE,2026-10-06
KPTI|2020-12-18|selinexor-mm,selinexor-mm 2020 FDA application trial results,Individuals using assistive technology may not be able to fully,https://www.fda.gov/media/178689/download?attachment=,turn124search13,CANDIDATE_ONLY_NOT_GATE_EVIDENCE,2026-10-06
KPTI|2020-12-18|selinexor-mm,selinexor-mm 2020 FDA application trial results,"Selinexor in Advanced, Metastatic Dedifferentiated Liposarcoma: A Multinational, Randomized, Double-Blind, Placebo-Controlled Trial.",https://pubmed.ncbi.nlm.nih.gov/35394800/,turn124search3,CANDIDATE_ONLY_NOT_GATE_EVIDENCE,2026-10-06
KPTI|2020-12-18|selinexor-mm,selinexor-mm 2020 FDA application trial results,EX-99.1,https://www.sec.gov/Archives/edgar/data/1503802/000119312519176471/d755638dex991.htm,turn124search4,CANDIDATE_ONLY_NOT_GATE_EVIDENCE,2026-10-06
KPTI|2020-12-18|selinexor-mm,selinexor-mm 2020 FDA application trial results,"Selinexor in Advanced, Metastatic Dedifferentiated Liposarcoma: A Multinational, Randomized, Double-Blind, Placebo-Controlled Trial - PMC",https://pmc.ncbi.nlm.nih.gov/articles/PMC9467680/,turn124search5,CANDIDATE_ONLY_NOT_GATE_EVIDENCE,2026-10-06
KPTI|2020-12-18|selinexor-mm,selinexor-mm 2020 FDA application trial results,"Selinexor, bortezomib, and dexamethasone versus bortezomib and dexamethasone in previously treated multiple myeloma: Outcomes by cytogenetic risk.",https://pubmed.ncbi.nlm.nih.gov/34062004/,turn124search6,CANDIDATE_ONLY_NOT_GATE_EVIDENCE,2026-10-06
KPTI|2020-12-18|selinexor-mm,selinexor-mm 2020 FDA application trial results,EX-99.1,https://www.sec.gov/Archives/edgar/data/1503802/000119312522030469/d311593dex991.htm,turn124search7,CANDIDATE_ONLY_NOT_GATE_EVIDENCE,2026-10-06
KPTI|2020-12-18|selinexor-mm,selinexor-mm 2020 FDA application trial results,"Selinexor, daratumumab, and dexamethasone in patients with relapsed/refractory multiple myeloma (MM). | Journal of Clinical Oncology",https://ascopubs.org/doi/10.1200/JCO.2020.38.15_suppl.8510,turn124search8,CANDIDATE_ONLY_NOT_GATE_EVIDENCE,2026-10-06
KPTI|2020-12-18|selinexor-mm,selinexor-mm 2020 FDA application trial results,Selinexor in relapsed/refractory multiple myeloma - PMC,https://pmc.ncbi.nlm.nih.gov/articles/PMC7285937/,turn124search9,CANDIDATE_ONLY_NOT_GATE_EVIDENCE,2026-10-06
KPTI|2020-12-18|selinexor-mm,selinexor-mm 2020 FDA application trial results,"Selinexor in Combination with Carfilzomib and Dexamethasone, All Once Weekly (SKd), for Patients with Relapsed/Refractory Multiple Myeloma - ScienceDirect",https://www.sciencedirect.com/science/article/pii/S0006497118705843,turn124search10,CANDIDATE_ONLY_NOT_GATE_EVIDENCE,2026-10-06
KPTI|2020-12-18|selinexor-mm,selinexor-mm 2020 FDA application trial results,"Once weekly selinexor, carfilzomib, and dexamethasone (SKd) in patients with relapsed/refractory multiple myeloma (MM). | Journal of Clinical Oncology",https://ascopubs.org/doi/10.1200/JCO.2020.38.15_suppl.8530,turn124search11,CANDIDATE_ONLY_NOT_GATE_EVIDENCE,2026-10-06
MGNX|2020-12-18|margetuximab,margetuximab 2020 FDA application trial results,Review,https://www.accessdata.fda.gov/drugsatfda_docs/nda/2020/761150Orig1s000MultidisciplineR.pdf,turn133search12,CANDIDATE_ONLY_NOT_GATE_EVIDENCE,2026-10-06
MGNX|2020-12-18|margetuximab,margetuximab 2020 FDA application trial results,mgnx-20201231,https://www.sec.gov/Archives/edgar/data/1125345/000112534521000035/mgnx-20201231.htm,turn133search0,CANDIDATE_ONLY_NOT_GATE_EVIDENCE,2026-10-06
MGNX|2020-12-18|margetuximab,margetuximab 2020 FDA application trial results,FDA Approval Summary: Margetuximab plus chemotherapy for advanced or metastatic HER2-positive breast cancer - PMC,https://pmc.ncbi.nlm.nih.gov/articles/PMC9012688/,turn133search1,CANDIDATE_ONLY_NOT_GATE_EVIDENCE,2026-10-06
MGNX|2020-12-18|margetuximab,margetuximab 2020 FDA application trial results,FDA Approval Summary: Margetuximab plus Chemotherapy for Advanced or Metastatic HER2-Positive Breast Cancer.,https://pubmed.ncbi.nlm.nih.gov/34916216/,turn133search3,CANDIDATE_ONLY_NOT_GATE_EVIDENCE,2026-10-06
MGNX|2020-12-18|margetuximab,margetuximab 2020 FDA application trial results,mgnx-20191231,https://www.sec.gov/Archives/edgar/data/1125345/000112534520000031/mgnx-20191231.htm,turn133search4,CANDIDATE_ONLY_NOT_GATE_EVIDENCE,2026-10-06
MGNX|2020-12-18|margetuximab,margetuximab 2020 FDA application trial results,Efficacy of Margetuximab vs Trastuzumab in Patients With Pretreated ERBB2-Positive Advanced Breast Cancer: A Phase 3 Randomized Clinical Trial - PubMed,https://pubmed.ncbi.nlm.nih.gov/33480963/,turn133search5,CANDIDATE_ONLY_NOT_GATE_EVIDENCE,2026-10-06
MGNX|2020-12-18|margetuximab,margetuximab 2020 FDA application trial results,Margetuximab Versus Trastuzumab in Patients With Previously Treated HER2-Positive Advanced Breast Cancer (SOPHIA): Final Overall Survival Results From a Randomized Phase 3 Trial | Journal of Clinical Oncology,https://ascopubs.org/doi/10.1200/JCO.21.02937,turn133search6,CANDIDATE_ONLY_NOT_GATE_EVIDENCE,2026-10-06
MGNX|2020-12-18|margetuximab,margetuximab 2020 FDA application trial results,Margetuximab Versus Trastuzumab in Patients With Previously Treated HER2-Positive Advanced Breast Cancer (SOPHIA): Final Overall Survival Results From a Randomized Phase 3 Trial | Journal of Clinical Oncology,https://ascopubs.org/doi/full/10.1200/JCO.21.02937,turn133search7,CANDIDATE_ONLY_NOT_GATE_EVIDENCE,2026-10-06
MGNX|2020-12-18|margetuximab,margetuximab 2020 FDA application trial results,Review,https://www.accessdata.fda.gov/drugsatfda_docs/nda/2020/761150Orig1s000Approv.pdf,turn133search13,CANDIDATE_ONLY_NOT_GATE_EVIDENCE,2026-10-06
MGNX|2020-12-18|margetuximab,margetuximab 2020 FDA application trial results,Margetuximab Versus Trastuzumab in Patients With Previously Treated HER2-Positive Advanced Breast Cancer (SOPHIA): Final Overall Survival Results From a Randomized Phase 3 Trial - PMC,https://pmc.ncbi.nlm.nih.gov/articles/PMC9839304/,turn133search9,CANDIDATE_ONLY_NOT_GATE_EVIDENCE,2026-10-06
MGNX|2020-12-18|margetuximab,margetuximab 2020 FDA application trial results,Efficacy of Margetuximab vs Trastuzumab in Patients With Pretreated ERBB2-Positive Advanced Breast Cancer: A Phase 3 Randomized Clinical Trial | Breast Cancer | JAMA Oncology | JAMA Network,https://jamanetwork.com/journals/jamaoncology/fullarticle/2775599,turn133search10,CANDIDATE_ONLY_NOT_GATE_EVIDENCE,2026-10-06
MYOV|2020-12-20|relugolix,relugolix 2020 FDA application trial results,Oral Relugolix for Androgen-Deprivation Therapy in Advanced Prostate Cancer - PubMed,https://pubmed.ncbi.nlm.nih.gov/32469183/,turn130search0,CANDIDATE_ONLY_NOT_GATE_EVIDENCE,2026-10-06
MYOV|2020-12-20|relugolix,relugolix 2020 FDA application trial results,Review,https://www.accessdata.fda.gov/drugsatfda_docs/nda/2020/214621Orig1s000RiskR.pdf,turn130search12,CANDIDATE_ONLY_NOT_GATE_EVIDENCE,2026-10-06
MYOV|2020-12-20|relugolix,relugolix 2020 FDA application trial results,Review,https://www.accessdata.fda.gov/drugsatfda_docs/nda/2020/214621Orig1s000MultidisciplineR.pdf,turn130search13,CANDIDATE_ONLY_NOT_GATE_EVIDENCE,2026-10-06
MYOV|2020-12-20|relugolix,relugolix 2020 FDA application trial results,myov-20201231,https://www.sec.gov/Archives/edgar/data/1679082/000167908221000009/myov-20201231.htm,turn130search1,CANDIDATE_ONLY_NOT_GATE_EVIDENCE,2026-10-06
MYOV|2020-12-20|relugolix,relugolix 2020 FDA application trial results,myov-20200630,https://www.sec.gov/Archives/edgar/data/1679082/000167908220000041/myov-20200630.htm,turn130search2,CANDIDATE_ONLY_NOT_GATE_EVIDENCE,2026-10-06
MYOV|2020-12-20|relugolix,relugolix 2020 FDA application trial results,Relugolix – The novel oral androgen deprivation therapy for prostate cancer - PMC,https://pmc.ncbi.nlm.nih.gov/articles/PMC7759168/,turn130search3,CANDIDATE_ONLY_NOT_GATE_EVIDENCE,2026-10-06
MYOV|2020-12-20|relugolix,relugolix 2020 FDA application trial results,Relugolix: a novel androgen deprivation therapy for management of patients with advanced prostate cancer - PMC,https://pmc.ncbi.nlm.nih.gov/articles/PMC8366106/,turn130search4,CANDIDATE_ONLY_NOT_GATE_EVIDENCE,2026-10-06
MYOV|2020-12-20|relugolix,relugolix 2020 FDA application trial results,"HERO phase III trial: Results comparing relugolix, an oral GnRH receptor antagonist, versus leuprolide acetate for advanced prostate cancer. | Journal of Clinical Oncology",https://ascopubs.org/doi/10.1200/JCO.2020.38.15_suppl.5602,turn130search6,CANDIDATE_ONLY_NOT_GATE_EVIDENCE,2026-10-06
MYOV|2020-12-20|relugolix,relugolix 2020 FDA application trial results,myov-20200930,https://www.sec.gov/Archives/edgar/data/1679082/000167908220000051/myov-20200930.htm,turn130search8,CANDIDATE_ONLY_NOT_GATE_EVIDENCE,2026-10-06
MYOV|2020-12-20|relugolix,relugolix 2020 FDA application trial results,Oral Relugolix for Androgen-Deprivation Therapy in Advanced Prostate Cancer | New England Journal of Medicine,https://www.nejm.org/doi/full/10.1056/NEJMoa2004325?rss=searchAndBrowse,turn130search9,CANDIDATE_ONLY_NOT_GATE_EVIDENCE,2026-10-06
MYOV|2020-12-20|relugolix,relugolix 2020 FDA application trial results,Clinical Review - NDA 214846 - Myfembree,https://www.accessdata.fda.gov/drugsatfda_docs/nda/2021/214846Orig1s000MedR.pdf,turn130search14,CANDIDATE_ONLY_NOT_GATE_EVIDENCE,2026-10-06
MYOV|2020-12-20|relugolix,relugolix 2020 FDA application trial results,Document,https://www.sec.gov/Archives/edgar/data/1679082/000167908220000026/myovant10kmarch312020.htm,turn130search10,CANDIDATE_ONLY_NOT_GATE_EVIDENCE,2026-10-06
AUPH|2021-01-22|voclosporin,voclosporin 2021 FDA application trial results,Novel Drug Approvals for 2021 | FDA,https://www.fda.gov/drugs/novel-drug-approvals-fda/novel-drug-approvals-2021,turn135search0,CANDIDATE_ONLY_NOT_GATE_EVIDENCE,2026-10-06
AUPH|2021-01-22|voclosporin,voclosporin 2021 FDA application trial results,Drug Trial Snapshots Summary Report 2021,https://www.fda.gov/media/158482/download,turn135search12,CANDIDATE_ONLY_NOT_GATE_EVIDENCE,2026-10-06
AUPH|2021-01-22|voclosporin,voclosporin 2021 FDA application trial results,"Efficacy and safety of voclosporin versus placebo for lupus nephritis (AURORA 1): a double-blind, randomised, multicentre, placebo-controlled, phase 3 trial - PubMed",https://pubmed.ncbi.nlm.nih.gov/33971155/,turn135search1,CANDIDATE_ONLY_NOT_GATE_EVIDENCE,2026-10-06
AUPH|2021-01-22|voclosporin,voclosporin 2021 FDA application trial results,Lupkynis (voclosporin) capsule,https://www.accessdata.fda.gov/drugsatfda_docs/appletter/2021/213716Orig1s000ltr.pdf,turn135search13,CANDIDATE_ONLY_NOT_GATE_EVIDENCE,2026-10-06
AUPH|2021-01-22|voclosporin,voclosporin 2021 FDA application trial results,"Journal Club: Efficacy and Safety of Voclosporin Versus Placebo for Lupus Nephritis (AURORA 1): A Double-Blind, Randomized, Multicenter, Placebo-Controlled, Phase 3 Trial - PubMed",https://pubmed.ncbi.nlm.nih.gov/34463434/,turn135search2,CANDIDATE_ONLY_NOT_GATE_EVIDENCE,2026-10-06
AUPH|2021-01-22|voclosporin,voclosporin 2021 FDA application trial results,"Journal Club: Efficacy and Safety of Voclosporin Versus Placebo for Lupus Nephritis (AURORA 1): A Double‐Blind, Randomized, Multicenter, Placebo‐Controlled, Phase 3 Trial - PMC",https://pmc.ncbi.nlm.nih.gov/articles/PMC8672170/,turn135search3,CANDIDATE_ONLY_NOT_GATE_EVIDENCE,2026-10-06
AUPH|2021-01-22|voclosporin,voclosporin 2021 FDA application trial results,"Efficacy and safety of voclosporin versus placebo for lupus nephritis (AURORA 1): a double-blind, randomised, multicentre, placebo-controlled, phase 3 trial - ScienceDirect",https://www.sciencedirect.com/science/article/pii/S014067362100578X,turn135search4,CANDIDATE_ONLY_NOT_GATE_EVIDENCE,2026-10-06
AUPH|2021-01-22|voclosporin,voclosporin 2021 FDA application trial results,Exhibit,https://www.sec.gov/Archives/edgar/data/1600620/000162828020007783/exhibit992-20200331mda.htm,turn135search5,CANDIDATE_ONLY_NOT_GATE_EVIDENCE,2026-10-06
AUPH|2021-01-22|voclosporin,voclosporin 2021 FDA application trial results,,https://www.sec.gov/Archives/edgar/data/1600620/000115752320000876/a52232116_ex991.htm,turn135search6,CANDIDATE_ONLY_NOT_GATE_EVIDENCE,2026-10-06
AUPH|2021-01-22|voclosporin,voclosporin 2021 FDA application trial results,Voclosporin - PubMed,https://pubmed.ncbi.nlm.nih.gov/34570445/,turn135search7,CANDIDATE_ONLY_NOT_GATE_EVIDENCE,2026-10-06
AUPH|2021-01-22|voclosporin,voclosporin 2021 FDA application trial results,Voclosporin: First Approval - PMC,https://pmc.ncbi.nlm.nih.gov/articles/PMC8010786/,turn135search8,CANDIDATE_ONLY_NOT_GATE_EVIDENCE,2026-10-06
AUPH|2021-01-22|voclosporin,voclosporin 2021 FDA application trial results,Voclosporin improves outcomes in lupus nephritis | Nature Reviews Rheumatology,https://www.nature.com/articles/s41584-021-00638-7,turn135search9,CANDIDATE_ONLY_NOT_GATE_EVIDENCE,2026-10-06
AUPH|2021-01-22|voclosporin,voclosporin 2021 FDA application trial results,Approval Letter_213716Orig1s004ltr.pdf,https://www.accessdata.fda.gov/drugsatfda_docs/appletter/2024/213716Orig1s004ltr.pdf,turn135search14,CANDIDATE_ONLY_NOT_GATE_EVIDENCE,2026-10-06
AUPH|2021-01-22|voclosporin,voclosporin 2021 FDA application trial results,Voclosporin: First Approval - PubMed,https://pubmed.ncbi.nlm.nih.gov/33788181/,turn135search10,CANDIDATE_ONLY_NOT_GATE_EVIDENCE,2026-10-06
AUPH|2021-01-22|voclosporin,voclosporin 2021 FDA application trial results,,https://www.sec.gov/Archives/edgar/data/1600620/000115752320001008/a52253556ex99_1.htm,turn135search11,CANDIDATE_ONLY_NOT_GATE_EVIDENCE,2026-10-06
GTHX|2021-02-15|trilaciclib,trilaciclib 2021 FDA application trial results,Review,https://www.accessdata.fda.gov/drugsatfda_docs/nda/2020/214200Orig1s000SumR.pdf,turn136search12,CANDIDATE_ONLY_NOT_GATE_EVIDENCE,2026-10-06
GTHX|2021-02-15|trilaciclib,trilaciclib 2021 FDA application trial results,Review,https://www.accessdata.fda.gov/drugsatfda_docs/nda/2020/214200Orig1s000AdminCorres.pdf,turn136search13,CANDIDATE_ONLY_NOT_GATE_EVIDENCE,2026-10-06
GTHX|2021-02-15|trilaciclib,trilaciclib 2021 FDA application trial results,Cosela (trilaciclib) injection,https://www.accessdata.fda.gov/drugsatfda_docs/appletter/2021/214200Orig1s000ltr.pdf,turn136search14,CANDIDATE_ONLY_NOT_GATE_EVIDENCE,2026-10-06
GTHX|2021-02-15|trilaciclib,trilaciclib 2021 FDA application trial results,gthx-10k_20201231.htm,https://www.sec.gov/Archives/edgar/data/1560241/000156459021008171/gthx-10k_20201231.htm,turn136search2,CANDIDATE_ONLY_NOT_GATE_EVIDENCE,2026-10-06
GTHX|2021-02-15|trilaciclib,trilaciclib 2021 FDA application trial results,Trilaciclib Prior to Chemotherapy in Patients with Metastatic Triple-Negative Breast Cancer: Final Efficacy and Subgroup Analysis from a Randomized Phase II Study - PubMed,https://pubmed.ncbi.nlm.nih.gov/34887261/,turn136search3,CANDIDATE_ONLY_NOT_GATE_EVIDENCE,2026-10-06
GTHX|2021-02-15|trilaciclib,trilaciclib 2021 FDA application trial results,Trilaciclib Prior to Chemotherapy in Patients with Metastatic Triple-Negative Breast Cancer: Final Efficacy and Subgroup Analysis from a Randomized Phase II Study - PMC,https://pmc.ncbi.nlm.nih.gov/articles/PMC9377748/,turn136search5,CANDIDATE_ONLY_NOT_GATE_EVIDENCE,2026-10-06
GTHX|2021-02-15|trilaciclib,trilaciclib 2021 FDA application trial results,"Trilaciclib prior to chemotherapy and atezolizumab in patients with newly diagnosed extensive‐stage small cell lung cancer: A multicentre, randomised, double‐blind, placebo‐controlled Phase II trial - PMC",https://pmc.ncbi.nlm.nih.gov/articles/PMC8048941/,turn136search6,CANDIDATE_ONLY_NOT_GATE_EVIDENCE,2026-10-06
GTHX|2021-02-15|trilaciclib,trilaciclib 2021 FDA application trial results,GTHX-2023.12.31-10K,https://www.sec.gov/Archives/edgar/data/1560241/000119312524113912/d769887dars.pdf,turn136search15,CANDIDATE_ONLY_NOT_GATE_EVIDENCE,2026-10-06
GTHX|2021-02-15|trilaciclib,trilaciclib 2021 FDA application trial results,"Myelopreservation with Trilaciclib in Patients Receiving Topotecan for Small Cell Lung Cancer: Results from a Randomized, Double-Blind, Placebo-Controlled Phase II Study - PubMed",https://pubmed.ncbi.nlm.nih.gov/33123968/?dopt=Abstract,turn136search10,CANDIDATE_ONLY_NOT_GATE_EVIDENCE,2026-10-06
TGTX|2021-02-15|umbralisib,umbralisib 2021 FDA application trial results,FDA Introductory Comments,https://www.fda.gov/media/157837/download,turn132search12,CANDIDATE_ONLY_NOT_GATE_EVIDENCE,2026-10-06
TGTX|2021-02-15|umbralisib,umbralisib 2021 FDA application trial results,FDA approval of lymphoma medicine Ukoniq (umbralisib) is withdrawn due to safety concerns | FDA,https://www.fda.gov/drugs/drug-safety-and-availability/fda-approval-lymphoma-medicine-ukoniq-umbralisib-withdrawn-due-safety-concerns,turn132search0,CANDIDATE_ONLY_NOT_GATE_EVIDENCE,2026-10-06
TGTX|2021-02-15|umbralisib,umbralisib 2021 FDA application trial results,Drug Trials Snapshots: UKONIQ | FDA,https://www.fda.gov/drugs/drug-approvals-and-databases/drug-trials-snapshots-ukoniq-0,turn132search1,CANDIDATE_ONLY_NOT_GATE_EVIDENCE,2026-10-06
TGTX|2021-02-15|umbralisib,umbralisib 2021 FDA application trial results,FDA investigating possible increased risk of death with lymphoma medicine Ukoniq (umbralisib) | FDA,https://www.fda.gov/drugs/development-approval-process-drugs/fda-investigating-possible-increased-risk-death-lymphoma-medicine-ukoniq-umbralisib,turn132search2,CANDIDATE_ONLY_NOT_GATE_EVIDENCE,2026-10-06
TGTX|2021-02-15|umbralisib,umbralisib 2021 FDA application trial results,"Umbralisib, a Dual PI3Kδ/CK1ε Inhibitor in Patients With Relapsed or Refractory Indolent Lymphoma - PubMed",https://pubmed.ncbi.nlm.nih.gov/33683917/,turn132search3,CANDIDATE_ONLY_NOT_GATE_EVIDENCE,2026-10-06
TGTX|2021-02-15|umbralisib,umbralisib 2021 FDA application trial results,"Umbralisib, a Dual PI3Kδ/CK1ε Inhibitor in Patients With Relapsed or Refractory Indolent Lymphoma - PMC",https://pmc.ncbi.nlm.nih.gov/articles/PMC8148421/,turn132search4,CANDIDATE_ONLY_NOT_GATE_EVIDENCE,2026-10-06
TGTX|2021-02-15|umbralisib,umbralisib 2021 FDA application trial results,"Umbralisib, a Dual PI3Kδ/CK1ε Inhibitor in Patients With Relapsed or Refractory Indolent Lymphoma | Journal of Clinical Oncology",https://ascopubs.org/doi/full/10.1200/JCO.20.03433,turn132search5,CANDIDATE_ONLY_NOT_GATE_EVIDENCE,2026-10-06
TGTX|2021-02-15|umbralisib,umbralisib 2021 FDA application trial results,Ukoniq (umbralisib): Drug Safety Communication - FDA Approval of Lymphoma Medicine is Withdrawn Due to Safety Concerns | FDA,https://www.fda.gov/safety/medical-product-safety-information/ukoniq-umbralisib-drug-safety-communication-fda-approval-lymphoma-medicine-withdrawn-due-safety,turn132search8,CANDIDATE_ONLY_NOT_GATE_EVIDENCE,2026-10-06
TGTX|2021-02-15|umbralisib,umbralisib 2021 FDA application trial results,Ukoniq (umbralisib) tablets,https://www.accessdata.fda.gov/drugsatfda_docs/appletter/2021/213176Orig1s000%2C%20213176Orig2s000ltr.pdf,turn132search13,CANDIDATE_ONLY_NOT_GATE_EVIDENCE,2026-10-06
TGTX|2021-02-15|umbralisib,umbralisib 2021 FDA application trial results,FDA withdrew its approval for the cancer medicine Ukoniq (umbralisib) due to safety concerns | FDA,https://www.fda.gov/drugs/fda-drug-safety-podcasts/fda-withdrew-its-approval-cancer-medicine-ukoniq-umbralisib-due-safety-concerns,turn132search9,CANDIDATE_ONLY_NOT_GATE_EVIDENCE,2026-10-06
TGTX|2021-02-15|umbralisib,umbralisib 2021 FDA application trial results,Phase 2 study of the safety and efficacy of umbralisib in patients with CLL who are intolerant to BTK or PI3Kδ inhibitor therapy - PubMed,https://pubmed.ncbi.nlm.nih.gov/33259589/,turn132search10,CANDIDATE_ONLY_NOT_GATE_EVIDENCE,2026-10-06
TGTX|2021-02-15|umbralisib,umbralisib 2021 FDA application trial results,FDA investigating possible increased risk of death with lymphoma medicine Ukoniq (umbralisib) | FDA,https://www.fda.gov/drugs/fda-drug-safety-podcasts/fda-investigating-possible-increased-risk-death-lymphoma-medicine-ukoniq-umbralisib,turn132search11,CANDIDATE_ONLY_NOT_GATE_EVIDENCE,2026-10-06
TGTX|2021-02-15|umbralisib,umbralisib 2021 FDA application trial results,FDA ODAC                             September,https://www.fda.gov/media/164051/download,turn132search16,CANDIDATE_ONLY_NOT_GATE_EVIDENCE,2026-10-06
TGTX|2021-02-15|umbralisib,umbralisib 2021 FDA application trial results,NDA Multi-disciplinary Review and Evaluation: NDA 213176,https://www.accessdata.fda.gov/drugsatfda_docs/nda/2021/213176Orig1Orig2s000MultidisciplineR.pdf,turn132search17,CANDIDATE_ONLY_NOT_GATE_EVIDENCE,2026-10-06
CRMD|2021-02-26|defencath,defencath 2021 FDA application trial results,Drug Trials Snapshots: DEFENCATH | FDA,https://www.fda.gov/drugs/development-approval-process-drugs/drug-trials-snapshots-defencath,turn139search0,CANDIDATE_ONLY_NOT_GATE_EVIDENCE,2026-10-06
CRMD|2021-02-26|defencath,defencath 2021 FDA application trial results,Review,https://www.accessdata.fda.gov/drugsatfda_docs/nda/2023/214520Orig1s000MultidisciplineR.pdf,turn139search12,CANDIDATE_ONLY_NOT_GATE_EVIDENCE,2026-10-06
CRMD|2021-02-26|defencath,defencath 2021 FDA application trial results,FDA approves new drug under special pathway for patients receiving hemodialysis | FDA,https://www.fda.gov/drugs/news-events-human-drugs/fda-approves-new-drug-under-special-pathway-patients-receiving-hemodialysis,turn139search1,CANDIDATE_ONLY_NOT_GATE_EVIDENCE,2026-10-06
CRMD|2021-02-26|defencath,defencath 2021 FDA application trial results,,https://www.sec.gov/Archives/edgar/data/1410098/000121390021026113/R7.htm,turn139search2,CANDIDATE_ONLY_NOT_GATE_EVIDENCE,2026-10-06
CRMD|2021-02-26|defencath,defencath 2021 FDA application trial results,Drug Trials Snapshots: DEFENCATH | FDA,https://www.fda.gov/drugs/drug-trials-snapshots/drug-trials-snapshots-defencath,turn139search3,CANDIDATE_ONLY_NOT_GATE_EVIDENCE,2026-10-06
CRMD|2021-02-26|defencath,defencath 2021 FDA application trial results,,https://www.sec.gov/Archives/edgar/data/1410098/000121390022015852/f10k2021_cormedixinc.htm,turn139search4,CANDIDATE_ONLY_NOT_GATE_EVIDENCE,2026-10-06
CRMD|2021-02-26|defencath,defencath 2021 FDA application trial results,,https://www.sec.gov/Archives/edgar/data/1410098/000121390020035310/R7.htm,turn139search5,CANDIDATE_ONLY_NOT_GATE_EVIDENCE,2026-10-06
CRMD|2021-02-26|defencath,defencath 2021 FDA application trial results,This label may not be the latest approved by FDA.,https://www.accessdata.fda.gov/drugsatfda_docs/label/2023/214520Orig1s000lbl.pdf,turn139search13,CANDIDATE_ONLY_NOT_GATE_EVIDENCE,2026-10-06
CRMD|2021-02-26|defencath,defencath 2021 FDA application trial results,,https://www.sec.gov/Archives/edgar/data/1410098/000121390022009595/ea156242ex99-2_cormedix.htm,turn139search6,CANDIDATE_ONLY_NOT_GATE_EVIDENCE,2026-10-06
CRMD|2021-02-26|defencath,defencath 2021 FDA application trial results,,https://www.sec.gov/Archives/edgar/data/1410098/000121390022015852/R7.htm,turn139search8,CANDIDATE_ONLY_NOT_GATE_EVIDENCE,2026-10-06
CRMD|2021-02-26|defencath,defencath 2021 FDA application trial results,,https://www.sec.gov/Archives/edgar/data/1410098/000121390020021151/R7.htm,turn139search9,CANDIDATE_ONLY_NOT_GATE_EVIDENCE,2026-10-06
CRMD|2021-02-26|defencath,defencath 2021 FDA application trial results,"EA6806E_CorMedix, Inc_10-K_Clean_Bannerless.pdf",https://www.sec.gov/Archives/edgar/data/1410098/000121390023076433/fars2023_cormedix.pdf,turn139search15,CANDIDATE_ONLY_NOT_GATE_EVIDENCE,2026-10-06
CRMD|2021-02-26|defencath,defencath 2021 FDA application trial results,,https://www.sec.gov/Archives/edgar/data/1410098/000121390020024450/ea126206ex99-1_cormedix.htm,turn139search11,CANDIDATE_ONLY_NOT_GATE_EVIDENCE,2026-10-06
ATNX|2021-03-01|oral-paclitaxel,oral-paclitaxel 2021 FDA application trial results,EX-99.2,https://www.sec.gov/Archives/edgar/data/1300699/000119312520240630/d21816dex992.htm,turn142search0,CANDIDATE_ONLY_NOT_GATE_EVIDENCE,2026-10-06
ATNX|2021-03-01|oral-paclitaxel,oral-paclitaxel 2021 FDA application trial results,atnx-10k_20201231.htm,https://www.sec.gov/Archives/edgar/data/1300699/000156459021009879/atnx-10k_20201231.htm,turn142search1,CANDIDATE_ONLY_NOT_GATE_EVIDENCE,2026-10-06
ATNX|2021-03-01|oral-paclitaxel,oral-paclitaxel 2021 FDA application trial results,EX-99.2,https://www.sec.gov/Archives/edgar/data/1300699/000119312522077351/d262074dex992.htm,turn142search2,CANDIDATE_ONLY_NOT_GATE_EVIDENCE,2026-10-06
ATNX|2021-03-01|oral-paclitaxel,oral-paclitaxel 2021 FDA application trial results,EX-99.1,https://www.sec.gov/Archives/edgar/data/1300699/000119312519240454/d750667dex991.htm,turn142search3,CANDIDATE_ONLY_NOT_GATE_EVIDENCE,2026-10-06
ATNX|2021-03-01|oral-paclitaxel,oral-paclitaxel 2021 FDA application trial results,10-K,https://www.sec.gov/Archives/edgar/data/1300699/000095017022003973/atnx-20211231.htm,turn142search4,CANDIDATE_ONLY_NOT_GATE_EVIDENCE,2026-10-06
ATNX|2021-03-01|oral-paclitaxel,oral-paclitaxel 2021 FDA application trial results,,https://www.sec.gov/Archives/edgar/data/1300699/000095017022003973/R8.htm,turn142search5,CANDIDATE_ONLY_NOT_GATE_EVIDENCE,2026-10-06
ATNX|2021-03-01|oral-paclitaxel,oral-paclitaxel 2021 FDA application trial results,Phase II study of DHP107 (oral paclitaxel) in the first-line treatment of HER2-negative recurrent or metastatic breast cancer (OPTIMAL study) - PubMed,https://pubmed.ncbi.nlm.nih.gov/34925553/,turn142search6,CANDIDATE_ONLY_NOT_GATE_EVIDENCE,2026-10-06
ATNX|2021-03-01|oral-paclitaxel,oral-paclitaxel 2021 FDA application trial results,Confirmed tumor response by molecular subtype in patients with metastatic breast cancer: Sub-analysis from a phase 3 clinical study comparing oral paclitaxel and encequidar to IV paclitaxel. | Journal of Clinical Oncology,https://ascopubs.org/doi/10.1200/JCO.2021.39.15_suppl.1073,turn142search7,CANDIDATE_ONLY_NOT_GATE_EVIDENCE,2026-10-06
ATNX|2021-03-01|oral-paclitaxel,oral-paclitaxel 2021 FDA application trial results,"Open-Label, Randomized, Multicenter, Phase III Study Comparing Oral Paclitaxel Plus Encequidar Versus Intravenous Paclitaxel in Patients With Metastatic Breast Cancer | Journal of Clinical Oncology",https://ascopubs.org/doi/10.1200/JCO.21.02953,turn142search9,CANDIDATE_ONLY_NOT_GATE_EVIDENCE,2026-10-06
BLUE|2021-03-27|idecabtagene-vicleucel,idecabtagene-vicleucel 2021 FDA application trial results,Review,https://www.accessdata.fda.gov/drugsatfda_docs/nda/2022/761291Orig1s000MultidisciplineR.pdf,turn134search12,CANDIDATE_ONLY_NOT_GATE_EVIDENCE,2026-10-06
BLUE|2021-03-27|idecabtagene-vicleucel,idecabtagene-vicleucel 2021 FDA application trial results,FDA Approves First Cell-Based Gene Therapy for Adult Patients with Multiple Myeloma | FDA,https://www.fda.gov/news-events/press-announcements/fda-approves-first-cell-based-gene-therapy-adult-patients-multiple-myeloma,turn134search0,CANDIDATE_ONLY_NOT_GATE_EVIDENCE,2026-10-06
BLUE|2021-03-27|idecabtagene-vicleucel,idecabtagene-vicleucel 2021 FDA application trial results,FDA Approval Summary: Idecabtagene Vicleucel for Relapsed or Refractory Multiple Myeloma.,https://pubmed.ncbi.nlm.nih.gov/35046063/,turn134search1,CANDIDATE_ONLY_NOT_GATE_EVIDENCE,2026-10-06
BLUE|2021-03-27|idecabtagene-vicleucel,idecabtagene-vicleucel 2021 FDA application trial results,Idecabtagene Vicleucel in Relapsed and Refractory Multiple Myeloma | New England Journal of Medicine,https://www.nejm.org/doi/full/10.1056/NEJMoa2024850,turn134search2,CANDIDATE_ONLY_NOT_GATE_EVIDENCE,2026-10-06
BLUE|2021-03-27|idecabtagene-vicleucel,idecabtagene-vicleucel 2021 FDA application trial results,FDA Approval Summary: Idecabtagene Vicleucel for Relapsed or Refractory Multiple Myeloma - PMC,https://pmc.ncbi.nlm.nih.gov/articles/PMC9064878/,turn134search3,CANDIDATE_ONLY_NOT_GATE_EVIDENCE,2026-10-06
BLUE|2021-03-27|idecabtagene-vicleucel,idecabtagene-vicleucel 2021 FDA application trial results,ABECMA | FDA,https://www.fda.gov/vaccines-blood-biologics/abecma,turn134search4,CANDIDATE_ONLY_NOT_GATE_EVIDENCE,2026-10-06
BLUE|2021-03-27|idecabtagene-vicleucel,idecabtagene-vicleucel 2021 FDA application trial results,Review,https://www.accessdata.fda.gov/drugsatfda_docs/nda/2025/761400Orig1s000MultidisciplineR.pdf,turn134search13,CANDIDATE_ONLY_NOT_GATE_EVIDENCE,2026-10-06
BLUE|2021-03-27|idecabtagene-vicleucel,idecabtagene-vicleucel 2021 FDA application trial results,Idecabtagene Vicleucel in Relapsed and Refractory Multiple Myeloma - PubMed,https://pubmed.ncbi.nlm.nih.gov/33626253/,turn134search5,CANDIDATE_ONLY_NOT_GATE_EVIDENCE,2026-10-06
BLUE|2021-03-27|idecabtagene-vicleucel,idecabtagene-vicleucel 2021 FDA application trial results,"FDA Approval Summary: Idecabtagene Vicleucel for the Treatment of Triple-Class Exposed, Relapsed or Refractory Multiple Myeloma - PMC",https://pmc.ncbi.nlm.nih.gov/articles/PMC12353187,turn134search6,CANDIDATE_ONLY_NOT_GATE_EVIDENCE,2026-10-06
BLUE|2021-03-27|idecabtagene-vicleucel,idecabtagene-vicleucel 2021 FDA application trial results,"April 4, 2024 Statistical Review - ABECMA",https://www.fda.gov/media/177863/download,turn134search14,CANDIDATE_ONLY_NOT_GATE_EVIDENCE,2026-10-06
BLUE|2021-03-27|idecabtagene-vicleucel,idecabtagene-vicleucel 2021 FDA application trial results,Approved Cellular and Gene Therapy Products | FDA,https://www.fda.gov/vaccines-blood-biologics/cellular-gene-therapy-products/approved-cellular-and-gene-therapy-products,turn134search10,CANDIDATE_ONLY_NOT_GATE_EVIDENCE,2026-10-06
BLUE|2021-03-27|idecabtagene-vicleucel,idecabtagene-vicleucel 2021 FDA application trial results,Idecabtagene Vicleucel in Relapsed and Refractory Multiple Myeloma,https://www.nejm.org/doi/pdf/10.1056/NEJMoa2024850?download=true,turn134search15,CANDIDATE_ONLY_NOT_GATE_EVIDENCE,2026-10-06
BLUE|2021-03-27|idecabtagene-vicleucel,idecabtagene-vicleucel 2021 FDA application trial results,"Idecabtagene vicleucel (ide-cel, bb2121), a BCMA-directed CAR T cell therapy, in relapsed and refractory multiple myeloma: Updated KarMMa results. | Journal of Clinical Oncology",https://ascopubs.org/doi/10.1200/JCO.2021.39.15_suppl.8016,turn134search11,CANDIDATE_ONLY_NOT_GATE_EVIDENCE,2026-10-06
BLUE|2021-03-27|idecabtagene-vicleucel,idecabtagene-vicleucel 2021 FDA application trial results,Review,https://www.accessdata.fda.gov/drugsatfda_docs/nda/2023/761342Orig1s000MultidisciplineR.pdf?_sp=27935f48-da51-4e19-ad02-6e759d5547be,turn134search16,CANDIDATE_ONLY_NOT_GATE_EVIDENCE,2026-10-06
APLS|2021-05-14|pegcetacoplan,pegcetacoplan 2021 FDA application trial results,Novel Drug Approvals for 2021 | FDA,https://www.fda.gov/drugs/novel-drug-approvals-fda/novel-drug-approvals-2021,turn137search0,CANDIDATE_ONLY_NOT_GATE_EVIDENCE,2026-10-06
APLS|2021-05-14|pegcetacoplan,pegcetacoplan 2021 FDA application trial results,apls-10k_20211231.htm,https://www.sec.gov/Archives/edgar/data/1492422/000156459022007606/apls-10k_20211231.htm,turn137search2,CANDIDATE_ONLY_NOT_GATE_EVIDENCE,2026-10-06
APLS|2021-05-14|pegcetacoplan,pegcetacoplan 2021 FDA application trial results,8-K,https://www.sec.gov/Archives/edgar/data/1492422/000119312521268814/d112979d8k.htm,turn137search3,CANDIDATE_ONLY_NOT_GATE_EVIDENCE,2026-10-06
APLS|2021-05-14|pegcetacoplan,pegcetacoplan 2021 FDA application trial results,Pegcetacoplan versus Eculizumab in Paroxysmal Nocturnal Hemoglobinuria | New England Journal of Medicine,https://www.nejm.org/doi/abs/10.1056/NEJMoa2029073,turn137search4,CANDIDATE_ONLY_NOT_GATE_EVIDENCE,2026-10-06
APLS|2021-05-14|pegcetacoplan,pegcetacoplan 2021 FDA application trial results,Empaveli (pegcetacoplan) injection,https://www.accessdata.fda.gov/drugsatfda_docs/appletter/2021/215014Orig1s000ltr.pdf,turn137search12,CANDIDATE_ONLY_NOT_GATE_EVIDENCE,2026-10-06
APLS|2021-05-14|pegcetacoplan,pegcetacoplan 2021 FDA application trial results,apls-10k_20201231.htm,https://www.sec.gov/Archives/edgar/data/1492422/000156459021008800/apls-10k_20201231.htm,turn137search5,CANDIDATE_ONLY_NOT_GATE_EVIDENCE,2026-10-06
APLS|2021-05-14|pegcetacoplan,pegcetacoplan 2021 FDA application trial results,"Apellis Announces U.S. Food and Drug Administration (FDA) Approval of EMPAVELI™ (pegcetacoplan) for Adults with Paroxysmal Nocturnal Hemoglobinuria (PNH) - Apellis Pharmaceuticals, Inc.",https://investors.apellis.com/news-releases/news-release-details/apellis-announces-us-food-and-drug-administration-fda-approval,turn137search6,CANDIDATE_ONLY_NOT_GATE_EVIDENCE,2026-10-06
APLS|2021-05-14|pegcetacoplan,pegcetacoplan 2021 FDA application trial results,10-Q,https://www.sec.gov/Archives/edgar/data/1492422/000095017022015500/apls-20220630.htm,turn137search7,CANDIDATE_ONLY_NOT_GATE_EVIDENCE,2026-10-06
APLS|2021-05-14|pegcetacoplan,pegcetacoplan 2021 FDA application trial results,Characterizing New-Onset Exudation in the Randomized Phase 2 FILLY Trial of Complement Inhibitor Pegcetacoplan for Geographic Atrophy - PubMed,https://pubmed.ncbi.nlm.nih.gov/33711380/,turn137search8,CANDIDATE_ONLY_NOT_GATE_EVIDENCE,2026-10-06
APLS|2021-05-14|pegcetacoplan,pegcetacoplan 2021 FDA application trial results,Apellis Announces Top-Line Results from Phase 3 DERBY and,https://www.globenewswire.com/news-release/2021/09/09/2294782/0/en/Apellis-Announces-Top-Line-Results-from-Phase-3-DERBY-and-OAKS-Studies-in-Geographic-Atrophy-GA-and-Plans-to-Submit-NDA-to-FDA-in-the-First-Half-of-2022.html,turn137search9,CANDIDATE_ONLY_NOT_GATE_EVIDENCE,2026-10-06
APLS|2021-05-14|pegcetacoplan,pegcetacoplan 2021 FDA application trial results,10-Q,https://www.sec.gov/Archives/edgar/data/1492422/000095017022007374/apls-20220331.htm,turn137search10,CANDIDATE_ONLY_NOT_GATE_EVIDENCE,2026-10-06
APLS|2021-05-14|pegcetacoplan,pegcetacoplan 2021 FDA application trial results,UNITED STATES,https://investors.apellis.com/static-files/2266e100-7bb5-4783-8c5e-207c468314ba,turn137search13,CANDIDATE_ONLY_NOT_GATE_EVIDENCE,2026-10-06
APLS|2021-05-14|pegcetacoplan,pegcetacoplan 2021 FDA application trial results,"measured by estimated glomerular filtration rate, and a substantial proportion of patients achieved a reduction in C3c staining intensity (nominal p<0.0001). Pegcetacoplan also demonstrated favorable safety and tolerability results, consistent with its established profile.",https://www.sec.gov/Archives/edgar/data/1492422/000095017025056968/apls-2025_-ars.pdf,turn137search14,CANDIDATE_ONLY_NOT_GATE_EVIDENCE,2026-10-06
ADCT|2021-05-21|loncastuximab-tesirine,loncastuximab-tesirine 2021 FDA application trial results,Final results of a phase 1 study of loncastuximab tesirine in relapsed/refractory B-cell non-Hodgkin lymphoma - ScienceDirect,https://www.sciencedirect.com/science/article/pii/S0006497121010107,turn141search0,CANDIDATE_ONLY_NOT_GATE_EVIDENCE,2026-10-06
ADCT|2021-05-21|loncastuximab-tesirine,loncastuximab-tesirine 2021 FDA application trial results,Final results of a phase 1 study of loncastuximab tesirine in relapsed/refractory B-cell non-Hodgkin lymphoma - PMC,https://pmc.ncbi.nlm.nih.gov/articles/PMC8138546/,turn141search1,CANDIDATE_ONLY_NOT_GATE_EVIDENCE,2026-10-06
ADCT|2021-05-21|loncastuximab-tesirine,loncastuximab-tesirine 2021 FDA application trial results,Final results of a phase 1 study of loncastuximab tesirine in relapsed/refractory B-cell non-Hodgkin lymphoma - PubMed,https://pubmed.ncbi.nlm.nih.gov/33211842/,turn141search2,CANDIDATE_ONLY_NOT_GATE_EVIDENCE,2026-10-06
ADCT|2021-05-21|loncastuximab-tesirine,loncastuximab-tesirine 2021 FDA application trial results,Document,https://www.sec.gov/Archives/edgar/data/1771910/000177191021000026/adct-20210331ex993.htm,turn141search3,CANDIDATE_ONLY_NOT_GATE_EVIDENCE,2026-10-06
ADCT|2021-05-21|loncastuximab-tesirine,loncastuximab-tesirine 2021 FDA application trial results,Review,https://www.accessdata.fda.gov/drugsatfda_docs/nda/2021/761196Orig1s000MultidisciplineR.pdf,turn141search12,CANDIDATE_ONLY_NOT_GATE_EVIDENCE,2026-10-06
ADCT|2021-05-21|loncastuximab-tesirine,loncastuximab-tesirine 2021 FDA application trial results,"Loncastuximab tesirine, an anti-CD19 antibody-drug conjugate, in relapsed/refractory B-cell acute lymphoblastic leukemia - PMC",https://pmc.ncbi.nlm.nih.gov/articles/PMC7013258/,turn141search5,CANDIDATE_ONLY_NOT_GATE_EVIDENCE,2026-10-06
ADCT|2021-05-21|loncastuximab-tesirine,loncastuximab-tesirine 2021 FDA application trial results,Loncastuximab tesirine: an effective therapy for relapsed or refractory diffuse large B-cell lymphoma - PubMed,https://pubmed.ncbi.nlm.nih.gov/35061047/,turn141search6,CANDIDATE_ONLY_NOT_GATE_EVIDENCE,2026-10-06
ADCT|2021-05-21|loncastuximab-tesirine,loncastuximab-tesirine 2021 FDA application trial results,Review,https://www.accessdata.fda.gov/drugsatfda_docs/nda/2021/761196Orig1s000Approv.pdf,turn141search13,CANDIDATE_ONLY_NOT_GATE_EVIDENCE,2026-10-06
ADCT|2021-05-21|loncastuximab-tesirine,loncastuximab-tesirine 2021 FDA application trial results,,https://www.sec.gov/Archives/edgar/data/1771910/000095010321008426/dp152315_ex9901.htm,turn141search8,CANDIDATE_ONLY_NOT_GATE_EVIDENCE,2026-10-06
ADCT|2021-05-21|loncastuximab-tesirine,loncastuximab-tesirine 2021 FDA application trial results,Antibodies to watch in 2022 - PMC,https://pmc.ncbi.nlm.nih.gov/articles/PMC8765076/,turn141search10,CANDIDATE_ONLY_NOT_GATE_EVIDENCE,2026-10-06
ADCT|2021-05-21|loncastuximab-tesirine,loncastuximab-tesirine 2021 FDA application trial results,Loncastuximab tesirine for diffuse large B-cell lymphoma.,https://pubmed.ncbi.nlm.nih.gov/34909802/,turn141search11,CANDIDATE_ONLY_NOT_GATE_EVIDENCE,2026-10-06
LNTH|2021-05-28|piflufolastat-f18,piflufolastat-f18 2021 FDA application trial results,NDA 214793 / Piflufolastat F 18 (PYLARIFY): Multi-disciplinary Review and Evaluation,https://www.accessdata.fda.gov/drugsatfda_docs/nda/2021/214793Orig1s000MultidisciplineR.pdf,turn143search12,CANDIDATE_ONLY_NOT_GATE_EVIDENCE,2026-10-06
LNTH|2021-05-28|piflufolastat-f18,piflufolastat-f18 2021 FDA application trial results,Piflufolastat F 18: Diagnostic First Approval - PubMed,https://pubmed.ncbi.nlm.nih.gov/34292532/,turn143search0,CANDIDATE_ONLY_NOT_GATE_EVIDENCE,2026-10-06
LNTH|2021-05-28|piflufolastat-f18,piflufolastat-f18 2021 FDA application trial results,FDA approves second PSMA-targeted PET imaging drug for men with prostate cancer | FDA,https://www.fda.gov/drugs/news-events-human-drugs/fda-approves-second-psma-targeted-pet-imaging-drug-men-prostate-cancer,turn143search1,CANDIDATE_ONLY_NOT_GATE_EVIDENCE,2026-10-06
LNTH|2021-05-28|piflufolastat-f18,piflufolastat-f18 2021 FDA application trial results,Lantheus Announces Presentation at the 2021 American,https://www.globenewswire.com/news-release/2021/09/10/2295136/0/en/lantheus-announces-presentation-at-the-2021-american-urological-association-aua-annual-meeting.html,turn143search4,CANDIDATE_ONLY_NOT_GATE_EVIDENCE,2026-10-06
LNTH|2021-05-28|piflufolastat-f18,piflufolastat-f18 2021 FDA application trial results,PIFLUFOLASTAT F-18,https://precision.fda.gov/ginas/app/ui/substances/4aa666bc-1510-4b51-99f1-6ab36cfbeacd,turn143search6,CANDIDATE_ONLY_NOT_GATE_EVIDENCE,2026-10-06
LNTH|2021-05-28|piflufolastat-f18,piflufolastat-f18 2021 FDA application trial results,2021 FDA TIDES (Peptides and Oligonucleotides) Harvest - PMC,https://pmc.ncbi.nlm.nih.gov/articles/PMC8876803/,turn143search8,CANDIDATE_ONLY_NOT_GATE_EVIDENCE,2026-10-06
ORPH|2021-06-17|arimoclomol,arimoclomol 2021 FDA application trial results,"Safety and efficacy of arimoclomol for inclusion body myositis: a multicentre, randomised, double-blind, placebo-controlled trial.",https://pubmed.ncbi.nlm.nih.gov/37739573/,turn138search0,CANDIDATE_ONLY_NOT_GATE_EVIDENCE,2026-10-06
ORPH|2021-06-17|arimoclomol,arimoclomol 2021 FDA application trial results,"August 2, 2024 Genetic Metabolic Diseases Advisory Committee",https://www.fda.gov/media/180469/download,turn138search12,CANDIDATE_ONLY_NOT_GATE_EVIDENCE,2026-10-06
ORPH|2021-06-17|arimoclomol,arimoclomol 2021 FDA application trial results,"Efficacy and safety of arimoclomol in Niemann-Pick disease type C: Results from a double-blind, randomised, placebo-controlled, multinational phase 2/3 trial of a novel treatment - PubMed",https://pubmed.ncbi.nlm.nih.gov/34418116/,turn138search1,CANDIDATE_ONLY_NOT_GATE_EVIDENCE,2026-10-06
ORPH|2021-06-17|arimoclomol,arimoclomol 2021 FDA application trial results,Review,https://www.accessdata.fda.gov/drugsatfda_docs/nda/2024/214927Orig1s000IntegratedR.pdf,turn138search13,CANDIDATE_ONLY_NOT_GATE_EVIDENCE,2026-10-06
ORPH|2021-06-17|arimoclomol,arimoclomol 2021 FDA application trial results,orph-20f_20201231.htm,https://www.sec.gov/Archives/edgar/data/1764791/000156459021010332/orph-20f_20201231.htm,turn138search2,CANDIDATE_ONLY_NOT_GATE_EVIDENCE,2026-10-06
ORPH|2021-06-17|arimoclomol,arimoclomol 2021 FDA application trial results,"August 2, 2024 Genetic Metabolic Diseases Advisory Committee",https://www.fda.gov/media/180471/download,turn138search14,CANDIDATE_ONLY_NOT_GATE_EVIDENCE,2026-10-06
ORPH|2021-06-17|arimoclomol,arimoclomol 2021 FDA application trial results,,https://www.sec.gov/Archives/edgar/data/1764791/000119312520257890/d927161d424b4.htm,turn138search3,CANDIDATE_ONLY_NOT_GATE_EVIDENCE,2026-10-06
ORPH|2021-06-17|arimoclomol,arimoclomol 2021 FDA application trial results,orph-ex991_6.htm,https://www.sec.gov/Archives/edgar/data/1764791/000156459021046484/orph-ex991_6.htm,turn138search4,CANDIDATE_ONLY_NOT_GATE_EVIDENCE,2026-10-06
ORPH|2021-06-17|arimoclomol,arimoclomol 2021 FDA application trial results,"Efficacy and safety of arimoclomol in Niemann‐Pick disease type C: Results from a double‐blind, randomised, placebo‐controlled, multinational phase 2/3 trial of a novel treatment - Mengel - 2021 - Journal of Inherited Metabolic Disease - Wiley Online Library",https://onlinelibrary.wiley.com/doi/full/10.1002/jimd.12428,turn138search5,CANDIDATE_ONLY_NOT_GATE_EVIDENCE,2026-10-06
ORPH|2021-06-17|arimoclomol,arimoclomol 2021 FDA application trial results,F-1/A,https://www.sec.gov/Archives/edgar/data/1764791/000119312520249547/d927161df1a.htm,turn138search6,CANDIDATE_ONLY_NOT_GATE_EVIDENCE,2026-10-06
ORPH|2021-06-17|arimoclomol,arimoclomol 2021 FDA application trial results,orph-ex991_6.htm,https://www.sec.gov/Archives/edgar/data/1764791/000156459021015965/orph-ex991_6.htm,turn138search8,CANDIDATE_ONLY_NOT_GATE_EVIDENCE,2026-10-06
ORPH|2021-06-17|arimoclomol,arimoclomol 2021 FDA application trial results,"Efficacy and safety of arimoclomol in Niemann‐Pick disease type C: Results from a double‐blind, randomised, placebo‐controlled, multinational phase 2/3 trial of a novel treatment - Mengel - 2021 - Journal of Inherited Metabolic Disease - Wiley Online Library",https://onlinelibrary.wiley.com/doi/10.1002/jimd.12428,turn138search9,CANDIDATE_ONLY_NOT_GATE_EVIDENCE,2026-10-06
ORPH|2021-06-17|arimoclomol,arimoclomol 2021 FDA application trial results,F-1/A,https://www.sec.gov/Archives/edgar/data/1764791/000119312520254540/d927161df1a.htm,turn138search10,CANDIDATE_ONLY_NOT_GATE_EVIDENCE,2026-10-06
PRVB|2021-07-02|teplizumab,teplizumab 2021 FDA application trial results,1  EXECUTIVE SUMMARY,https://www.accessdata.fda.gov/drugsatfda_docs/nda/2023/761183Orig1s000StatR.pdf,turn144search12,CANDIDATE_ONLY_NOT_GATE_EVIDENCE,2026-10-06
PRVB|2021-07-02|teplizumab,teplizumab 2021 FDA application trial results,"An Anti-CD3 Antibody, Teplizumab, in Relatives at Risk for Type 1 Diabetes | New England Journal of Medicine",https://www.nejm.org/doi/full/10.1056/NEJMoa1902226,turn144search0,CANDIDATE_ONLY_NOT_GATE_EVIDENCE,2026-10-06
PRVB|2021-07-02|teplizumab,teplizumab 2021 FDA application trial results,FDA Approves Drug for Pediatric Stage 3 Type I Diabetes | FDA,https://www.fda.gov/drugs/news-events-human-drugs/fda-approves-drug-pediatric-stage-3-type-i-diabetes,turn144search1,CANDIDATE_ONLY_NOT_GATE_EVIDENCE,2026-10-06
PRVB|2021-07-02|teplizumab,teplizumab 2021 FDA application trial results,Teplizumab - PMC,https://pmc.ncbi.nlm.nih.gov/articles/PMC10977057/,turn144search2,CANDIDATE_ONLY_NOT_GATE_EVIDENCE,2026-10-06
PRVB|2021-07-02|teplizumab,teplizumab 2021 FDA application trial results,Clinical Review,https://www.fda.gov/media/165364/download,turn144search13,CANDIDATE_ONLY_NOT_GATE_EVIDENCE,2026-10-06
PRVB|2021-07-02|teplizumab,teplizumab 2021 FDA application trial results,Clinical Review,https://www.accessdata.fda.gov/drugsatfda_docs/nda/2023/761183Orig1s000MedR.pdf,turn144search14,CANDIDATE_ONLY_NOT_GATE_EVIDENCE,2026-10-06
PRVB|2021-07-02|teplizumab,teplizumab 2021 FDA application trial results,Proof - form10-q.htm,https://www.sec.gov/Archives/edgar/data/1695357/000149315219011694/form10-q.htm,turn144search3,CANDIDATE_ONLY_NOT_GATE_EVIDENCE,2026-10-06
PRVB|2021-07-02|teplizumab,teplizumab 2021 FDA application trial results,FDA Approves New Indication for Tzield (teplizumab) for Certain Pediatric Patients with Recently Diagnosed Stage 3 Type 1 Diabetes | FDA,https://www.fda.gov/news-events/press-announcements/fda-approves-new-indication-tzield-teplizumab-certain-pediatric-patients-recently-diagnosed-stage-3,turn144search4,CANDIDATE_ONLY_NOT_GATE_EVIDENCE,2026-10-06
PRVB|2021-07-02|teplizumab,teplizumab 2021 FDA application trial results,,https://www.sec.gov/Archives/edgar/data/1695357/000149315220003770/form10-k.htm,turn144search5,CANDIDATE_ONLY_NOT_GATE_EVIDENCE,2026-10-06
PRVB|2021-07-02|teplizumab,teplizumab 2021 FDA application trial results,"An Anti-CD3 Antibody, Teplizumab, in Relatives at Risk for Type 1 Diabetes - PubMed",https://pubmed.ncbi.nlm.nih.gov/31180194/,turn144search6,CANDIDATE_ONLY_NOT_GATE_EVIDENCE,2026-10-06
PRVB|2021-07-02|teplizumab,teplizumab 2021 FDA application trial results,Teplizumab and β-Cell Function in Newly Diagnosed Type 1 Diabetes | New England Journal of Medicine,https://www.nejm.org/doi/full/10.1056/NEJMoa2308743,turn144search7,CANDIDATE_ONLY_NOT_GATE_EVIDENCE,2026-10-06
PRVB|2021-07-02|teplizumab,teplizumab 2021 FDA application trial results,,https://www.sec.gov/Archives/edgar/data/1695357/000149315221004781/form10-k.htm,turn144search8,CANDIDATE_ONLY_NOT_GATE_EVIDENCE,2026-10-06
PRVB|2021-07-02|teplizumab,teplizumab 2021 FDA application trial results,,https://www.sec.gov/Archives/edgar/data/1695357/000149315221029459/ex99-1.htm,turn144search9,CANDIDATE_ONLY_NOT_GATE_EVIDENCE,2026-10-06
PRVB|2021-07-02|teplizumab,teplizumab 2021 FDA application trial results,"An Anti-CD3 Antibody, Teplizumab, in Relatives at Risk for Type 1 Diabetes - PubMed",https://pubmed.ncbi.nlm.nih.gov/31180194/?dopt=Abstract,turn144search10,CANDIDATE_ONLY_NOT_GATE_EVIDENCE,2026-10-06
PRVB|2021-07-02|teplizumab,teplizumab 2021 FDA application trial results,Drug Trials Snapshots: TZIELD | FDA,https://www.fda.gov/drugs/drug-trials-snapshots/drug-trials-snapshots-tzield,turn144search11,CANDIDATE_ONLY_NOT_GATE_EVIDENCE,2026-10-06
ALBO|2021-07-20|odevixibat,odevixibat 2021 FDA application trial results,Novel Drug Approvals for 2021 | FDA,https://www.fda.gov/drugs/novel-drug-approvals-fda/novel-drug-approvals-2021,turn140search0,CANDIDATE_ONLY_NOT_GATE_EVIDENCE,2026-10-06
ALBO|2021-07-20|odevixibat,odevixibat 2021 FDA application trial results,,https://www.sec.gov/Archives/edgar/data/1322505/000110465920124704/tm2035841d1_ex99-1.htm,turn140search1,CANDIDATE_ONLY_NOT_GATE_EVIDENCE,2026-10-06
ALBO|2021-07-20|odevixibat,odevixibat 2021 FDA application trial results,,https://www.sec.gov/Archives/edgar/data/1322505/000155837021001730/albo-20201231x10k.htm,turn140search2,CANDIDATE_ONLY_NOT_GATE_EVIDENCE,2026-10-06
ALBO|2021-07-20|odevixibat,odevixibat 2021 FDA application trial results,Odevixibat (Bylvay): Developing Novel Clinical Outcome Assessment Instruments for Use in the Demonstration of Substantial Evidence of Effectiveness for a Rare Disease,https://www.fda.gov/media/186133/download?attachment=,turn140search12,CANDIDATE_ONLY_NOT_GATE_EVIDENCE,2026-10-06
ALBO|2021-07-20|odevixibat,odevixibat 2021 FDA application trial results,Food and Drug Administration Approval Summary: Odevixibat (Bylvay) for the Treatment of Pruritus With Progressive Familial Intrahepatic Cholestasis - PMC,https://pmc.ncbi.nlm.nih.gov/articles/PMC12126724/,turn140search3,CANDIDATE_ONLY_NOT_GATE_EVIDENCE,2026-10-06
ALBO|2021-07-20|odevixibat,odevixibat 2021 FDA application trial results,"Odevixibat treatment in progressive familial intrahepatic cholestasis: a randomised, placebo-controlled, phase 3 trial.",https://pubmed.ncbi.nlm.nih.gov/35780807/,turn140search4,CANDIDATE_ONLY_NOT_GATE_EVIDENCE,2026-10-06
ALBO|2021-07-20|odevixibat,odevixibat 2021 FDA application trial results,Review,https://www.accessdata.fda.gov/drugsatfda_docs/nda/2021/215498Orig1s000IntegratedR.pdf,turn140search13,CANDIDATE_ONLY_NOT_GATE_EVIDENCE,2026-10-06
ALBO|2021-07-20|odevixibat,odevixibat 2021 FDA application trial results,Food and Drug Administration Approval Summary: Odevixibat (Bylvay) for the Treatment of Pruritus With Progressive Familial Intrahepatic Cholestasis - PubMed,https://pubmed.ncbi.nlm.nih.gov/40454003/,turn140search5,CANDIDATE_ONLY_NOT_GATE_EVIDENCE,2026-10-06
ALBO|2021-07-20|odevixibat,odevixibat 2021 FDA application trial results,,https://www.sec.gov/Archives/edgar/data/1322505/000110465920102795/tm2030337d3_ex99-1.htm,turn140search6,CANDIDATE_ONLY_NOT_GATE_EVIDENCE,2026-10-06
ALBO|2021-07-20|odevixibat,odevixibat 2021 FDA application trial results,"Efficacy and safety of odevixibat in patients with Alagille syndrome (ASSERT): a phase 3, double-blind, randomised, placebo-controlled trial.",https://pubmed.ncbi.nlm.nih.gov/38670135/,turn140search7,CANDIDATE_ONLY_NOT_GATE_EVIDENCE,2026-10-06
ALBO|2021-07-20|odevixibat,odevixibat 2021 FDA application trial results,,https://www.sec.gov/Archives/edgar/data/1322505/000110465920103103/tm2030337d4_ex99-2.htm,turn140search8,CANDIDATE_ONLY_NOT_GATE_EVIDENCE,2026-10-06
ALBO|2021-07-20|odevixibat,odevixibat 2021 FDA application trial results,,https://www.sec.gov/Archives/edgar/data/1322505/000110465921027887/tm217916d1_ex99-1.htm,turn140search11,CANDIDATE_ONLY_NOT_GATE_EVIDENCE,2026-10-06
ALBO|2021-07-20|odevixibat,odevixibat 2021 FDA application trial results,Odevixibat (Bylvay): Developing Novel Clinical Outcome Assessment Instruments for Use in the Demonstration of Substantial Evidence of Effectiveness for a Rare Disease,https://www.fda.gov/media/186133/download,turn140search14,CANDIDATE_ONLY_NOT_GATE_EVIDENCE,2026-10-06
ARDX|2021-07-29|tenapanor,tenapanor 2021 FDA application trial results,A Randomized Trial of Tenapanor and Phosphate Binders as a Dual-Mechanism Treatment for Hyperphosphatemia in Patients on Maintenance Dialysis (AMPLIFY) - PubMed,https://pubmed.ncbi.nlm.nih.gov/33766811/,turn147search0,CANDIDATE_ONLY_NOT_GATE_EVIDENCE,2026-10-06
ARDX|2021-07-29|tenapanor,tenapanor 2021 FDA application trial results,Safety and Efficacy of Tenapanor for Long-term Serum Phosphate Control in Maintenance Dialysis: A 52-Week Randomized Phase 3 Trial (PHREEDOM) - PubMed,https://pubmed.ncbi.nlm.nih.gov/35372979/,turn147search1,CANDIDATE_ONLY_NOT_GATE_EVIDENCE,2026-10-06
ARDX|2021-07-29|tenapanor,tenapanor 2021 FDA application trial results,A Randomized Trial of Tenapanor and Phosphate Binders as a Dual-Mechanism Treatment for Hyperphosphatemia in Patients on Maintenance Dialysis (AMPLIFY) - PMC,https://pmc.ncbi.nlm.nih.gov/articles/PMC8259655/,turn147search2,CANDIDATE_ONLY_NOT_GATE_EVIDENCE,2026-10-06
ARDX|2021-07-29|tenapanor,tenapanor 2021 FDA application trial results,Efficacy and Safety of Tenapanor in Patients with Hyperphosphatemia Receiving Maintenance Hemodialysis: A Randomized Phase 3 Trial - PubMed,https://pubmed.ncbi.nlm.nih.gov/30846557/,turn147search3,CANDIDATE_ONLY_NOT_GATE_EVIDENCE,2026-10-06
ARDX|2021-07-29|tenapanor,tenapanor 2021 FDA application trial results,ardx-20210930,https://www.sec.gov/Archives/edgar/data/1437402/000162828021022978/ardx-20210930.htm,turn147search4,CANDIDATE_ONLY_NOT_GATE_EVIDENCE,2026-10-06
ARDX|2021-07-29|tenapanor,tenapanor 2021 FDA application trial results,FDA CRDAC                        November 16  2,https://www.fda.gov/media/165302/download,turn147search13,CANDIDATE_ONLY_NOT_GATE_EVIDENCE,2026-10-06
ARDX|2021-07-29|tenapanor,tenapanor 2021 FDA application trial results,Dose-Response of Tenapanor in Patients With Hyperphosphatemia Undergoing Hemodialysis in Japan—A Phase 2 Randomized Trial - ScienceDirect,https://www.sciencedirect.com/science/article/pii/S246802492101514X,turn147search5,CANDIDATE_ONLY_NOT_GATE_EVIDENCE,2026-10-06
ARDX|2021-07-29|tenapanor,tenapanor 2021 FDA application trial results,Efficacy and Safety of Tenapanor in Patients with Hyperphosphatemia Receiving Maintenance Hemodialysis: A Randomized Phase 3 Trial - PMC,https://pmc.ncbi.nlm.nih.gov/articles/PMC6442342/,turn147search6,CANDIDATE_ONLY_NOT_GATE_EVIDENCE,2026-10-06
ARDX|2021-07-29|tenapanor,tenapanor 2021 FDA application trial results,Therapeutic Effects of Add-On Tenapanor for Hemodialysis Patients with Refractory Hyperphosphatemia.,https://pubmed.ncbi.nlm.nih.gov/34098559/,turn147search7,CANDIDATE_ONLY_NOT_GATE_EVIDENCE,2026-10-06
ARDX|2021-07-29|tenapanor,tenapanor 2021 FDA application trial results,Safety and Efficacy of Tenapanor for Long-term Serum Phosphate Control in Maintenance Dialysis: A 52-Week Randomized Phase 3 Trial (PHREEDOM) - PMC,https://pmc.ncbi.nlm.nih.gov/articles/PMC8785778/,turn147search8,CANDIDATE_ONLY_NOT_GATE_EVIDENCE,2026-10-06
ARDX|2021-07-29|tenapanor,tenapanor 2021 FDA application trial results,ardx-20210331,https://www.sec.gov/Archives/edgar/data/1437402/000162828021009180/ardx-20210331.htm,turn147search9,CANDIDATE_ONLY_NOT_GATE_EVIDENCE,2026-10-06
ARDX|2021-07-29|tenapanor,tenapanor 2021 FDA application trial results,Dose-Response of Tenapanor in Patients With Hyperphosphatemia Undergoing Hemodialysis in Japan-A Phase 2 Randomized Trial - PubMed,https://pubmed.ncbi.nlm.nih.gov/35155857/,turn147search10,CANDIDATE_ONLY_NOT_GATE_EVIDENCE,2026-10-06
ARDX|2021-07-29|tenapanor,tenapanor 2021 FDA application trial results,Tenapanor Hydrochloride Oral Tablet,https://www.accessdata.fda.gov/drugsatfda_docs/psg/PSG_211801.pdf,turn147search14,CANDIDATE_ONLY_NOT_GATE_EVIDENCE,2026-10-06
ARDX|2021-07-29|tenapanor,tenapanor 2021 FDA application trial results,Tenapanor’s Efficacy and Safety,https://www.fda.gov/media/163252/download,turn147search15,CANDIDATE_ONLY_NOT_GATE_EVIDENCE,2026-10-06
ARDX|2021-07-29|tenapanor,tenapanor 2021 FDA application trial results,Review,https://www.accessdata.fda.gov/drugsatfda_docs/nda/2024/213931Orig1s000MultidisciplineR.pdf,turn147search16,CANDIDATE_ONLY_NOT_GATE_EVIDENCE,2026-10-06
SPPI|2021-08-06|eflapegrastim,eflapegrastim 2021 FDA application trial results,"Eflapegrastim, a Long‐Acting Granulocyte‐Colony Stimulating Factor for the Management of Chemotherapy‐Induced Neutropenia: Results of a Phase III Trial - PMC",https://pmc.ncbi.nlm.nih.gov/articles/PMC7418343/,turn145search0,CANDIDATE_ONLY_NOT_GATE_EVIDENCE,2026-10-06
SPPI|2021-08-06|eflapegrastim,eflapegrastim 2021 FDA application trial results,"Eflapegrastim, a Long-Acting Granulocyte-Colony Stimulating Factor for the Management of Chemotherapy-Induced Neutropenia: Results of a Phase III Trial - PubMed",https://pubmed.ncbi.nlm.nih.gov/32476162/,turn145search1,CANDIDATE_ONLY_NOT_GATE_EVIDENCE,2026-10-06
SPPI|2021-08-06|eflapegrastim,eflapegrastim 2021 FDA application trial results,"Eflapegrastim, a Long‐Acting Granulocyte‐Colony Stimulating Factor for the Management of Chemotherapy‐Induced Neutropenia: Results of a Phase III Trial | The Oncologist | Oxford Academic",https://academic.oup.com/oncolo/article/25/8/e1233/6443672,turn145search2,CANDIDATE_ONLY_NOT_GATE_EVIDENCE,2026-10-06
SPPI|2021-08-06|eflapegrastim,eflapegrastim 2021 FDA application trial results,Review,https://www.accessdata.fda.gov/drugsatfda_docs/nda/2022/761148Orig1s000CrossR.pdf,turn145search12,CANDIDATE_ONLY_NOT_GATE_EVIDENCE,2026-10-06
SPPI|2021-08-06|eflapegrastim,eflapegrastim 2021 FDA application trial results,sppi-20211231,https://www.sec.gov/Archives/edgar/data/831547/000083154722000014/sppi-20211231.htm,turn145search3,CANDIDATE_ONLY_NOT_GATE_EVIDENCE,2026-10-06
SPPI|2021-08-06|eflapegrastim,eflapegrastim 2021 FDA application trial results,A comparison of eflapegrastim to pegfilgrastim in the management of chemotherapy‐induced neutropenia in patients with early‐stage breast cancer undergoing cytotoxic chemotherapy (RECOVER): A Phase 3 study - PMC,https://pmc.ncbi.nlm.nih.gov/articles/PMC7476820/,turn145search4,CANDIDATE_ONLY_NOT_GATE_EVIDENCE,2026-10-06
SPPI|2021-08-06|eflapegrastim,eflapegrastim 2021 FDA application trial results,sppi-20220630,https://www.sec.gov/Archives/edgar/data/831547/000083154722000056/sppi-20220630.htm,turn145search5,CANDIDATE_ONLY_NOT_GATE_EVIDENCE,2026-10-06
SPPI|2021-08-06|eflapegrastim,eflapegrastim 2021 FDA application trial results,A comparison of eflapegrastim to pegfilgrastim in the management of chemotherapy-induced neutropenia in patients with early-stage breast cancer undergoing cytotoxic chemotherapy (RECOVER): A Phase 3 study - PubMed,https://pubmed.ncbi.nlm.nih.gov/32687266/,turn145search6,CANDIDATE_ONLY_NOT_GATE_EVIDENCE,2026-10-06
SPPI|2021-08-06|eflapegrastim,eflapegrastim 2021 FDA application trial results,Drug Trials Snapshots: ROLVEDON | FDA,https://www.fda.gov/drugs/drug-approvals-and-databases/drug-trials-snapshots-rolvedon,turn145search7,CANDIDATE_ONLY_NOT_GATE_EVIDENCE,2026-10-06
SPPI|2021-08-06|eflapegrastim,eflapegrastim 2021 FDA application trial results,Review,https://www.accessdata.fda.gov/drugsatfda_docs/nda/2022/761148Orig1s000MedR.pdf,turn145search13,CANDIDATE_ONLY_NOT_GATE_EVIDENCE,2026-10-06
SPPI|2021-08-06|eflapegrastim,eflapegrastim 2021 FDA application trial results,Document,https://www.sec.gov/Archives/edgar/data/831547/000083154721000071/exhibit99120210631.htm,turn145search9,CANDIDATE_ONLY_NOT_GATE_EVIDENCE,2026-10-06
SPPI|2021-08-06|eflapegrastim,eflapegrastim 2021 FDA application trial results,Document,https://www.sec.gov/Archives/edgar/data/831547/000083154722000012/exhibit991q42021.htm,turn145search10,CANDIDATE_ONLY_NOT_GATE_EVIDENCE,2026-10-06
SPPI|2021-08-06|eflapegrastim,eflapegrastim 2021 FDA application trial results,Drug Trials Snapshots: ROLVEDON | FDA,https://www.fda.gov/drugs/drug-trials-snapshots/drug-trials-snapshots-rolvedon,turn145search11,CANDIDATE_ONLY_NOT_GATE_EVIDENCE,2026-10-06
SESN|2021-08-18|vicineum,vicineum 2021 FDA application trial results,sesn-20211231,https://www.sec.gov/Archives/edgar/data/1485003/000148500322000033/sesn-20211231.htm,turn146search0,CANDIDATE_ONLY_NOT_GATE_EVIDENCE,2026-10-06
SESN|2021-08-18|vicineum,vicineum 2021 FDA application trial results,sesn-20210930,https://www.sec.gov/Archives/edgar/data/1485003/000148500321000221/sesn-20210930.htm,turn146search1,CANDIDATE_ONLY_NOT_GATE_EVIDENCE,2026-10-06
SESN|2021-08-18|vicineum,vicineum 2021 FDA application trial results,sesn-20201231,https://www.sec.gov/Archives/edgar/data/1485003/000148500321000044/sesn-20201231.htm,turn146search2,CANDIDATE_ONLY_NOT_GATE_EVIDENCE,2026-10-06
SESN|2021-08-18|vicineum,vicineum 2021 FDA application trial results,ex992-sesenbiomay2021bus,https://www.sec.gov/Archives/edgar/data/1485003/000148500321000104/ex992-sesenbiomay2021bus.htm,turn146search3,CANDIDATE_ONLY_NOT_GATE_EVIDENCE,2026-10-06
SESN|2021-08-18|vicineum,vicineum 2021 FDA application trial results,ex991updateddeck-flat,https://www.sec.gov/Archives/edgar/data/1485003/000148500320000103/ex991updateddeck-flat.htm,turn146search4,CANDIDATE_ONLY_NOT_GATE_EVIDENCE,2026-10-06
SESN|2021-08-18|vicineum,vicineum 2021 FDA application trial results,a4q2021earningspressrele,https://www.sec.gov/Archives/edgar/data/1485003/000148500322000031/a4q2021earningspressrele.htm,turn146search5,CANDIDATE_ONLY_NOT_GATE_EVIDENCE,2026-10-06
SESN|2021-08-18|vicineum,vicineum 2021 FDA application trial results,ex991sesenbiodecember202,https://www.sec.gov/Archives/edgar/data/1485003/000148500320000146/ex991sesenbiodecember202.htm,turn146search6,CANDIDATE_ONLY_NOT_GATE_EVIDENCE,2026-10-06
SESN|2021-08-18|vicineum,vicineum 2021 FDA application trial results,"tumor. Our most advanced locally administered TFPT product candidate was Vicineum, in development for the treatment of non-muscle invasive carcinoma in situ (“CIS”) of the bladder in patients previously treated with adequate or less than adequate bacillus Calmette-Guérin (“BCG”). For systemic admini",https://www.sec.gov/Archives/edgar/data/1485003/000110465923052074/tm2313579d2_ars.pdf,turn146search12,CANDIDATE_ONLY_NOT_GATE_EVIDENCE,2026-10-06
SESN|2021-08-18|vicineum,vicineum 2021 FDA application trial results,ex991sesenbiohcwconferen,https://www.sec.gov/Archives/edgar/data/1485003/000148500320000093/ex991sesenbiohcwconferen.htm,turn146search9,CANDIDATE_ONLY_NOT_GATE_EVIDENCE,2026-10-06
CARA|2021-08-23|difelikefalin,difelikefalin 2021 FDA application trial results,A Phase 3 Trial of Difelikefalin in Hemodialysis Patients with Pruritus | New England Journal of Medicine,https://www.nejm.org/doi/full/10.1056/NEJMoa1912770,turn154search0,CANDIDATE_ONLY_NOT_GATE_EVIDENCE,2026-10-06
CARA|2021-08-23|difelikefalin,difelikefalin 2021 FDA application trial results,Phase 2 Trial of Difelikefalin in Notalgia Paresthetica | New England Journal of Medicine,https://www.nejm.org/doi/full/10.1056/NEJMoa2210699,turn154search1,CANDIDATE_ONLY_NOT_GATE_EVIDENCE,2026-10-06
CARA|2021-08-23|difelikefalin,difelikefalin 2021 FDA application trial results,A Phase 3 Trial of Difelikefalin in Hemodialysis Patients with Pruritus - PubMed,https://pubmed.ncbi.nlm.nih.gov/31702883/,turn154search2,CANDIDATE_ONLY_NOT_GATE_EVIDENCE,2026-10-06
CARA|2021-08-23|difelikefalin,difelikefalin 2021 FDA application trial results,Novel Drug Approvals for 2021 | FDA,https://www.fda.gov/drugs/novel-drug-approvals-fda/novel-drug-approvals-2021,turn154search3,CANDIDATE_ONLY_NOT_GATE_EVIDENCE,2026-10-06
CARA|2021-08-23|difelikefalin,difelikefalin 2021 FDA application trial results,Review,https://www.accessdata.fda.gov/drugsatfda_docs/nda/2021/214916Orig1s000MultidisciplineR.pdf,turn154search12,CANDIDATE_ONLY_NOT_GATE_EVIDENCE,2026-10-06
CARA|2021-08-23|difelikefalin,difelikefalin 2021 FDA application trial results,A Phase 3 Trial of Difelikefalin in Hemodialysis Patients with Pruritus | New England Journal of Medicine,https://www.nejm.org/doi/full/10.1056/NEJMoa1912770?query=TOC,turn154search4,CANDIDATE_ONLY_NOT_GATE_EVIDENCE,2026-10-06
CARA|2021-08-23|difelikefalin,difelikefalin 2021 FDA application trial results,Randomized Controlled Trial of Difelikefalin for Chronic Pruritus in Hemodialysis Patients - PubMed,https://pubmed.ncbi.nlm.nih.gov/32405581/,turn154search5,CANDIDATE_ONLY_NOT_GATE_EVIDENCE,2026-10-06
CARA|2021-08-23|difelikefalin,difelikefalin 2021 FDA application trial results,Randomized Controlled Trial of Difelikefalin for Chronic Pruritus in Hemodialysis Patients - ScienceDirect,https://www.sciencedirect.com/science/article/pii/S2468024920300279,turn154search6,CANDIDATE_ONLY_NOT_GATE_EVIDENCE,2026-10-06
CARA|2021-08-23|difelikefalin,difelikefalin 2021 FDA application trial results,"Effect of difelikefalin, a selective kappa opioid receptor agonist, on respiratory depression: A randomized, double-blind, placebo-controlled trial - PubMed",https://pubmed.ncbi.nlm.nih.gov/33982405/,turn154search7,CANDIDATE_ONLY_NOT_GATE_EVIDENCE,2026-10-06
CARA|2021-08-23|difelikefalin,difelikefalin 2021 FDA application trial results,Randomized Controlled Trial of Difelikefalin for Chronic Pruritus in Hemodialysis Patients - PMC,https://pmc.ncbi.nlm.nih.gov/articles/PMC7210745/,turn154search8,CANDIDATE_ONLY_NOT_GATE_EVIDENCE,2026-10-06
CARA|2021-08-23|difelikefalin,difelikefalin 2021 FDA application trial results,A Phase 3 Trial of Difelikefalin in Hemodialysis Patients with Pruritus - PubMed,https://pubmed.ncbi.nlm.nih.gov/31702883/?dopt=Abstract,turn154search9,CANDIDATE_ONLY_NOT_GATE_EVIDENCE,2026-10-06
CARA|2021-08-23|difelikefalin,difelikefalin 2021 FDA application trial results,Efficacy and Safety of Difelikefalin in Japanese Patients With Moderate to Severe Pruritus Receiving Hemodialysis: A Randomized Clinical Trial - PubMed,https://pubmed.ncbi.nlm.nih.gov/35511180/,turn154search10,CANDIDATE_ONLY_NOT_GATE_EVIDENCE,2026-10-06
CARA|2021-08-23|difelikefalin,difelikefalin 2021 FDA application trial results,,https://www.sec.gov/Archives/edgar/data/1346830/000110465921056913/tm2114554d1_ex99-2.htm,turn154search11,CANDIDATE_ONLY_NOT_GATE_EVIDENCE,2026-10-06
CARA|2021-08-23|difelikefalin,difelikefalin 2021 FDA application trial results,Review,https://www.accessdata.fda.gov/drugsatfda_docs/nda/2021/214916Orig1s000OtherR.pdf,turn154search13,CANDIDATE_ONLY_NOT_GATE_EVIDENCE,2026-10-06
CARA|2021-08-23|difelikefalin,difelikefalin 2021 FDA application trial results,UNITED STATES,https://www.sec.gov/Archives/edgar/data/1346830/000110465923047794/tm231948d3_ars.pdf,turn154search14,CANDIDATE_ONLY_NOT_GATE_EVIDENCE,2026-10-06
CARA|2021-08-23|difelikefalin,difelikefalin 2021 FDA application trial results,Review,https://www.accessdata.fda.gov/drugsatfda_docs/nda/2021/214916Orig1s000AdminCorres.pdf,turn154search16,CANDIDATE_ONLY_NOT_GATE_EVIDENCE,2026-10-06
ASND|2021-09-25|lonapegsomatropin,lonapegsomatropin 2021 FDA application trial results,Review,https://www.accessdata.fda.gov/drugsatfda_docs/nda/2021/761177Orig1s000RiskR.pdf,turn148search12,CANDIDATE_ONLY_NOT_GATE_EVIDENCE,2026-10-06
ASND|2021-09-25|lonapegsomatropin,lonapegsomatropin 2021 FDA application trial results,,https://www.sec.gov/Archives/edgar/data/1612042/000119312521076349/d123790d20f.htm,turn148search0,CANDIDATE_ONLY_NOT_GATE_EVIDENCE,2026-10-06
ASND|2021-09-25|lonapegsomatropin,lonapegsomatropin 2021 FDA application trial results,Review,https://www.accessdata.fda.gov/drugsatfda_docs/nda/2021/761177Orig1s000SumR.pdf,turn148search13,CANDIDATE_ONLY_NOT_GATE_EVIDENCE,2026-10-06
ASND|2021-09-25|lonapegsomatropin,lonapegsomatropin 2021 FDA application trial results,Weekly Lonapegsomatropin in Treatment–Naïve Children With Growth Hormone Deficiency: The Phase 3 heiGHt Trial | The Journal of Clinical Endocrinology & Metabolism | Oxford Academic,https://academic.oup.com/jcem/article/106/11/3184/6323258,turn148search1,CANDIDATE_ONLY_NOT_GATE_EVIDENCE,2026-10-06
ASND|2021-09-25|lonapegsomatropin,lonapegsomatropin 2021 FDA application trial results,Weekly Lonapegsomatropin in Treatment-Naïve Children With Growth Hormone Deficiency: The Phase 3 heiGHt Trial - PubMed,https://pubmed.ncbi.nlm.nih.gov/34272849/,turn148search2,CANDIDATE_ONLY_NOT_GATE_EVIDENCE,2026-10-06
ASND|2021-09-25|lonapegsomatropin,lonapegsomatropin 2021 FDA application trial results,Weekly Lonapegsomatropin in Treatment–Naïve Children With Growth Hormone Deficiency: The Phase 3 heiGHt Trial - PMC,https://pmc.ncbi.nlm.nih.gov/articles/PMC8530727/,turn148search3,CANDIDATE_ONLY_NOT_GATE_EVIDENCE,2026-10-06
ASND|2021-09-25|lonapegsomatropin,lonapegsomatropin 2021 FDA application trial results,EX-99.2,https://www.sec.gov/Archives/edgar/data/1612042/000119312520290930/d55667dex992.htm,turn148search8,CANDIDATE_ONLY_NOT_GATE_EVIDENCE,2026-10-06
ASND|2021-09-25|lonapegsomatropin,lonapegsomatropin 2021 FDA application trial results,Switching to Weekly Lonapegsomatropin from Daily Somatropin in Children with Growth Hormone Deficiency: The fliGHt Trial - PubMed,https://pubmed.ncbi.nlm.nih.gov/35263755/,turn148search9,CANDIDATE_ONLY_NOT_GATE_EVIDENCE,2026-10-06
ASND|2021-09-25|lonapegsomatropin,lonapegsomatropin 2021 FDA application trial results,"October 29, 2024 Meeting of the Pharmacy Compounding Advisory Committee",https://www.fda.gov/media/182087/download?attachment=,turn148search15,CANDIDATE_ONLY_NOT_GATE_EVIDENCE,2026-10-06
ASND|2021-09-25|lonapegsomatropin,lonapegsomatropin 2021 FDA application trial results,Safety and Efficacy of Lonapegsomatropin in Children With Growth Hormone Deficiency: enliGHten Trial 2-Year Results | The Journal of Clinical Endocrinology & Metabolism | Oxford Academic,https://academic.oup.com/jcem/article/107/7/e2680/6569189,turn148search10,CANDIDATE_ONLY_NOT_GATE_EVIDENCE,2026-10-06
ASND|2021-09-25|lonapegsomatropin,lonapegsomatropin 2021 FDA application trial results,EX-99.2,https://www.sec.gov/Archives/edgar/data/1612042/000119312521175492/d167568dex992.htm,turn148search11,CANDIDATE_ONLY_NOT_GATE_EVIDENCE,2026-10-06
MIRM|2021-09-29|maralixibat,maralixibat 2021 FDA application trial results,Review,https://www.accessdata.fda.gov/drugsatfda_docs/nda/2021/214662Orig1s000IntegratedR.pdf,turn150search12,CANDIDATE_ONLY_NOT_GATE_EVIDENCE,2026-10-06
MIRM|2021-09-29|maralixibat,maralixibat 2021 FDA application trial results,Efficacy and safety of maralixibat treatment in patients with Alagille syndrome and cholestatic pruritus (ICONIC): a randomised phase 2 study - ScienceDirect,https://www.sciencedirect.com/science/article/pii/S0140673621012563,turn150search0,CANDIDATE_ONLY_NOT_GATE_EVIDENCE,2026-10-06
MIRM|2021-09-29|maralixibat,maralixibat 2021 FDA application trial results,8-K,https://www.sec.gov/Archives/edgar/data/1759425/000119312522267201/d226370d8k.htm,turn150search2,CANDIDATE_ONLY_NOT_GATE_EVIDENCE,2026-10-06
MIRM|2021-09-29|maralixibat,maralixibat 2021 FDA application trial results,S-1,https://www.sec.gov/Archives/edgar/data/1759425/000119312519178671/d730455ds1.htm,turn150search3,CANDIDATE_ONLY_NOT_GATE_EVIDENCE,2026-10-06
MIRM|2021-09-29|maralixibat,maralixibat 2021 FDA application trial results,"Maralixibat for the treatment of PFIC: Long‐term, IBAT inhibition in an open‐label, Phase 2 study - PMC",https://pmc.ncbi.nlm.nih.gov/articles/PMC9426380/,turn150search4,CANDIDATE_ONLY_NOT_GATE_EVIDENCE,2026-10-06
MIRM|2021-09-29|maralixibat,maralixibat 2021 FDA application trial results,mirm-10k_20191231.htm,https://www.sec.gov/Archives/edgar/data/1759425/000156459020010471/mirm-10k_20191231.htm,turn150search5,CANDIDATE_ONLY_NOT_GATE_EVIDENCE,2026-10-06
MIRM|2021-09-29|maralixibat,maralixibat 2021 FDA application trial results,Livmarli (maralixibat) oral solution,https://www.accessdata.fda.gov/drugsatfda_docs/appletter/2021/214662Orig1s000ltr.pdf,turn150search13,CANDIDATE_ONLY_NOT_GATE_EVIDENCE,2026-10-06
MIRM|2021-09-29|maralixibat,maralixibat 2021 FDA application trial results,"Maralixibat for the treatment of PFIC: Long-term, IBAT inhibition in an open-label, Phase 2 study - PubMed",https://pubmed.ncbi.nlm.nih.gov/35507739/,turn150search6,CANDIDATE_ONLY_NOT_GATE_EVIDENCE,2026-10-06
MIRM|2021-09-29|maralixibat,maralixibat 2021 FDA application trial results,EX-99.2,https://www.sec.gov/Archives/edgar/data/1759425/000119312523004231/d380757dex992.htm,turn150search7,CANDIDATE_ONLY_NOT_GATE_EVIDENCE,2026-10-06
MIRM|2021-09-29|maralixibat,maralixibat 2021 FDA application trial results,"Maralixibat in progressive familial intrahepatic cholestasis (MARCH-PFIC): a multicentre, randomised, double-blind, placebo-controlled, phase 3 trial - PMC",https://pmc.ncbi.nlm.nih.gov/articles/PMC13409310/,turn150search9,CANDIDATE_ONLY_NOT_GATE_EVIDENCE,2026-10-06
CCXI|2021-10-07|avacopan,avacopan 2021 FDA application trial results,Avacopan for the Treatment of ANCA-Associated Vasculitis - PubMed,https://pubmed.ncbi.nlm.nih.gov/33596356/,turn149search0,CANDIDATE_ONLY_NOT_GATE_EVIDENCE,2026-10-06
CCXI|2021-10-07|avacopan,avacopan 2021 FDA application trial results,Novel Drug Approvals for 2021 | FDA,https://www.fda.gov/drugs/novel-drug-approvals-fda/novel-drug-approvals-2021,turn149search1,CANDIDATE_ONLY_NOT_GATE_EVIDENCE,2026-10-06
CCXI|2021-10-07|avacopan,avacopan 2021 FDA application trial results,"US Food and Drug Administration Approval of Drugs Not Meeting Pivotal Trial Primary End Points, 2018-2021 - PMC",https://pmc.ncbi.nlm.nih.gov/articles/PMC9926353/,turn149search3,CANDIDATE_ONLY_NOT_GATE_EVIDENCE,2026-10-06
CCXI|2021-10-07|avacopan,avacopan 2021 FDA application trial results,Avacopan for the Treatment of ANCA-Associated Vasculitis | New England Journal of Medicine,https://www.nejm.org/doi/full/10.1056/NEJMc2104672,turn149search4,CANDIDATE_ONLY_NOT_GATE_EVIDENCE,2026-10-06
CCXI|2021-10-07|avacopan,avacopan 2021 FDA application trial results,FDA AAC                                    May,https://www.fda.gov/media/151420/download,turn149search12,CANDIDATE_ONLY_NOT_GATE_EVIDENCE,2026-10-06
CCXI|2021-10-07|avacopan,avacopan 2021 FDA application trial results,The Complement System and ANCA Associated Vasculitis in the Era of Anti-Complement Drugs - PMC,https://pmc.ncbi.nlm.nih.gov/articles/PMC9260009/,turn149search5,CANDIDATE_ONLY_NOT_GATE_EVIDENCE,2026-10-06
CCXI|2021-10-07|avacopan,avacopan 2021 FDA application trial results,Review,https://www.accessdata.fda.gov/drugsatfda_docs/nda/2021/214487Orig1s000MultidisciplineR.pdf,turn149search14,CANDIDATE_ONLY_NOT_GATE_EVIDENCE,2026-10-06
CCXI|2021-10-07|avacopan,avacopan 2021 FDA application trial results,Journal Club Review of “Avacopan for the Treatment of ANCA‐Associated Vasculitis” - PMC,https://pmc.ncbi.nlm.nih.gov/articles/PMC9274376/,turn149search8,CANDIDATE_ONLY_NOT_GATE_EVIDENCE,2026-10-06
CCXI|2021-10-07|avacopan,avacopan 2021 FDA application trial results,Targeting the complement system in ANCA-associated vasculitis management - PMC,https://pmc.ncbi.nlm.nih.gov/articles/PMC12783592/,turn149search9,CANDIDATE_ONLY_NOT_GATE_EVIDENCE,2026-10-06
CCXI|2021-10-07|avacopan,avacopan 2021 FDA application trial results,EX-99.1,https://www.sec.gov/Archives/edgar/data/1340652/000119312521295134/d241111dex991.htm,turn149search10,CANDIDATE_ONLY_NOT_GATE_EVIDENCE,2026-10-06
CCXI|2021-10-07|avacopan,avacopan 2021 FDA application trial results,A Real‐World Disproportionality Analysis of Avacopan in Anti‐Neutrophil Cytoplasmic Antibodies Associated Vasculitis: Insights From FDA Adverse Event Reporting System - PMC,https://pmc.ncbi.nlm.nih.gov/articles/PMC12620843/,turn149search11,CANDIDATE_ONLY_NOT_GATE_EVIDENCE,2026-10-06
RVNC|2021-10-15|daxibotulinumtoxina,daxibotulinumtoxina 2021 FDA application trial results,EX-99.1,https://www.sec.gov/Archives/edgar/data/1479290/000119312520269018/d70190dex991.htm,turn151search0,CANDIDATE_ONLY_NOT_GATE_EVIDENCE,2026-10-06
RVNC|2021-10-15|daxibotulinumtoxina,daxibotulinumtoxina 2021 FDA application trial results,"DaxibotulinumtoxinA for Injection for the Treatment of Glabellar Lines: Results from Each of Two Multicenter, Randomized, Double-Blind, Placebo-Controlled, Phase 3 Studies (SAKURA 1 and SAKURA 2) - PMC",https://pmc.ncbi.nlm.nih.gov/articles/PMC6940025/,turn151search1,CANDIDATE_ONLY_NOT_GATE_EVIDENCE,2026-10-06
RVNC|2021-10-15|daxibotulinumtoxina,daxibotulinumtoxina 2021 FDA application trial results,Review,https://www.accessdata.fda.gov/drugsatfda_docs/nda/2022/761127Orig1s000MultidisciplineR.pdf,turn151search12,CANDIDATE_ONLY_NOT_GATE_EVIDENCE,2026-10-06
RVNC|2021-10-15|daxibotulinumtoxina,daxibotulinumtoxina 2021 FDA application trial results,rvnc-20211231,https://www.sec.gov/Archives/edgar/data/1479290/000147929022000034/rvnc-20211231.htm,turn151search2,CANDIDATE_ONLY_NOT_GATE_EVIDENCE,2026-10-06
RVNC|2021-10-15|daxibotulinumtoxina,daxibotulinumtoxina 2021 FDA application trial results,"DaxibotulinumtoxinA for Injection for the Treatment of Glabellar Lines: Results from Each of Two Multicenter, Randomized, Double-Blind, Placebo-Controlled, Phase 3 Studies (SAKURA 1 and SAKURA 2).",https://pubmed.ncbi.nlm.nih.gov/31609882/,turn151search3,CANDIDATE_ONLY_NOT_GATE_EVIDENCE,2026-10-06
RVNC|2021-10-15|daxibotulinumtoxina,daxibotulinumtoxina 2021 FDA application trial results,Drug Trials Snapshot: DAXXIFY | FDA,https://www.fda.gov/drugs/drug-approvals-and-databases/drug-trials-snapshot-daxxify,turn151search4,CANDIDATE_ONLY_NOT_GATE_EVIDENCE,2026-10-06
RVNC|2021-10-15|daxibotulinumtoxina,daxibotulinumtoxina 2021 FDA application trial results,rvnc-20210218,https://www.sec.gov/Archives/edgar/data/1479290/000147929021000051/rvnc-20210218.htm,turn151search5,CANDIDATE_ONLY_NOT_GATE_EVIDENCE,2026-10-06
RVNC|2021-10-15|daxibotulinumtoxina,daxibotulinumtoxina 2021 FDA application trial results,Document,https://www.sec.gov/Archives/edgar/data/1479290/000147929019000030/rvnc1231201810k.htm,turn151search7,CANDIDATE_ONLY_NOT_GATE_EVIDENCE,2026-10-06
RVNC|2021-10-15|daxibotulinumtoxina,daxibotulinumtoxina 2021 FDA application trial results,"DaxibotulinumtoxinA for Injection has a prolonged duration of response in the treatment of glabellar lines: Pooled data from two multicenter, randomized, double-blind, placebo-controlled, phase 3 studies (SAKURA 1 and SAKURA 2) - ScienceDirect",https://www.sciencedirect.com/science/article/pii/S0190962219324594,turn151search8,CANDIDATE_ONLY_NOT_GATE_EVIDENCE,2026-10-06
RVNC|2021-10-15|daxibotulinumtoxina,daxibotulinumtoxina 2021 FDA application trial results,Document,https://www.sec.gov/Archives/edgar/data/1479290/000147929021000051/rvncq420er8-k_exhibit993.htm,turn151search9,CANDIDATE_ONLY_NOT_GATE_EVIDENCE,2026-10-06
RVNC|2021-10-15|daxibotulinumtoxina,daxibotulinumtoxina 2021 FDA application trial results,Document,https://www.sec.gov/Archives/edgar/data/1479290/000147929021000051/rvncq420er8-k_exhibit991.htm,turn151search11,CANDIDATE_ONLY_NOT_GATE_EVIDENCE,2026-10-06
RVNC|2021-10-15|daxibotulinumtoxina,daxibotulinumtoxina 2021 FDA application trial results,Revance Announces U.S. FDA Acceptance of Supplemental Biologics License Application (sBLA) for DAXXIFY® (DaxibotulinumtoxinA-lanm) for Injection for the Treatment of Cervical Dystonia,https://revance2023ir.q4web.com/files/doc_news/2023/01/News-Release-01-06-2023-1690222917238968.pdf,turn151search17,CANDIDATE_ONLY_NOT_GATE_EVIDENCE,2026-10-06
UTHR|2021-10-16|tyvaso-dpi,tyvaso-dpi 2021 FDA application trial results,,https://www.sec.gov/Archives/edgar/data/1082554/000110465921051567/tm2113354d1_99-1.htm,turn155search0,CANDIDATE_ONLY_NOT_GATE_EVIDENCE,2026-10-06
UTHR|2021-10-16|tyvaso-dpi,tyvaso-dpi 2021 FDA application trial results,Document,https://www.sec.gov/Archives/edgar/data/1082554/000108255421000032/uthrq32021-ex991.htm,turn155search1,CANDIDATE_ONLY_NOT_GATE_EVIDENCE,2026-10-06
UTHR|2021-10-16|tyvaso-dpi,tyvaso-dpi 2021 FDA application trial results,Tyvaso DPI (treprostinil) Approval Letter,https://www.accessdata.fda.gov/drugsatfda_docs/appletter/2022/214324Orig1s000ltr.pdf,turn155search12,CANDIDATE_ONLY_NOT_GATE_EVIDENCE,2026-10-06
UTHR|2021-10-16|tyvaso-dpi,tyvaso-dpi 2021 FDA application trial results,,https://www.sec.gov/Archives/edgar/data/1082554/000110465921081694/tm2119854d1_ex99-1.htm,turn155search3,CANDIDATE_ONLY_NOT_GATE_EVIDENCE,2026-10-06
UTHR|2021-10-16|tyvaso-dpi,tyvaso-dpi 2021 FDA application trial results,United Therapeutics Announces FDA Acceptance of Tyvaso DPI™ New Drug Application For Priority Review – United Therapeutics Investor Relations,https://ir.unither.com/press-releases/2021/06-16-2021-145947051,turn155search4,CANDIDATE_ONLY_NOT_GATE_EVIDENCE,2026-10-06
UTHR|2021-10-16|tyvaso-dpi,tyvaso-dpi 2021 FDA application trial results,2021-04-xx DPI submission PR FINAL formatted,https://ir.unither.com/~/media/Files/U/United-Therapeutics-IR/documents/press-releases/2021/2021-04-19-DPI-submission-PR-FINAL-formatted.pdf,turn155search14,CANDIDATE_ONLY_NOT_GATE_EVIDENCE,2026-10-06
UTHR|2021-10-16|tyvaso-dpi,tyvaso-dpi 2021 FDA application trial results,Review,https://www.accessdata.fda.gov/drugsatfda_docs/nda/2022/214324Orig1s000lbl.pdf,turn155search15,CANDIDATE_ONLY_NOT_GATE_EVIDENCE,2026-10-06
UTHR|2021-10-16|tyvaso-dpi,tyvaso-dpi 2021 FDA application trial results,,https://www.sec.gov/Archives/edgar/data/1082554/000110465921008348/tm214459d1_ex99-1.htm,turn155search5,CANDIDATE_ONLY_NOT_GATE_EVIDENCE,2026-10-06
UTHR|2021-10-16|tyvaso-dpi,tyvaso-dpi 2021 FDA application trial results,Review,https://www.accessdata.fda.gov/drugsatfda_docs/nda/2022/214324Orig1s000OtherR.pdf,turn155search16,CANDIDATE_ONLY_NOT_GATE_EVIDENCE,2026-10-06
UTHR|2021-10-16|tyvaso-dpi,tyvaso-dpi 2021 FDA application trial results,Document,https://www.sec.gov/Archives/edgar/data/1082554/000108255422000006/exhibit991uthr12312021.htm,turn155search6,CANDIDATE_ONLY_NOT_GATE_EVIDENCE,2026-10-06
UTHR|2021-10-16|tyvaso-dpi,tyvaso-dpi 2021 FDA application trial results,United Therapeutics Announces FDA Approval of Tyvaso DPI™ – United Therapeutics Investor Relations,https://ir.unither.com/press-releases/2022/05-24-2022,turn155search7,CANDIDATE_ONLY_NOT_GATE_EVIDENCE,2026-10-06
UTHR|2021-10-16|tyvaso-dpi,tyvaso-dpi 2021 FDA application trial results,United Therapeutics Announces BREEZE Study of Investigational Tyvaso DPI™ Meets Primary Objective – United Therapeutics Investor Relations,https://ir.unither.com/press-releases/2021/01-28-2021-145947593,turn155search8,CANDIDATE_ONLY_NOT_GATE_EVIDENCE,2026-10-06
UTHR|2021-10-16|tyvaso-dpi,tyvaso-dpi 2021 FDA application trial results,Mannkind and United Therapeutics Reach a Milestone in the Development of Tyvaso DPI™ With New Drug Application Submitted to the FDA | MannKind Corporation,https://investors.mannkindcorp.com/news-releases/news-release-details/mannkind-and-united-therapeutics-reach-milestone-development,turn155search10,CANDIDATE_ONLY_NOT_GATE_EVIDENCE,2026-10-06
UTHR|2021-10-16|tyvaso-dpi,tyvaso-dpi 2021 FDA application trial results,United Therapeutics Announces Submission of Tyvaso DPI™ New Drug Application to FDA – United Therapeutics Investor Relations,https://ir.unither.com/press-releases/2021/04-19-2021,turn155search11,CANDIDATE_ONLY_NOT_GATE_EVIDENCE,2026-10-06
IMCR|2022-01-26|tebentafusp,tebentafusp 2022 FDA application trial results,Review,https://www.accessdata.fda.gov/drugsatfda_docs/nda/2022/761228Orig1s000MultidisciplineR.pdf,turn153search12,CANDIDATE_ONLY_NOT_GATE_EVIDENCE,2026-10-06
IMCR|2022-01-26|tebentafusp,tebentafusp 2022 FDA application trial results,Drug Trials Snapshots: KIMMTRAK | FDA,https://www.fda.gov/drugs/drug-trials-snapshots/drug-trials-snapshots-kimmtrak,turn153search0,CANDIDATE_ONLY_NOT_GATE_EVIDENCE,2026-10-06
IMCR|2022-01-26|tebentafusp,tebentafusp 2022 FDA application trial results,New Drug Therapy Approvals 2022 | FDA,https://www.fda.gov/drugs/novel-drug-approvals-fda/new-drug-therapy-approvals-2022,turn153search3,CANDIDATE_ONLY_NOT_GATE_EVIDENCE,2026-10-06
IMCR|2022-01-26|tebentafusp,tebentafusp 2022 FDA application trial results,"Phase I Study of Safety, Tolerability, and Efficacy of Tebentafusp Using a Step-Up Dosing Regimen and Expansion in Patients With Metastatic Uveal Melanoma - PMC",https://pmc.ncbi.nlm.nih.gov/articles/PMC9177239/,turn153search4,CANDIDATE_ONLY_NOT_GATE_EVIDENCE,2026-10-06
IMCR|2022-01-26|tebentafusp,tebentafusp 2022 FDA application trial results,Updated overall survival (OS) data from the phase 1b study of tebentafusp (tebe) as monotherapy or combination therapy with durvalumab (durva) and/or tremelimumab (treme) in metastatic cutaneous melanoma (mCM). | Journal of Clinical Oncology,https://ascopubs.org/doi/10.1200/JCO.2022.40.16_suppl.104,turn153search5,CANDIDATE_ONLY_NOT_GATE_EVIDENCE,2026-10-06
IMCR|2022-01-26|tebentafusp,tebentafusp 2022 FDA application trial results,Tebentafusp-tebn: A Novel Bispecific T-Cell Engager for Metastatic Uveal Melanoma - PMC,https://pmc.ncbi.nlm.nih.gov/articles/PMC9514125/,turn153search6,CANDIDATE_ONLY_NOT_GATE_EVIDENCE,2026-10-06
IMCR|2022-01-26|tebentafusp,tebentafusp 2022 FDA application trial results,Tebentafusp in the Treatment of Metastatic Uveal Melanoma: Patient Selection and Special Considerations - PMC,https://pmc.ncbi.nlm.nih.gov/articles/PMC9921510/,turn153search7,CANDIDATE_ONLY_NOT_GATE_EVIDENCE,2026-10-06
IMCR|2022-01-26|tebentafusp,tebentafusp 2022 FDA application trial results,A TCR/anti-CD3 bispecific fusion protein targeting gp100 potently activated anti-tumor immune responses in metastatic melanoma - PMC,https://pmc.ncbi.nlm.nih.gov/articles/PMC9210997/,turn153search8,CANDIDATE_ONLY_NOT_GATE_EVIDENCE,2026-10-06
IMCR|2022-01-26|tebentafusp,tebentafusp 2022 FDA application trial results,"Tebentafusp, A TCR/Anti-CD3 Bispecific Fusion Protein Targeting gp100, Potently Activated Antitumor Immune Responses in Patients with Metastatic Melanoma.",https://pubmed.ncbi.nlm.nih.gov/32816891/,turn153search9,CANDIDATE_ONLY_NOT_GATE_EVIDENCE,2026-10-06
IMCR|2022-01-26|tebentafusp,tebentafusp 2022 FDA application trial results,"Phase I Study of Safety, Tolerability, and Efficacy of Tebentafusp Using a Step-Up Dosing Regimen and Expansion in Patients With Metastatic Uveal Melanoma - PubMed",https://pubmed.ncbi.nlm.nih.gov/35254876/,turn153search10,CANDIDATE_ONLY_NOT_GATE_EVIDENCE,2026-10-06
IMCR|2022-01-26|tebentafusp,tebentafusp 2022 FDA application trial results,RDD 2022 Meeting Transcript,https://www.fda.gov/media/157478/download?attachment=,turn153search13,CANDIDATE_ONLY_NOT_GATE_EVIDENCE,2026-10-06
IMCR|2022-01-26|tebentafusp,tebentafusp 2022 FDA application trial results,Review,https://www.accessdata.fda.gov/drugsatfda_docs/nda/2022/761228Orig1s000ChemR.pdf,turn153search14,CANDIDATE_ONLY_NOT_GATE_EVIDENCE,2026-10-06
OPK|2022-01-31|somatrogon,somatrogon 2022 FDA application trial results,Review,https://www.accessdata.fda.gov/drugsatfda_docs/nda/2023/761184Orig1s000MultidisciplineR.pdf,turn156search12,CANDIDATE_ONLY_NOT_GATE_EVIDENCE,2026-10-06
OPK|2022-01-31|somatrogon,somatrogon 2022 FDA application trial results,Drug Trials Snapshots: NGENLA | FDA,https://www.fda.gov/drugs/drug-trials-snapshots/drug-trials-snapshots-ngenla,turn156search0,CANDIDATE_ONLY_NOT_GATE_EVIDENCE,2026-10-06
OPK|2022-01-31|somatrogon,somatrogon 2022 FDA application trial results,Efficacy and Safety of Weekly Somatrogon vs Daily Somatropin in Children With Growth Hormone Deficiency: A Phase 3 Study | The Journal of Clinical Endocrinology & Metabolism | Oxford Academic,https://academic.oup.com/jcem/article/107/7/e2717/6566444,turn156search2,CANDIDATE_ONLY_NOT_GATE_EVIDENCE,2026-10-06
OPK|2022-01-31|somatrogon,somatrogon 2022 FDA application trial results,Efficacy and Safety of Weekly Somatrogon vs Daily Somatropin in Children With Growth Hormone Deficiency: A Phase 3 Study - PubMed,https://pubmed.ncbi.nlm.nih.gov/35405011/,turn156search3,CANDIDATE_ONLY_NOT_GATE_EVIDENCE,2026-10-06
OPK|2022-01-31|somatrogon,somatrogon 2022 FDA application trial results,Efficacy and Safety of Weekly Somatrogon vs Daily Somatropin in Children With Growth Hormone Deficiency: A Phase 3 Study - PubMed,https://pubmed.ncbi.nlm.nih.gov/35405011,turn156search4,CANDIDATE_ONLY_NOT_GATE_EVIDENCE,2026-10-06
OPK|2022-01-31|somatrogon,somatrogon 2022 FDA application trial results,opk-20221231,https://www.sec.gov/Archives/edgar/data/944809/000094480923000013/opk-20221231.htm,turn156search6,CANDIDATE_ONLY_NOT_GATE_EVIDENCE,2026-10-06
OPK|2022-01-31|somatrogon,somatrogon 2022 FDA application trial results,Efficacy and Safety of Once-Weekly Somatrogon Compared with Once-Daily Somatropin (Genotropin®) in Japanese Children with Pediatric Growth Hormone Deficiency: Results from a Randomized Phase 3 Study - PMC,https://pmc.ncbi.nlm.nih.gov/articles/PMC9533447/,turn156search7,CANDIDATE_ONLY_NOT_GATE_EVIDENCE,2026-10-06
OPK|2022-01-31|somatrogon,somatrogon 2022 FDA application trial results,Efficacy and Safety of Weekly Somatrogon vs Daily Somatropin in Children With Growth Hormone Deficiency: A Phase 3 Study - PMC,https://pmc.ncbi.nlm.nih.gov/articles/PMC9202717/,turn156search9,CANDIDATE_ONLY_NOT_GATE_EVIDENCE,2026-10-06
OPK|2022-01-31|somatrogon,somatrogon 2022 FDA application trial results,Efficacy and Safety of Once-Weekly Somatrogon Compared with Once-Daily Somatropin (Genotropin®) in Japanese Children with Pediatric Growth Hormone Deficiency: Results from a Randomized Phase 3 Study - PubMed,https://pubmed.ncbi.nlm.nih.gov/35417909/,turn156search10,CANDIDATE_ONLY_NOT_GATE_EVIDENCE,2026-10-06
OPK|2022-01-31|somatrogon,somatrogon 2022 FDA application trial results,Efficacy and safety of once-weekly somatrogon in adults with growth hormone deficiency: a randomized phase 3 study - PMC,https://pmc.ncbi.nlm.nih.gov/articles/PMC13017995/,turn156search11,CANDIDATE_ONLY_NOT_GATE_EVIDENCE,2026-10-06
OPK|2022-01-31|somatrogon,somatrogon 2022 FDA application trial results,"October 29, 2024 Meeting of the Pharmacy Compounding Advisory Committee",https://www.fda.gov/media/182087/download?attachment=,turn156search13,CANDIDATE_ONLY_NOT_GATE_EVIDENCE,2026-10-06
OPK|2022-01-31|somatrogon,somatrogon 2022 FDA application trial results,Microsoft Word - opk20231231_10k_v1.docx,https://www.sec.gov/Archives/edgar/data/944809/000143774924006965/OPKOars.pdf,turn156search15,CANDIDATE_ONLY_NOT_GATE_EVIDENCE,2026-10-06
AGIO|2022-02-17|mitapivat,mitapivat 2022 FDA application trial results,Mitapivat versus Placebo for Pyruvate Kinase Deficiency | New England Journal of Medicine,https://www.nejm.org/doi/full/10.1056/NEJMoa2116634,turn152search0,CANDIDATE_ONLY_NOT_GATE_EVIDENCE,2026-10-06
AGIO|2022-02-17|mitapivat,mitapivat 2022 FDA application trial results,Drug Trials Snapshot: PYRUKYND | FDA,https://www.fda.gov/drugs/drug-trials-snapshots/drug-trials-snapshot-pyrukynd,turn152search1,CANDIDATE_ONLY_NOT_GATE_EVIDENCE,2026-10-06
AGIO|2022-02-17|mitapivat,mitapivat 2022 FDA application trial results,Mitapivat versus Placebo for Pyruvate Kinase Deficiency - PubMed,https://pubmed.ncbi.nlm.nih.gov/35417638/,turn152search2,CANDIDATE_ONLY_NOT_GATE_EVIDENCE,2026-10-06
AGIO|2022-02-17|mitapivat,mitapivat 2022 FDA application trial results,EX-99.2,https://www.sec.gov/Archives/edgar/data/1439222/000119312521188265/d843751dex992.htm,turn152search3,CANDIDATE_ONLY_NOT_GATE_EVIDENCE,2026-10-06
AGIO|2022-02-17|mitapivat,mitapivat 2022 FDA application trial results,"Mitapivat in adult patients with pyruvate kinase deficiency receiving regular transfusions (ACTIVATE-T): a multicentre, open-label, single-arm, phase 3 trial - PubMed",https://pubmed.ncbi.nlm.nih.gov/35988546/,turn152search4,CANDIDATE_ONLY_NOT_GATE_EVIDENCE,2026-10-06
AGIO|2022-02-17|mitapivat,mitapivat 2022 FDA application trial results,Mitapivat vs. Placebo for Pyruvate Kinase Deficiency | New England Journal of Medicine,https://www.nejm.org/do/10.1056/NEJMdo006520/full/,turn152search5,CANDIDATE_ONLY_NOT_GATE_EVIDENCE,2026-10-06
AGIO|2022-02-17|mitapivat,mitapivat 2022 FDA application trial results,"Safety and efficacy of mitapivat, an oral pyruvate kinase activator, in adults with non-transfusion dependent α-thalassaemia or β-thalassaemia: an open-label, multicentre, phase 2 study - PubMed",https://pubmed.ncbi.nlm.nih.gov/35964609/,turn152search6,CANDIDATE_ONLY_NOT_GATE_EVIDENCE,2026-10-06
AGIO|2022-02-17|mitapivat,mitapivat 2022 FDA application trial results,Mitapivat versus Placebo for Pyruvate Kinase Deficiency | New England Journal of Medicine,https://www.nejm.org/doi/abs/10.1056/NEJMoa2116634,turn152search7,CANDIDATE_ONLY_NOT_GATE_EVIDENCE,2026-10-06
AGIO|2022-02-17|mitapivat,mitapivat 2022 FDA application trial results,898906_001_CL .pdf,https://www.sec.gov/Archives/edgar/data/1439222/000119312525096748/d898906dars.pdf,turn152search12,CANDIDATE_ONLY_NOT_GATE_EVIDENCE,2026-10-06
AGIO|2022-02-17|mitapivat,mitapivat 2022 FDA application trial results,Review,https://www.accessdata.fda.gov/drugsatfda_docs/nda/2022/216196Orig1s000Approv.pdf,turn152search13,CANDIDATE_ONLY_NOT_GATE_EVIDENCE,2026-10-06
AGIO|2022-02-17|mitapivat,mitapivat 2022 FDA application trial results,"Mitapivat, a novel pyruvate kinase activator, for the treatment of hereditary hemolytic anemias - PMC",https://pmc.ncbi.nlm.nih.gov/articles/PMC8721383/,turn152search8,CANDIDATE_ONLY_NOT_GATE_EVIDENCE,2026-10-06
AGIO|2022-02-17|mitapivat,mitapivat 2022 FDA application trial results,Review,https://www.accessdata.fda.gov/drugsatfda_docs/nda/2022/216196Orig1s000IntegratedR.pdf,turn152search14,CANDIDATE_ONLY_NOT_GATE_EVIDENCE,2026-10-06
AGIO|2022-02-17|mitapivat,mitapivat 2022 FDA application trial results,"Safety and efficacy of mitapivat, an oral pyruvate kinase activator, in adults with non-transfusion dependent α-thalassaemia or β-thalassaemia: an open-label, multicentre, phase 2 study - ScienceDirect",https://www.sciencedirect.com/science/article/pii/S014067362201337X,turn152search9,CANDIDATE_ONLY_NOT_GATE_EVIDENCE,2026-10-06
AGIO|2022-02-17|mitapivat,mitapivat 2022 FDA application trial results,"Mitapivat in adult patients with pyruvate kinase deficiency receiving regular transfusions (ACTIVATE-T): a multicentre, open-label, single-arm, phase 3 trial - ScienceDirect",https://www.sciencedirect.com/science/article/pii/S2352302622002149,turn152search10,CANDIDATE_ONLY_NOT_GATE_EVIDENCE,2026-10-06
AGIO|2022-02-17|mitapivat,mitapivat 2022 FDA application trial results,A phase 1 dose escalation study of the pyruvate kinase activator mitapivat (AG-348) in sickle cell disease - PubMed,https://pubmed.ncbi.nlm.nih.gov/35576529/,turn152search11,CANDIDATE_ONLY_NOT_GATE_EVIDENCE,2026-10-06
AGIO|2022-02-17|mitapivat,mitapivat 2022 FDA application trial results,Pyrukynd (mitapivat) tablets,https://www.accessdata.fda.gov/drugsatfda_docs/appletter/2022/216196Orig1s000ltr.pdf,turn152search15,CANDIDATE_ONLY_NOT_GATE_EVIDENCE,2026-10-06
RETA|2022-02-25|bardoxolone,bardoxolone 2022 FDA application trial results,Bardoxolone Methyl in Type 2 Diabetes and Stage 4 Chronic Kidney Disease | New England Journal of Medicine,https://www.nejm.org/doi/full/10.1056/NEJMoa1306033,turn161search0,CANDIDATE_ONLY_NOT_GATE_EVIDENCE,2026-10-06
RETA|2022-02-25|bardoxolone,bardoxolone 2022 FDA application trial results,Bardoxolone Methyl and Kidney Function in CKD with Type 2 Diabetes | New England Journal of Medicine,https://www.nejm.org/doi/full/10.1056/NEJMoa1105351,turn161search1,CANDIDATE_ONLY_NOT_GATE_EVIDENCE,2026-10-06
RETA|2022-02-25|bardoxolone,bardoxolone 2022 FDA application trial results,reta-ex992_151.htm,https://www.sec.gov/Archives/edgar/data/1358762/000156459020052169/reta-ex992_151.htm,turn161search2,CANDIDATE_ONLY_NOT_GATE_EVIDENCE,2026-10-06
RETA|2022-02-25|bardoxolone,bardoxolone 2022 FDA application trial results,Effects of Bardoxolone Methyl in Alport Syndrome - PMC,https://pmc.ncbi.nlm.nih.gov/articles/PMC9718021/,turn161search3,CANDIDATE_ONLY_NOT_GATE_EVIDENCE,2026-10-06
RETA|2022-02-25|bardoxolone,bardoxolone 2022 FDA application trial results,Effects of Bardoxolone Methyl in Alport Syndrome - PubMed,https://pubmed.ncbi.nlm.nih.gov/36411058/,turn161search4,CANDIDATE_ONLY_NOT_GATE_EVIDENCE,2026-10-06
RETA|2022-02-25|bardoxolone,bardoxolone 2022 FDA application trial results,reta-10k_20201231.htm,https://www.sec.gov/Archives/edgar/data/1358762/000156459021009624/reta-10k_20201231.htm,turn161search5,CANDIDATE_ONLY_NOT_GATE_EVIDENCE,2026-10-06
RETA|2022-02-25|bardoxolone,bardoxolone 2022 FDA application trial results,Bardoxolone Methyl and Kidney Function in CKD with Type 2 Diabetes | New England Journal of Medicine,https://www.nejm.org/doi/abs/10.1056/NEJMoa1105351,turn161search6,CANDIDATE_ONLY_NOT_GATE_EVIDENCE,2026-10-06
RETA|2022-02-25|bardoxolone,bardoxolone 2022 FDA application trial results,10-K,https://www.sec.gov/Archives/edgar/data/1358762/000095017023004236/reta-20221231.htm,turn161search7,CANDIDATE_ONLY_NOT_GATE_EVIDENCE,2026-10-06
RETA|2022-02-25|bardoxolone,bardoxolone 2022 FDA application trial results,406954_004_BMK_WEB.PDF,https://www.sec.gov/Archives/edgar/data/1358762/000119312523123992/d406954dars.pdf,turn161search12,CANDIDATE_ONLY_NOT_GATE_EVIDENCE,2026-10-06
RETA|2022-02-25|bardoxolone,bardoxolone 2022 FDA application trial results,Amendment No. 3 to Form S-1,https://www.sec.gov/Archives/edgar/data/1358762/000119312516540163/d84883ds1a.htm,turn161search8,CANDIDATE_ONLY_NOT_GATE_EVIDENCE,2026-10-06
RETA|2022-02-25|bardoxolone,bardoxolone 2022 FDA application trial results,A Phase I First-in-Human Trial of Bardoxolone Methyl in Patients with Advanced Solid Tumors and Lymphomas - PMC,https://pmc.ncbi.nlm.nih.gov/articles/PMC4494099/,turn161search11,CANDIDATE_ONLY_NOT_GATE_EVIDENCE,2026-10-06
AMYT|2022-02-28|filsuvez,filsuvez 2022 FDA application trial results,Drug Trials Snapshots: FILSUVEZ | FDA,https://www.fda.gov/drugs/drug-trials-snapshots/drug-trials-snapshots-filsuvez,turn160search1,CANDIDATE_ONLY_NOT_GATE_EVIDENCE,2026-10-06
AMYT|2022-02-28|filsuvez,filsuvez 2022 FDA application trial results,Review,https://www.accessdata.fda.gov/drugsatfda_docs/nda/2024/215064Orig1s000MultidisciplineR.pdf,turn160search12,CANDIDATE_ONLY_NOT_GATE_EVIDENCE,2026-10-06
AMYT|2022-02-28|filsuvez,filsuvez 2022 FDA application trial results,label,https://www.accessdata.fda.gov/drugsatfda_docs/label/2023/215064s000lbl.pdf,turn160search13,CANDIDATE_ONLY_NOT_GATE_EVIDENCE,2026-10-06
AMYT|2022-02-28|filsuvez,filsuvez 2022 FDA application trial results,,https://www.sec.gov/Archives/edgar/data/1783010/000114036121000828/nt10014690x9_f1a.htm,turn160search8,CANDIDATE_ONLY_NOT_GATE_EVIDENCE,2026-10-06
AMYT|2022-02-28|filsuvez,filsuvez 2022 FDA application trial results,Drug Trials Snapshots | FDA,https://www.fda.gov/drugs/drug-approvals-and-databases/drug-trials-snapshots,turn160search9,CANDIDATE_ONLY_NOT_GATE_EVIDENCE,2026-10-06
CTIC|2022-02-28|pacritinib,pacritinib 2022 FDA application trial results,Review,https://www.accessdata.fda.gov/drugsatfda_docs/nda/2022/208712Orig1s000IntegratedR.pdf,turn162search12,CANDIDATE_ONLY_NOT_GATE_EVIDENCE,2026-10-06
CTIC|2022-02-28|pacritinib,pacritinib 2022 FDA application trial results,Drug Trials Snapshots: VONJO | FDA,https://www.fda.gov/drugs/drug-approvals-and-databases/drug-trials-snapshots-vonjo,turn162search0,CANDIDATE_ONLY_NOT_GATE_EVIDENCE,2026-10-06
CTIC|2022-02-28|pacritinib,pacritinib 2022 FDA application trial results,Review,https://www.accessdata.fda.gov/drugsatfda_docs/nda/2022/208712Orig1s000RiskR.pdf,turn162search13,CANDIDATE_ONLY_NOT_GATE_EVIDENCE,2026-10-06
CTIC|2022-02-28|pacritinib,pacritinib 2022 FDA application trial results,ctic-20221231,https://www.sec.gov/Archives/edgar/data/891293/000089129323000011/ctic-20221231.htm,turn162search2,CANDIDATE_ONLY_NOT_GATE_EVIDENCE,2026-10-06
CTIC|2022-02-28|pacritinib,pacritinib 2022 FDA application trial results,Efficacy and Safety of Pacritinib vs Placebo for Patients With Severe COVID-19: A Phase 2 Randomized Clinical Trial - PubMed,https://pubmed.ncbi.nlm.nih.gov/36469321/,turn162search3,CANDIDATE_ONLY_NOT_GATE_EVIDENCE,2026-10-06
CTIC|2022-02-28|pacritinib,pacritinib 2022 FDA application trial results,Determining the recommended dose of pacritinib: results from the PAC203 dose-finding trial in advanced myelofibrosis - PubMed,https://pubmed.ncbi.nlm.nih.gov/33232476/,turn162search4,CANDIDATE_ONLY_NOT_GATE_EVIDENCE,2026-10-06
CTIC|2022-02-28|pacritinib,pacritinib 2022 FDA application trial results,ARS.pdf,https://www.sec.gov/Archives/edgar/data/891293/000119312523126943/d470861dars.pdf,turn162search14,CANDIDATE_ONLY_NOT_GATE_EVIDENCE,2026-10-06
CTIC|2022-02-28|pacritinib,pacritinib 2022 FDA application trial results,Determining the recommended dose of pacritinib: results from the PAC203 dose-finding trial in advanced myelofibrosis - PMC,https://pmc.ncbi.nlm.nih.gov/articles/PMC7686901/,turn162search5,CANDIDATE_ONLY_NOT_GATE_EVIDENCE,2026-10-06
CTIC|2022-02-28|pacritinib,pacritinib 2022 FDA application trial results,"Pacritinib versus best available therapy for the treatment of myelofibrosis irrespective of baseline cytopenias (PERSIST-1): an international, randomised, phase 3 trial - PMC",https://pmc.ncbi.nlm.nih.gov/articles/PMC8209752/,turn162search6,CANDIDATE_ONLY_NOT_GATE_EVIDENCE,2026-10-06
CTIC|2022-02-28|pacritinib,pacritinib 2022 FDA application trial results,Vonjo (pacritinib) capsules,https://www.accessdata.fda.gov/drugsatfda_docs/appletter/2025/208712Orig1s004ltr.pdf,turn162search15,CANDIDATE_ONLY_NOT_GATE_EVIDENCE,2026-10-06
CTIC|2022-02-28|pacritinib,pacritinib 2022 FDA application trial results,ctic-20211231,https://www.sec.gov/Archives/edgar/data/891293/000089129322000010/ctic-20211231.htm,turn162search7,CANDIDATE_ONLY_NOT_GATE_EVIDENCE,2026-10-06
CTIC|2022-02-28|pacritinib,pacritinib 2022 FDA application trial results,The odyssey of pacritinib in myelofibrosis - ScienceDirect,https://www.sciencedirect.com/science/article/pii/S2473952922003652,turn162search9,CANDIDATE_ONLY_NOT_GATE_EVIDENCE,2026-10-06
CTIC|2022-02-28|pacritinib,pacritinib 2022 FDA application trial results,The odyssey of pacritinib in myelofibrosis.,https://pubmed.ncbi.nlm.nih.gov/35622972/,turn162search10,CANDIDATE_ONLY_NOT_GATE_EVIDENCE,2026-10-06
CTIC|2022-02-28|pacritinib,pacritinib 2022 FDA application trial results,Efficacy and Safety of Pacritinib vs Placebo for Patients With Severe COVID-19: A Phase 2 Randomized Clinical Trial | Infectious Diseases | JAMA Network Open | JAMA Network,https://jamanetwork.com/journals/jamanetworkopen/fullarticle/2799198,turn162search11,CANDIDATE_ONLY_NOT_GATE_EVIDENCE,2026-10-06
LEGN|2022-02-28|ciltacabtagene-autoleucel,ciltacabtagene-autoleucel 2022 FDA application trial results,"April 5, 2024 Clinical Review and Evaluation - CARVYKTI",https://www.fda.gov/media/178689/download,turn168search12,CANDIDATE_ONLY_NOT_GATE_EVIDENCE,2026-10-06
LEGN|2022-02-28|ciltacabtagene-autoleucel,ciltacabtagene-autoleucel 2022 FDA application trial results,S202: CARTITUDE-1 FINAL RESULTS: PHASE 1B/2 STUDY OF CILTACABTAGENE AUTOLEUCEL IN HEAVILY PRETREATED PATIENTS WITH RELAPSED/REFRACTORY MULTIPLE MYELOMA - PMC,https://pmc.ncbi.nlm.nih.gov/articles/PMC10428265/,turn168search0,CANDIDATE_ONLY_NOT_GATE_EVIDENCE,2026-10-06
LEGN|2022-02-28|ciltacabtagene-autoleucel,ciltacabtagene-autoleucel 2022 FDA application trial results,"FDA Approves Labeling Changes that Include a Boxed Warning for Immune Effector Cell-associated Enterocolitis Following Treatment with Ciltacabtagene Autoleucel (CARVYKTI, Janssen Biotech, Inc.) | FDA",https://www.fda.gov/safety/medical-product-safety-information/fda-approves-labeling-changes-include-boxed-warning-immune-effector-cell-associated-enterocolitis,turn168search1,CANDIDATE_ONLY_NOT_GATE_EVIDENCE,2026-10-06
LEGN|2022-02-28|ciltacabtagene-autoleucel,ciltacabtagene-autoleucel 2022 FDA application trial results,FDA Approval Summary: Ciltacabtagene Autoleucel for Relapsed or Refractory Multiple Myeloma - PMC,https://pmc.ncbi.nlm.nih.gov/articles/PMC11249607/,turn168search3,CANDIDATE_ONLY_NOT_GATE_EVIDENCE,2026-10-06
LEGN|2022-02-28|ciltacabtagene-autoleucel,ciltacabtagene-autoleucel 2022 FDA application trial results,"March 15, 2024 Oncologic Drugs Advisory Committee Meeting",https://www.fda.gov/media/176986/download,turn168search13,CANDIDATE_ONLY_NOT_GATE_EVIDENCE,2026-10-06
LEGN|2022-02-28|ciltacabtagene-autoleucel,ciltacabtagene-autoleucel 2022 FDA application trial results,"Ciltacabtagene Autoleucel, an Anti-B-cell Maturation Antigen Chimeric Antigen Receptor T-Cell Therapy, for Relapsed/Refractory Multiple Myeloma: CARTITUDE-1 2-Year Follow-Up - PubMed",https://pubmed.ncbi.nlm.nih.gov/35658469/,turn168search7,CANDIDATE_ONLY_NOT_GATE_EVIDENCE,2026-10-06
LEGN|2022-02-28|ciltacabtagene-autoleucel,ciltacabtagene-autoleucel 2022 FDA application trial results,"Phase 1b/2 study of ciltacabtagene autoleucel, a BCMA-directed CAR-T cell therapy, in patients with relapsed/refractory multiple myeloma (CARTITUDE-1): Two years post-LPI. | Journal of Clinical Oncology",https://ascopubs.org/doi/10.1200/JCO.2022.40.16_suppl.8028,turn168search8,CANDIDATE_ONLY_NOT_GATE_EVIDENCE,2026-10-06
LEGN|2022-02-28|ciltacabtagene-autoleucel,ciltacabtagene-autoleucel 2022 FDA application trial results,"Biological correlative analyses and updated clinical data of ciltacabtagene autoleucel (cilta-cel), a BCMA-directed CAR-T cell therapy, in patients with multiple myeloma (MM) and early relapse after initial therapy: CARTITUDE-2, cohort B. | Journal of Clinical Oncology",https://ascopubs.org/doi/10.1200/JCO.2022.40.16_suppl.8029,turn168search10,CANDIDATE_ONLY_NOT_GATE_EVIDENCE,2026-10-06
MRNS|2022-03-20|ganaxolone,ganaxolone 2022 FDA application trial results,Drug Trials Snapshots: ZTALMY | FDA,https://www.fda.gov/drugs/drug-trials-snapshots/drug-trials-snapshots-ztalmy,turn157search0,CANDIDATE_ONLY_NOT_GATE_EVIDENCE,2026-10-06
MRNS|2022-03-20|ganaxolone,ganaxolone 2022 FDA application trial results,"Safety and efficacy of ganaxolone in patients with CDKL5 deficiency disorder: results from the double-blind phase of a randomised, placebo-controlled, phase 3 trial - PubMed",https://pubmed.ncbi.nlm.nih.gov/35429480,turn157search1,CANDIDATE_ONLY_NOT_GATE_EVIDENCE,2026-10-06
MRNS|2022-03-20|ganaxolone,ganaxolone 2022 FDA application trial results,Review,https://www.accessdata.fda.gov/drugsatfda_docs/nda/2022/215904Orig1s000StatR.pdf,turn157search12,CANDIDATE_ONLY_NOT_GATE_EVIDENCE,2026-10-06
MRNS|2022-03-20|ganaxolone,ganaxolone 2022 FDA application trial results,"Safety and efficacy of ganaxolone in patients with CDKL5 deficiency disorder: results from the double-blind phase of a randomised, placebo-controlled, phase 3 trial - ScienceDirect",https://www.sciencedirect.com/science/article/pii/S1474442222000771,turn157search2,CANDIDATE_ONLY_NOT_GATE_EVIDENCE,2026-10-06
MRNS|2022-03-20|ganaxolone,ganaxolone 2022 FDA application trial results,Ganaxolone: A New Treatment for CDKL5 Deficiency Disorder - PMC,https://pmc.ncbi.nlm.nih.gov/articles/PMC9661611/,turn157search3,CANDIDATE_ONLY_NOT_GATE_EVIDENCE,2026-10-06
MRNS|2022-03-20|ganaxolone,ganaxolone 2022 FDA application trial results,"Intravenous ganaxolone for the treatment of refractory status epilepticus: Results from an open-label, dose-finding, phase 2 trial - PubMed",https://pubmed.ncbi.nlm.nih.gov/35748707/,turn157search4,CANDIDATE_ONLY_NOT_GATE_EVIDENCE,2026-10-06
MRNS|2022-03-20|ganaxolone,ganaxolone 2022 FDA application trial results,,https://www.sec.gov/Archives/edgar/data/1267813/000110465922035856/tm229796d2_ex99-2.htm,turn157search5,CANDIDATE_ONLY_NOT_GATE_EVIDENCE,2026-10-06
MRNS|2022-03-20|ganaxolone,ganaxolone 2022 FDA application trial results,Review,https://www.accessdata.fda.gov/drugsatfda_docs/nda/2022/215904Orig1s000RiskR.pdf,turn157search14,CANDIDATE_ONLY_NOT_GATE_EVIDENCE,2026-10-06
MRNS|2022-03-20|ganaxolone,ganaxolone 2022 FDA application trial results,"Intravenous ganaxolone for the treatment of refractory status epilepticus: Results from an open‐label, dose‐finding, phase 2 trial - PMC",https://pmc.ncbi.nlm.nih.gov/articles/PMC9796093/,turn157search7,CANDIDATE_ONLY_NOT_GATE_EVIDENCE,2026-10-06
MRNS|2022-03-20|ganaxolone,ganaxolone 2022 FDA application trial results,Review,https://www.accessdata.fda.gov/drugsatfda_docs/nda/2022/215904Orig1s000Approv.pdf,turn157search15,CANDIDATE_ONLY_NOT_GATE_EVIDENCE,2026-10-06
MRNS|2022-03-20|ganaxolone,ganaxolone 2022 FDA application trial results,"Safety and efficacy of ganaxolone in patients with CDKL5 deficiency disorder: results from the double-blind phase of a randomised, placebo-controlled, phase 3 trial - PubMed",https://pubmed.ncbi.nlm.nih.gov/35429480/,turn157search9,CANDIDATE_ONLY_NOT_GATE_EVIDENCE,2026-10-06
MRNS|2022-03-20|ganaxolone,ganaxolone 2022 FDA application trial results,"Intravenous ganaxolone for the treatment of refractory status epilepticus: Results from an open‐label, dose‐finding, phase 2 trial - Vaitkevicius - 2022 - Epilepsia - Wiley Online Library",https://onlinelibrary.wiley.com/doi/full/10.1111/epi.17343,turn157search10,CANDIDATE_ONLY_NOT_GATE_EVIDENCE,2026-10-06
MRNS|2022-03-20|ganaxolone,ganaxolone 2022 FDA application trial results,,https://www.sec.gov/Archives/edgar/data/1267813/000155837022013184/mrns-20220811xex99d2.htm,turn157search11,CANDIDATE_ONLY_NOT_GATE_EVIDENCE,2026-10-06
AKBA|2022-03-29|vadadustat,vadadustat 2022 FDA application trial results,Safety and Efficacy of Vadadustat for Anemia in Patients Undergoing Dialysis | New England Journal of Medicine,https://www.nejm.org/doi/full/10.1056/NEJMoa2025956,turn178search0,CANDIDATE_ONLY_NOT_GATE_EVIDENCE,2026-10-06
AKBA|2022-03-29|vadadustat,vadadustat 2022 FDA application trial results,Drug Trials Snapshots: VAFSEO | FDA,https://www.fda.gov/drugs/drug-approvals-and-databases/drug-trials-snapshots-vafseo,turn178search1,CANDIDATE_ONLY_NOT_GATE_EVIDENCE,2026-10-06
AKBA|2022-03-29|vadadustat,vadadustat 2022 FDA application trial results,Vadadustat in Patients with Anemia and Non–Dialysis-Dependent CKD | New England Journal of Medicine,https://www.nejm.org/doi/full/10.1056/NEJMoa2035938,turn178search2,CANDIDATE_ONLY_NOT_GATE_EVIDENCE,2026-10-06
AKBA|2022-03-29|vadadustat,vadadustat 2022 FDA application trial results,akba-20221231,https://www.sec.gov/Archives/edgar/data/1517022/000162828023007539/akba-20221231.htm,turn178search3,CANDIDATE_ONLY_NOT_GATE_EVIDENCE,2026-10-06
AKBA|2022-03-29|vadadustat,vadadustat 2022 FDA application trial results,Safety and Efficacy of Vadadustat for Anemia in Patients Undergoing Dialysis - PubMed,https://pubmed.ncbi.nlm.nih.gov/33913638/,turn178search4,CANDIDATE_ONLY_NOT_GATE_EVIDENCE,2026-10-06
AKBA|2022-03-29|vadadustat,vadadustat 2022 FDA application trial results,akba-20201231,https://www.sec.gov/Archives/edgar/data/1517022/000162828021003283/akba-20201231.htm,turn178search5,CANDIDATE_ONLY_NOT_GATE_EVIDENCE,2026-10-06
AKBA|2022-03-29|vadadustat,vadadustat 2022 FDA application trial results,ARS.pdf,https://www.sec.gov/Archives/edgar/data/1517022/000119312523125003/d423191dars.pdf,turn178search12,CANDIDATE_ONLY_NOT_GATE_EVIDENCE,2026-10-06
AKBA|2022-03-29|vadadustat,vadadustat 2022 FDA application trial results,akba-20220930,https://www.sec.gov/Archives/edgar/data/1517022/000162828022028242/akba-20220930.htm,turn178search6,CANDIDATE_ONLY_NOT_GATE_EVIDENCE,2026-10-06
AKBA|2022-03-29|vadadustat,vadadustat 2022 FDA application trial results,Review,https://www.accessdata.fda.gov/drugsatfda_docs/nda/2024/215192Orig1s000IntegratedR.pdf,turn178search13,CANDIDATE_ONLY_NOT_GATE_EVIDENCE,2026-10-06
AKBA|2022-03-29|vadadustat,vadadustat 2022 FDA application trial results,EX-99.1,https://www.sec.gov/Archives/edgar/data/1517022/000119312522089998/d321381dex991.htm,turn178search7,CANDIDATE_ONLY_NOT_GATE_EVIDENCE,2026-10-06
AKBA|2022-03-29|vadadustat,vadadustat 2022 FDA application trial results,Akebia Therapeutics Announces Initial Findings from Investigator-Sponsored Clinical Study Evaluating Vadadustat for the Prevention and Treatment of Acute Respiratory Distress Syndrome (ARDS) in Subjects with COVID-19 and Hypoxemia (VSTAT) | Akebia Therapeutics,https://ir.akebia.com/news-releases/news-release-details/akebia-therapeutics-announces-initial-findings-investigator,turn178search8,CANDIDATE_ONLY_NOT_GATE_EVIDENCE,2026-10-06
AKBA|2022-03-29|vadadustat,vadadustat 2022 FDA application trial results,Drug Trials Snapshots | FDA,https://www.fda.gov/drugs/drug-approvals-and-databases/drug-trials-snapshots,turn178search9,CANDIDATE_ONLY_NOT_GATE_EVIDENCE,2026-10-06
AKBA|2022-03-29|vadadustat,vadadustat 2022 FDA application trial results,Review,https://www.accessdata.fda.gov/drugsatfda_docs/nda/2024/215192Orig1s000OtherR.pdf,turn178search14,CANDIDATE_ONLY_NOT_GATE_EVIDENCE,2026-10-06
AKBA|2022-03-29|vadadustat,vadadustat 2022 FDA application trial results,akba-20231231,https://www.sec.gov/Archives/edgar/data/1517022/000162828024011270/akba-20231231.htm,turn178search10,CANDIDATE_ONLY_NOT_GATE_EVIDENCE,2026-10-06
BTAI|2022-04-05|dexmedetomidine-film,dexmedetomidine-film 2022 FDA application trial results,Igalmi (dexmedetomidine) sublingual film,https://www.accessdata.fda.gov/drugsatfda_docs/appletter/2022/215390Orig1s000ltr.pdf,turn166search12,CANDIDATE_ONLY_NOT_GATE_EVIDENCE,2026-10-06
BTAI|2022-04-05|dexmedetomidine-film,dexmedetomidine-film 2022 FDA application trial results,Dexmedetomidine Sublingual Film for Acute Agitation Associated With Schizophrenia or,https://www.bioxceltherapeutics.com/wp-content/uploads/2022/04/SAEM-22-POS-S1S2-Pooled-Final-QR-Code-31Mar22.pdf,turn166search13,CANDIDATE_ONLY_NOT_GATE_EVIDENCE,2026-10-06
BTAI|2022-04-05|dexmedetomidine-film,dexmedetomidine-film 2022 FDA application trial results,N21-038S022; S021 Dexmedetomidine Clinpharm BPCA,https://www.fda.gov/files/drugs/published/N21-038S022-021-Dexmedetomidine-Clinpharm-BPCA.pdf,turn166search14,CANDIDATE_ONLY_NOT_GATE_EVIDENCE,2026-10-06
BTAI|2022-04-05|dexmedetomidine-film,dexmedetomidine-film 2022 FDA application trial results,Office of Clinical Pharmacology Division of Pharmacometrics Review: Dexmedetomidine HCl (DEX),https://www.fda.gov/media/165360/download,turn166search15,CANDIDATE_ONLY_NOT_GATE_EVIDENCE,2026-10-06
BTAI|2022-04-05|dexmedetomidine-film,dexmedetomidine-film 2022 FDA application trial results,Effect of Sublingual Dexmedetomidine vs Placebo on Acute Agitation Associated With Bipolar Disorder: A Randomized Clinical Trial.,https://pubmed.ncbi.nlm.nih.gov/35191924/,turn166search1,CANDIDATE_ONLY_NOT_GATE_EVIDENCE,2026-10-06
BTAI|2022-04-05|dexmedetomidine-film,dexmedetomidine-film 2022 FDA application trial results,21038 Dexmedetomidine Amendment 2,https://www.fda.gov/media/85377/download,turn166search16,CANDIDATE_ONLY_NOT_GATE_EVIDENCE,2026-10-06
BTAI|2022-04-05|dexmedetomidine-film,dexmedetomidine-film 2022 FDA application trial results,Effect of Sublingual Dexmedetomidine vs Placebo on Acute Agitation Associated With Bipolar Disorder: A Randomized Clinical Trial | Trials | JAMA | JAMA Network,https://jamanetwork.com/journals/jama/fullarticle/2789315,turn166search5,CANDIDATE_ONLY_NOT_GATE_EVIDENCE,2026-10-06
BTAI|2022-04-05|dexmedetomidine-film,dexmedetomidine-film 2022 FDA application trial results,Sublingual Dexmedetomidine for the Treatment of Acute Agitation in Adults With Schizophrenia or Schizoaffective Disorder: A Randomized Placebo-Controlled Trial.,https://pubmed.ncbi.nlm.nih.gov/36198061/,turn166search10,CANDIDATE_ONLY_NOT_GATE_EVIDENCE,2026-10-06
BTAI|2022-04-05|dexmedetomidine-film,dexmedetomidine-film 2022 FDA application trial results,Effect of Sublingual Dexmedetomidine vs Placebo on Acute Agitation Associated With Bipolar Disorder: A Randomized Clinical Trial | Trials | JAMA Network,https://jamanetwork.com/JOURNALS/JAMA/FULLARTICLE/2789315,turn166search11,CANDIDATE_ONLY_NOT_GATE_EVIDENCE,2026-10-06
CHRS|2022-04-30|toripalimab,toripalimab 2022 FDA application trial results,FDA approves toripalimab-tpzi for nasopharyngeal carcinoma | FDA,https://www.fda.gov/drugs/resources-information-approved-drugs/fda-approves-toripalimab-tpzi-nasopharyngeal-carcinoma,turn163search0,CANDIDATE_ONLY_NOT_GATE_EVIDENCE,2026-10-06
CHRS|2022-04-30|toripalimab,toripalimab 2022 FDA application trial results,Review,https://www.accessdata.fda.gov/drugsatfda_docs/nda/2023/761240Orig1s000MultidisciplineR.pdf,turn163search12,CANDIDATE_ONLY_NOT_GATE_EVIDENCE,2026-10-06
CHRS|2022-04-30|toripalimab,toripalimab 2022 FDA application trial results,Toripalimab Plus Chemotherapy for Recurrent or Metastatic Nasopharyngeal Carcinoma: The JUPITER-02 Randomized Clinical Trial | Trials | JAMA | JAMA Network,https://jamanetwork.com/journals/jama/fullarticle/2812324,turn163search1,CANDIDATE_ONLY_NOT_GATE_EVIDENCE,2026-10-06
CHRS|2022-04-30|toripalimab,toripalimab 2022 FDA application trial results,"Final progression-free survival, interim overall survival, and biomarker analyses of CHOICE-01: A phase III study of toripalimab versus placebo in combination with first-line chemotherapy for advanced NSCLC without EGFR/ALK mutations | Journal of Clinical Oncology",https://ascopubs.org/doi/10.1200/JCO.2022.40.36_suppl.362936,turn163search2,CANDIDATE_ONLY_NOT_GATE_EVIDENCE,2026-10-06
CHRS|2022-04-30|toripalimab,toripalimab 2022 FDA application trial results,Toripalimab (anti-PD-1) versus high-dose interferon-α2b as adjuvant therapy in resected mucosal melanoma: a phase II randomized trial - PubMed,https://pubmed.ncbi.nlm.nih.gov/35842199/,turn163search3,CANDIDATE_ONLY_NOT_GATE_EVIDENCE,2026-10-06
CHRS|2022-04-30|toripalimab,toripalimab 2022 FDA application trial results,Toripalimab or placebo plus chemotherapy as first-line treatment in advanced nasopharyngeal carcinoma: a multicenter randomized phase 3 trial | Nature Medicine,https://www.nature.com/articles/s41591-021-01444-0,turn163search4,CANDIDATE_ONLY_NOT_GATE_EVIDENCE,2026-10-06
CHRS|2022-04-30|toripalimab,toripalimab 2022 FDA application trial results,Toripalimab Plus Chemotherapy for Patients With Treatment-Naive Advanced Non–Small-Cell Lung Cancer: A Multicenter Randomized Phase III Trial (CHOICE-01) - PMC,https://pmc.ncbi.nlm.nih.gov/articles/PMC9870236/,turn163search5,CANDIDATE_ONLY_NOT_GATE_EVIDENCE,2026-10-06
CHRS|2022-04-30|toripalimab,toripalimab 2022 FDA application trial results,Toripalimab or placebo plus chemotherapy as first-line treatment in advanced nasopharyngeal carcinoma: a multicenter randomized phase 3 trial - PubMed,https://pubmed.ncbi.nlm.nih.gov/34341578/,turn163search6,CANDIDATE_ONLY_NOT_GATE_EVIDENCE,2026-10-06
CHRS|2022-04-30|toripalimab,toripalimab 2022 FDA application trial results,Toripalimab Plus Chemotherapy for Recurrent or Metastatic Nasopharyngeal Carcinoma: The JUPITER-02 Randomized Clinical Trial - PMC,https://pmc.ncbi.nlm.nih.gov/articles/10685882/,turn163search7,CANDIDATE_ONLY_NOT_GATE_EVIDENCE,2026-10-06
CHRS|2022-04-30|toripalimab,toripalimab 2022 FDA application trial results,Toripalimab combined with nab-paclitaxel/gemcitabine as first-line treatment for advanced pancreatic adenocarcinoma: Updated results of a phase Ib/II clinical study. | Journal of Clinical Oncology,https://ascopubs.org/doi/10.1200/JCO.2022.40.16_suppl.e16244,turn163search9,CANDIDATE_ONLY_NOT_GATE_EVIDENCE,2026-10-06
CHRS|2022-04-30|toripalimab,toripalimab 2022 FDA application trial results,Perioperative Toripalimab Plus Chemotherapy for Patients With Resectable Non–Small Cell Lung Cancer: The Neotorch Randomized Clinical Trial | Trials | JAMA | JAMA Network,https://jamanetwork.com/journals/jama/fullarticle/2813880,turn163search10,CANDIDATE_ONLY_NOT_GATE_EVIDENCE,2026-10-06
CHRS|2022-04-30|toripalimab,toripalimab 2022 FDA application trial results,Toripalimab Plus Chemotherapy as a First-Line Therapy for Extensive-Stage Small Cell Lung Cancer: The Phase 3 EXTENTORCH Randomized Clinical Trial | Trials | JAMA Oncology | JAMA Network,https://jamanetwork.com/journals/jamaoncology/fullarticle/2826181?adv=&guestaccesskey=5e73fdf2-edd2-4aa9-b42f-abcda5e52cff,turn163search11,CANDIDATE_ONLY_NOT_GATE_EVIDENCE,2026-10-06
CHRS|2022-04-30|toripalimab,toripalimab 2022 FDA application trial results,Review,https://www.accessdata.fda.gov/drugsatfda_docs/nda/2023/761240Orig1s000AdminCorres.pdf,turn163search13,CANDIDATE_ONLY_NOT_GATE_EVIDENCE,2026-10-06
HCM|2022-04-30|surufatinib,surufatinib 2022 FDA application trial results,Surufatinib in U.S. patients with soft tissue sarcoma. | Journal of Clinical Oncology,https://ascopubs.org/doi/10.1200/JCO.2022.40.16_suppl.11557,turn171search0,CANDIDATE_ONLY_NOT_GATE_EVIDENCE,2026-10-06
HCM|2022-04-30|surufatinib,surufatinib 2022 FDA application trial results,Interim analysis results of surufatinib in U.S. patients with neuroendocrine tumors (NETs). | Journal of Clinical Oncology,https://ascopubs.org/doi/10.1200/JCO.2021.39.15_suppl.4114,turn171search1,CANDIDATE_ONLY_NOT_GATE_EVIDENCE,2026-10-06
HCM|2022-04-30|surufatinib,surufatinib 2022 FDA application trial results,A phase II study of surufatinib in patients with osteosarcoma and soft tissue sarcoma who have experienced treatment failure with standard chemotherapy. | Journal of Clinical Oncology,https://ascopubs.org/doi/10.1200/JCO.2023.41.16_suppl.e23540,turn171search2,CANDIDATE_ONLY_NOT_GATE_EVIDENCE,2026-10-06
HCM|2022-04-30|surufatinib,surufatinib 2022 FDA application trial results,,https://www.sec.gov/Archives/edgar/data/1648257/000110465921031904/a21-1474_3ex99d1.htm,turn171search4,CANDIDATE_ONLY_NOT_GATE_EVIDENCE,2026-10-06
HCM|2022-04-30|surufatinib,surufatinib 2022 FDA application trial results,23020333-Hutchison Chi-Med AR(e)_0331_1309.pdf,https://www.sec.gov/Archives/edgar/data/1648257/000110465923043752/tm2311690d1_ex99-1.pdf,turn171search12,CANDIDATE_ONLY_NOT_GATE_EVIDENCE,2026-10-06
HCM|2022-04-30|surufatinib,surufatinib 2022 FDA application trial results,,https://www.sec.gov/Archives/edgar/data/1648257/000164825721000012/hcm-20210324xex99.htm,turn171search7,CANDIDATE_ONLY_NOT_GATE_EVIDENCE,2026-10-06
HCM|2022-04-30|surufatinib,surufatinib 2022 FDA application trial results,A pooled analysis of surufatinib safety from phase 3 trials in advanced NETs. | Journal of Clinical Oncology,https://ascopubs.org/doi/10.1200/JCO.2022.40.16_suppl.4126,turn171search9,CANDIDATE_ONLY_NOT_GATE_EVIDENCE,2026-10-06
HCM|2022-04-30|surufatinib,surufatinib 2022 FDA application trial results,SANET-p study: Phase III study of surufatinib in pancreatic NETs (NCT02589821),https://www.sec.gov/Archives/edgar/data/1648257/000110465925032350/tm2511057d1_ex99-1.pdf,turn171search14,CANDIDATE_ONLY_NOT_GATE_EVIDENCE,2026-10-06
HCM|2022-04-30|surufatinib,surufatinib 2022 FDA application trial results,HUTCHMED Receives Complete Response Letter from the U.S.,https://www.globenewswire.com/news-release/2022/05/02/2433243/0/en/hutchmed-receives-complete-response-letter-from-the-u-s-fda-for-surufatinib-for-the-treatment-of-advanced-neuroendocrine-tumors.html,turn171search10,CANDIDATE_ONLY_NOT_GATE_EVIDENCE,2026-10-06
HCM|2022-04-30|surufatinib,surufatinib 2022 FDA application trial results,Treatment-related adverse events as predictive biomarkers of efficacy in patients with advanced neuroendocrine tumors treated with surufatinib: results from two phase III studies - PMC,https://pmc.ncbi.nlm.nih.gov/articles/PMC9058866/,turn171search11,CANDIDATE_ONLY_NOT_GATE_EVIDENCE,2026-10-06
HCM|2022-04-30|surufatinib,surufatinib 2022 FDA application trial results,HUTCHMED Reports 2022 Interim Results and,https://ml.globenewswire.com/Resource/Download/a3b4f3b3-46a4-4f26-82d9-22e353558eab,turn171search16,CANDIDATE_ONLY_NOT_GATE_EVIDENCE,2026-10-06
HCM|2022-04-30|surufatinib,surufatinib 2022 FDA application trial results,Exhibit 99.1,https://www.sec.gov/Archives/edgar/data/0001648257/000110465925032350/tm2511057d1_ex99-1.pdf,turn171search17,CANDIDATE_ONLY_NOT_GATE_EVIDENCE,2026-10-06
ARQT|2022-07-29|roflumilast-cream,roflumilast-cream 2022 FDA application trial results,Trial of Roflumilast Cream for Chronic Plaque Psoriasis | New England Journal of Medicine,https://www.nejm.org/doi/full/10.1056/NEJMoa2000073,turn165search0,CANDIDATE_ONLY_NOT_GATE_EVIDENCE,2026-10-06
ARQT|2022-07-29|roflumilast-cream,roflumilast-cream 2022 FDA application trial results,"Roflumilast Cream, 0.15%, for Atopic Dermatitis in Adults and Children: INTEGUMENT-1 and INTEGUMENT-2 Randomized Clinical Trials | Trials | JAMA Dermatology | JAMA Network",https://jamanetwork.com/journals/jamadermatology/fullarticle/2823304,turn165search1,CANDIDATE_ONLY_NOT_GATE_EVIDENCE,2026-10-06
ARQT|2022-07-29|roflumilast-cream,roflumilast-cream 2022 FDA application trial results,arqt-20221231,https://www.sec.gov/Archives/edgar/data/1787306/000178730623000023/arqt-20221231.htm,turn165search2,CANDIDATE_ONLY_NOT_GATE_EVIDENCE,2026-10-06
ARQT|2022-07-29|roflumilast-cream,roflumilast-cream 2022 FDA application trial results,"NDA/BLA Multi-disciplinary Review and Evaluation: Zoryve (roflumilast cream, 0.3%)",https://www.fda.gov/media/163923/download,turn165search12,CANDIDATE_ONLY_NOT_GATE_EVIDENCE,2026-10-06
ARQT|2022-07-29|roflumilast-cream,roflumilast-cream 2022 FDA application trial results,Effect of Roflumilast Cream vs Vehicle Cream on Chronic Plaque Psoriasis: The DERMIS-1 and DERMIS-2 Randomized Clinical Trials | Trials | JAMA | JAMA Network,https://jamanetwork.com/journals/jama/fullarticle/2796379,turn165search3,CANDIDATE_ONLY_NOT_GATE_EVIDENCE,2026-10-06
ARQT|2022-07-29|roflumilast-cream,roflumilast-cream 2022 FDA application trial results,arqt-20221212,https://www.sec.gov/Archives/edgar/data/1787306/000162828022032097/arqt-20221212.htm,turn165search4,CANDIDATE_ONLY_NOT_GATE_EVIDENCE,2026-10-06
ARQT|2022-07-29|roflumilast-cream,roflumilast-cream 2022 FDA application trial results,Trial of Roflumilast Cream for Chronic Plaque Psoriasis - PubMed,https://pubmed.ncbi.nlm.nih.gov/32668113/,turn165search5,CANDIDATE_ONLY_NOT_GATE_EVIDENCE,2026-10-06
ARQT|2022-07-29|roflumilast-cream,roflumilast-cream 2022 FDA application trial results,Effect of Roflumilast Cream vs Vehicle Cream on Chronic Plaque Psoriasis: The DERMIS-1 and DERMIS-2 Randomized Clinical Trials - PubMed,https://pubmed.ncbi.nlm.nih.gov/36125472/,turn165search6,CANDIDATE_ONLY_NOT_GATE_EVIDENCE,2026-10-06
ARQT|2022-07-29|roflumilast-cream,roflumilast-cream 2022 FDA application trial results,Trial of Roflumilast Cream for Chronic Plaque Psoriasis | New England Journal of Medicine,https://www.nejm.org/doi/abs/10.1056/NEJMoa2000073,turn165search7,CANDIDATE_ONLY_NOT_GATE_EVIDENCE,2026-10-06
ARQT|2022-07-29|roflumilast-cream,roflumilast-cream 2022 FDA application trial results,"Roflumilast Cream, 0.15%, for Atopic Dermatitis in Adults and Children: INTEGUMENT-1 and INTEGUMENT-2 Randomized Clinical Trials - PMC",https://pmc.ncbi.nlm.nih.gov/articles/PMC11411450/,turn165search8,CANDIDATE_ONLY_NOT_GATE_EVIDENCE,2026-10-06
ARQT|2022-07-29|roflumilast-cream,roflumilast-cream 2022 FDA application trial results,Arcutis Announces Positive Topline Results from INTEGUMENT-1 Pivotal Phase 3 Trial of Roflumilast Cream in Atopic Dermatitis in Adults and Children Aged Six Years and Older - Arcutis Biotherapeutics,https://investors.arcutis.com/news-releases/news-release-details/arcutis-announces-positive-topline-results-integument-1-pivotal,turn165search9,CANDIDATE_ONLY_NOT_GATE_EVIDENCE,2026-10-06
ARQT|2022-07-29|roflumilast-cream,roflumilast-cream 2022 FDA application trial results,"The Safety and Efficacy of Roflumilast Cream 0.15% and 0.05% in Patients With Atopic Dermatitis: Randomized, Double-Blind, Phase 2 Proof of Concept Study - PubMed",https://pubmed.ncbi.nlm.nih.gov/36745371/,turn165search10,CANDIDATE_ONLY_NOT_GATE_EVIDENCE,2026-10-06
ARQT|2022-07-29|roflumilast-cream,roflumilast-cream 2022 FDA application trial results,arqt-20211231,https://www.sec.gov/Archives/edgar/data/1787306/000178730622000009/arqt-20211231.htm,turn165search11,CANDIDATE_ONLY_NOT_GATE_EVIDENCE,2026-10-06
ARQT|2022-07-29|roflumilast-cream,roflumilast-cream 2022 FDA application trial results,FDA Accepts Arcutis’ Supplemental New Drug Application for Roflumilast Cream 0.15% for the Treatment of Atopic Dermatitis in Adults and Children Down to Age 6,https://investors.arcutis.com/node/11031/pdf,turn165search13,CANDIDATE_ONLY_NOT_GATE_EVIDENCE,2026-10-06
ARQT|2022-07-29|roflumilast-cream,roflumilast-cream 2022 FDA application trial results,Review,https://www.accessdata.fda.gov/drugsatfda_docs/nda/2024/217242Orig1s000MultidisciplineR.pdf,turn165search14,CANDIDATE_ONLY_NOT_GATE_EVIDENCE,2026-10-06
ARQT|2022-07-29|roflumilast-cream,roflumilast-cream 2022 FDA application trial results,NDA Multi-Disciplinary Review and Evaluation,https://www.fda.gov/media/185434/download?attachment=,turn165search16,CANDIDATE_ONLY_NOT_GATE_EVIDENCE,2026-10-06
CRMD|2022-08-04|defencath-resubmission,defencath 2022 FDA application trial results,Drug Trials Snapshots: DEFENCATH | FDA,https://www.fda.gov/drugs/development-approval-process-drugs/drug-trials-snapshots-defencath,turn172search0,CANDIDATE_ONLY_NOT_GATE_EVIDENCE,2026-10-06
CRMD|2022-08-04|defencath-resubmission,defencath 2022 FDA application trial results,Review,https://www.accessdata.fda.gov/drugsatfda_docs/nda/2023/214520Orig1s000MultidisciplineR.pdf,turn172search12,CANDIDATE_ONLY_NOT_GATE_EVIDENCE,2026-10-06
CRMD|2022-08-04|defencath-resubmission,defencath 2022 FDA application trial results,FDA approves new drug under special pathway for patients receiving hemodialysis | FDA,https://www.fda.gov/drugs/news-events-human-drugs/fda-approves-new-drug-under-special-pathway-patients-receiving-hemodialysis,turn172search1,CANDIDATE_ONLY_NOT_GATE_EVIDENCE,2026-10-06
CRMD|2022-08-04|defencath-resubmission,defencath 2022 FDA application trial results,Drug Trials Snapshots: DEFENCATH | FDA,https://www.fda.gov/drugs/drug-trials-snapshots/drug-trials-snapshots-defencath,turn172search2,CANDIDATE_ONLY_NOT_GATE_EVIDENCE,2026-10-06
CRMD|2022-08-04|defencath-resubmission,defencath 2022 FDA application trial results,,https://www.sec.gov/Archives/edgar/data/1410098/000121390023024310/f10k2022_cormedixinc.htm,turn172search3,CANDIDATE_ONLY_NOT_GATE_EVIDENCE,2026-10-06
CRMD|2022-08-04|defencath-resubmission,defencath 2022 FDA application trial results,,https://www.sec.gov/Archives/edgar/data/1410098/000121390022009595/ea156242ex99-2_cormedix.htm,turn172search4,CANDIDATE_ONLY_NOT_GATE_EVIDENCE,2026-10-06
CRMD|2022-08-04|defencath-resubmission,defencath 2022 FDA application trial results,,https://www.sec.gov/Archives/edgar/data/1410098/000121390020035310/R7.htm,turn172search5,CANDIDATE_ONLY_NOT_GATE_EVIDENCE,2026-10-06
CRMD|2022-08-04|defencath-resubmission,defencath 2022 FDA application trial results,"EA6806E_CorMedix, Inc_10-K_Clean_Bannerless.pdf",https://www.sec.gov/Archives/edgar/data/1410098/000121390023076433/fars2023_cormedix.pdf,turn172search13,CANDIDATE_ONLY_NOT_GATE_EVIDENCE,2026-10-06
CRMD|2022-08-04|defencath-resubmission,defencath 2022 FDA application trial results,,https://www.sec.gov/Archives/edgar/data/1410098/000121390022015852/f10k2021_cormedixinc.htm,turn172search7,CANDIDATE_ONLY_NOT_GATE_EVIDENCE,2026-10-06
CRMD|2022-08-04|defencath-resubmission,defencath 2022 FDA application trial results,,https://www.sec.gov/Archives/edgar/data/1410098/000121390020024450/ea126206ex99-1_cormedix.htm,turn172search8,CANDIDATE_ONLY_NOT_GATE_EVIDENCE,2026-10-06
CRMD|2022-08-04|defencath-resubmission,defencath 2022 FDA application trial results,,https://www.sec.gov/Archives/edgar/data/1410098/000121390020021151/R7.htm,turn172search11,CANDIDATE_ONLY_NOT_GATE_EVIDENCE,2026-10-06
BLUE|2022-08-19|betibeglogene-autotemcel,betibeglogene-autotemcel 2022 FDA application trial results,Betibeglogene Autotemcel Gene Therapy for Non–β0/β0 Genotype β-Thalassemia | New England Journal of Medicine,https://www.nejm.org/doi/full/10.1056/NEJMoa2113206,turn170search0,CANDIDATE_ONLY_NOT_GATE_EVIDENCE,2026-10-06
BLUE|2022-08-19|betibeglogene-autotemcel,betibeglogene-autotemcel 2022 FDA application trial results,Betibeglogene Autotemcel Gene Therapy for Non–β0/β0 Genotype β-Thalassemia | New England Journal of Medicine,https://www.nejm.org/do/10.1056/NEJMdo006392/full/,turn170search1,CANDIDATE_ONLY_NOT_GATE_EVIDENCE,2026-10-06
BLUE|2022-08-19|betibeglogene-autotemcel,betibeglogene-autotemcel 2022 FDA application trial results,ZYNTEGLO | FDA,https://www.fda.gov/vaccines-blood-biologics/zynteglo,turn170search2,CANDIDATE_ONLY_NOT_GATE_EVIDENCE,2026-10-06
BLUE|2022-08-19|betibeglogene-autotemcel,betibeglogene-autotemcel 2022 FDA application trial results,Long-term efficacy and safety results of betibeglogene autotemcel gene therapy for transfusion-dependent β-thalassemia - PubMed,https://pubmed.ncbi.nlm.nih.gov/41525466/,turn170search3,CANDIDATE_ONLY_NOT_GATE_EVIDENCE,2026-10-06
BLUE|2022-08-19|betibeglogene-autotemcel,betibeglogene-autotemcel 2022 FDA application trial results,Clinical Review Memo - LYFGENIA,https://www.fda.gov/media/179352/download,turn170search12,CANDIDATE_ONLY_NOT_GATE_EVIDENCE,2026-10-06
BLUE|2022-08-19|betibeglogene-autotemcel,betibeglogene-autotemcel 2022 FDA application trial results,Betibeglogene Autotemcel Gene Therapy for Non-β0/β0 Genotype β-Thalassemia - PubMed,https://pubmed.ncbi.nlm.nih.gov/34891223/,turn170search6,CANDIDATE_ONLY_NOT_GATE_EVIDENCE,2026-10-06
BLUE|2022-08-19|betibeglogene-autotemcel,betibeglogene-autotemcel 2022 FDA application trial results,Drug product attributes predict clinical efficacy in betibeglogene autotemcel gene therapy for β-thalassemia - PMC,https://pmc.ncbi.nlm.nih.gov/articles/PMC10709156/,turn170search7,CANDIDATE_ONLY_NOT_GATE_EVIDENCE,2026-10-06
BLUE|2022-08-19|betibeglogene-autotemcel,betibeglogene-autotemcel 2022 FDA application trial results,"Betibeglogene autotemcel gene therapy in patients with transfusion-dependent, severe genotype β-thalassaemia (HGB-212): a non-randomised, multicentre, single-arm, open-label, single-dose, phase 3 trial - PubMed",https://pubmed.ncbi.nlm.nih.gov/39527960/,turn170search8,CANDIDATE_ONLY_NOT_GATE_EVIDENCE,2026-10-06
BLUE|2022-08-19|betibeglogene-autotemcel,betibeglogene-autotemcel 2022 FDA application trial results,"August 17, 2022 Summary Basis for Regulatory Action - ZYNTEGLO",https://www.fda.gov/media/161472/download?attachment=,turn170search13,CANDIDATE_ONLY_NOT_GATE_EVIDENCE,2026-10-06
BLUE|2022-08-19|betibeglogene-autotemcel,betibeglogene-autotemcel 2022 FDA application trial results,"Cellular, Tissue, and Gene Therapies Advisory Committee June 9-10, 2022 Meeting Announcement - 06/09/2022 | FDA",https://www.fda.gov/advisory-committees/advisory-committee-calendar/cellular-tissue-and-gene-therapies-advisory-committee-june-9-10-2022-meeting-announcement-06092022,turn170search9,CANDIDATE_ONLY_NOT_GATE_EVIDENCE,2026-10-06
BLUE|2022-08-19|betibeglogene-autotemcel,betibeglogene-autotemcel 2022 FDA application trial results,Gene therapy for hemoglobinopathies: Clinical trial results and biology of hematopoietic stem cell and the bone marrow niche - PMC,https://pmc.ncbi.nlm.nih.gov/articles/PMC12765844/,turn170search10,CANDIDATE_ONLY_NOT_GATE_EVIDENCE,2026-10-06
BLUE|2022-08-19|betibeglogene-autotemcel,betibeglogene-autotemcel 2022 FDA application trial results,2022 Biological License Application Approvals | FDA,https://www.dejavu.org/cgi-bin/get.cgi?url=https%3A%2F%2Fweb.archive.org%2Fweb%2F20250202082055%2Fhttps%3A%2F%2Fwww.fda.gov%2Fvaccines-blood-biologics%2Fdevelopment-approval-process-cber%2F2022-biological-license-application-approvals&ver=95,turn170search11,CANDIDATE_ONLY_NOT_GATE_EVIDENCE,2026-10-06
BLUE|2022-08-19|betibeglogene-autotemcel,betibeglogene-autotemcel 2022 FDA application trial results,We are a,https://www.sec.gov/Archives/edgar/data/1293971/000129397123000017/blue_arsx2022x.pdf,turn170search15,CANDIDATE_ONLY_NOT_GATE_EVIDENCE,2026-10-06
BLUE|2022-08-19|betibeglogene-autotemcel,betibeglogene-autotemcel 2022 FDA application trial results,"Cellular, Tissue, and Gene Therapies Advisory Committee June 9-10, 2022 Meeting Presentation- Elivaldogene Autotemcel (Eli-cel): BLA 125717- Treatment of patients with β-thalassemia who require regular red blood cell (RBC) transfusions",https://www.fda.gov/media/159128/download,turn170search16,CANDIDATE_ONLY_NOT_GATE_EVIDENCE,2026-10-06
BLUE|2022-08-19|betibeglogene-autotemcel,betibeglogene-autotemcel 2022 FDA application trial results,"Cellular, Tissue, and Gene Therapies Advisory Committee June 9-10, 2022 Meeting Briefing Document- FDA- 125717",https://www.fda.gov/media/159009/download,turn170search17,CANDIDATE_ONLY_NOT_GATE_EVIDENCE,2026-10-06
AXSM|2022-08-22|dextromethorphan-bupropion,dextromethorphan-bupropion 2022 FDA application trial results,Effect of AXS-05 (Dextromethorphan-Bupropion) in Major Depressive Disorder: A Randomized Double-Blind Controlled Trial.,https://pubmed.ncbi.nlm.nih.gov/35582785/,turn158search0,CANDIDATE_ONLY_NOT_GATE_EVIDENCE,2026-10-06
AXSM|2022-08-22|dextromethorphan-bupropion,dextromethorphan-bupropion 2022 FDA application trial results,Efficacy and Safety of AXS-05 (Dextromethorphan-Bupropion) in Patients With Major Depressive Disorder: A Phase 3 Randomized Clinical Trial (GEMINI).,https://pubmed.ncbi.nlm.nih.gov/35649167/,turn158search1,CANDIDATE_ONLY_NOT_GATE_EVIDENCE,2026-10-06
AXSM|2022-08-22|dextromethorphan-bupropion,dextromethorphan-bupropion 2022 FDA application trial results,EX-99.1,https://www.sec.gov/Archives/edgar/data/1579428/000095017022010980/axsm-ex99_1.htm,turn158search2,CANDIDATE_ONLY_NOT_GATE_EVIDENCE,2026-10-06
AXSM|2022-08-22|dextromethorphan-bupropion,dextromethorphan-bupropion 2022 FDA application trial results,axsm_Current Folio_10K,https://www.sec.gov/Archives/edgar/data/1579428/000155837020002573/axsm-20191231x10k.htm,turn158search7,CANDIDATE_ONLY_NOT_GATE_EVIDENCE,2026-10-06
AXSM|2022-08-22|dextromethorphan-bupropion,dextromethorphan-bupropion 2022 FDA application trial results,EX-99.1,https://www.sec.gov/Archives/edgar/data/1579428/000095017022011048/axsm-ex99_1.htm,turn158search8,CANDIDATE_ONLY_NOT_GATE_EVIDENCE,2026-10-06
AXSM|2022-08-22|dextromethorphan-bupropion,dextromethorphan-bupropion 2022 FDA application trial results,EX-99.1,https://www.sec.gov/Archives/edgar/data/1579428/000095017022010230/axsm-ex99_1.htm,turn158search9,CANDIDATE_ONLY_NOT_GATE_EVIDENCE,2026-10-06
AXSM|2022-08-22|dextromethorphan-bupropion,dextromethorphan-bupropion 2022 FDA application trial results,Axsome Therapeutics Announces Publication of Pivotal GEMINI,https://www.globenewswire.com/news-release/2022/05/31/2453148/33090/en/Axsome-Therapeutics-Announces-Publication-of-Pivotal-GEMINI-Phase-3-Trial-of-AXS-05-in-Major-Depressive-Disorder-in-The-Journal-of-Clinical-Psychiatry.html,turn158search10,CANDIDATE_ONLY_NOT_GATE_EVIDENCE,2026-10-06
AXSM|2022-08-22|dextromethorphan-bupropion,dextromethorphan-bupropion 2022 FDA application trial results,EX-99.1,https://www.sec.gov/Archives/edgar/data/1579428/000095017022010892/axsm-ex99_1.htm,turn158search11,CANDIDATE_ONLY_NOT_GATE_EVIDENCE,2026-10-06
AXSM|2022-08-22|dextromethorphan-bupropion,dextromethorphan-bupropion 2022 FDA application trial results,Review,https://www.accessdata.fda.gov/drugsatfda_docs/nda/2023/215430Orig1s000MultidisciplineR.pdf,turn158search12,CANDIDATE_ONLY_NOT_GATE_EVIDENCE,2026-10-06
AXSM|2022-08-22|dextromethorphan-bupropion,dextromethorphan-bupropion 2022 FDA application trial results,Review,https://www.accessdata.fda.gov/drugsatfda_docs/nda/2024/215430Orig1s000MultidisciplineR.pdf,turn158search15,CANDIDATE_ONLY_NOT_GATE_EVIDENCE,2026-10-06
RVNC|2022-09-08|daxibotulinumtoxina-resubmission,daxibotulinumtoxina 2022 FDA application trial results,New Drug Therapy Approvals 2022 | FDA,https://www.fda.gov/drugs/novel-drug-approvals-fda/new-drug-therapy-approvals-2022,turn159search0,CANDIDATE_ONLY_NOT_GATE_EVIDENCE,2026-10-06
RVNC|2022-09-08|daxibotulinumtoxina-resubmission,daxibotulinumtoxina 2022 FDA application trial results,"DaxibotulinumtoxinA for Injection for the Treatment of Glabellar Lines: Results from Each of Two Multicenter, Randomized, Double-Blind, Placebo-Controlled, Phase 3 Studies (SAKURA 1 and SAKURA 2) - PMC",https://pmc.ncbi.nlm.nih.gov/articles/PMC6940025/,turn159search2,CANDIDATE_ONLY_NOT_GATE_EVIDENCE,2026-10-06
RVNC|2022-09-08|daxibotulinumtoxina-resubmission,daxibotulinumtoxina 2022 FDA application trial results,rvnc-20211231,https://www.sec.gov/Archives/edgar/data/1479290/000147929022000034/rvnc-20211231.htm,turn159search3,CANDIDATE_ONLY_NOT_GATE_EVIDENCE,2026-10-06
RVNC|2022-09-08|daxibotulinumtoxina-resubmission,daxibotulinumtoxina 2022 FDA application trial results,Review,https://www.accessdata.fda.gov/drugsatfda_docs/nda/2022/761127Orig1s000MultidisciplineR.pdf,turn159search12,CANDIDATE_ONLY_NOT_GATE_EVIDENCE,2026-10-06
RVNC|2022-09-08|daxibotulinumtoxina-resubmission,daxibotulinumtoxina 2022 FDA application trial results,Treatment of Upper Facial Lines With DaxibotulinumtoxinA for Injection: Results From an Open-Label Phase 2 Study.,https://pubmed.ncbi.nlm.nih.gov/36533798/,turn159search4,CANDIDATE_ONLY_NOT_GATE_EVIDENCE,2026-10-06
RVNC|2022-09-08|daxibotulinumtoxina-resubmission,daxibotulinumtoxina 2022 FDA application trial results,"DaxibotulinumtoxinA for Injection for the Treatment of Glabellar Lines: Results from Each of Two Multicenter, Randomized, Double-Blind, Placebo-Controlled, Phase 3 Studies (SAKURA 1 and SAKURA 2).",https://pubmed.ncbi.nlm.nih.gov/31609882/,turn159search5,CANDIDATE_ONLY_NOT_GATE_EVIDENCE,2026-10-06
RVNC|2022-09-08|daxibotulinumtoxina-resubmission,daxibotulinumtoxina 2022 FDA application trial results,Drug Trials Snapshot: DAXXIFY | FDA,https://www.fda.gov/drugs/drug-approvals-and-databases/drug-trials-snapshot-daxxify,turn159search6,CANDIDATE_ONLY_NOT_GATE_EVIDENCE,2026-10-06
RVNC|2022-09-08|daxibotulinumtoxina-resubmission,daxibotulinumtoxina 2022 FDA application trial results,Review,https://www.accessdata.fda.gov/drugsatfda_docs/nda/2022/761127Orig1s000lbl.pdf,turn159search13,CANDIDATE_ONLY_NOT_GATE_EVIDENCE,2026-10-06
RVNC|2022-09-08|daxibotulinumtoxina-resubmission,daxibotulinumtoxina 2022 FDA application trial results,Review,https://www.accessdata.fda.gov/drugsatfda_docs/nda/2022/761127Orig1s000Approv.pdf,turn159search14,CANDIDATE_ONLY_NOT_GATE_EVIDENCE,2026-10-06
RVNC|2022-09-08|daxibotulinumtoxina-resubmission,daxibotulinumtoxina 2022 FDA application trial results,Purple Book Search,https://purplebooksearch.fda.gov/index.cfm?blaNo=761127&event=productdetails,turn159search9,CANDIDATE_ONLY_NOT_GATE_EVIDENCE,2026-10-06
RVNC|2022-09-08|daxibotulinumtoxina-resubmission,daxibotulinumtoxina 2022 FDA application trial results,"DaxibotulinumtoxinA for Injection for the Treatment of Glabellar Lines: Efficacy Results From SAKURA 3, a Large, Open-Label, Phase 3 Safety Study.",https://pubmed.ncbi.nlm.nih.gov/32773446/,turn159search10,CANDIDATE_ONLY_NOT_GATE_EVIDENCE,2026-10-06
RVNC|2022-09-08|daxibotulinumtoxina-resubmission,daxibotulinumtoxina 2022 FDA application trial results,EX-99.2,https://www.sec.gov/Archives/edgar/data/1479290/000119312520269018/d70190dex992.htm,turn159search11,CANDIDATE_ONLY_NOT_GATE_EVIDENCE,2026-10-06
RVNC|2022-09-08|daxibotulinumtoxina-resubmission,daxibotulinumtoxina 2022 FDA application trial results,Daxxify (daxibotulinumtoxinA-lanm) injection,https://www.accessdata.fda.gov/drugsatfda_docs/appletter/2023/761127Orig1s002ltr.pdf,turn159search16,CANDIDATE_ONLY_NOT_GATE_EVIDENCE,2026-10-06
BLUE|2022-09-16|elivaldogene-autotemcel,elivaldogene-autotemcel 2022 FDA application trial results,"Cellular, Tissue, and Gene Therapies Advisory Committee June 9-10, 2022 Meeting Presentation- Elivaldogene autotemcel (eli-cel) for the Treatment of Patients with Early Active Cerebral Adrenoleukodystrophy",https://www.fda.gov/media/159132/download,turn167search12,CANDIDATE_ONLY_NOT_GATE_EVIDENCE,2026-10-06
BLUE|2022-09-16|elivaldogene-autotemcel,elivaldogene-autotemcel 2022 FDA application trial results,"Cellular, Tissue, and Gene Therapies Advisory Committee June 9-10, 2022 Meeting Announcement - 06/09/2022 | FDA",https://www.fda.gov/advisory-committees/advisory-committee-calendar/cellular-tissue-and-gene-therapies-advisory-committee-june-9-10-2022-meeting-announcement-06092022,turn167search0,CANDIDATE_ONLY_NOT_GATE_EVIDENCE,2026-10-06
BLUE|2022-09-16|elivaldogene-autotemcel,elivaldogene-autotemcel 2022 FDA application trial results,CBER Biological Product Approvals that Used Real-World Evidence | FDA,https://www.fda.gov/science-research/real-world-evidence/cber-biological-product-approvals-used-real-world-evidence,turn167search1,CANDIDATE_ONLY_NOT_GATE_EVIDENCE,2026-10-06
BLUE|2022-09-16|elivaldogene-autotemcel,elivaldogene-autotemcel 2022 FDA application trial results,"Cellular, Tissue, and Gene Therapies Advisory Committee June 9-10, 2022 Meeting Presentation- Elivaldogene Autotemcel (Eli-cel): BLA 125755 Clinical Considerations for Efficacy and Specific Safety in Early Cerebral Adrenoleukodystrophy",https://www.fda.gov/media/159129/download,turn167search13,CANDIDATE_ONLY_NOT_GATE_EVIDENCE,2026-10-06
BLUE|2022-09-16|elivaldogene-autotemcel,elivaldogene-autotemcel 2022 FDA application trial results,SKYSONA | FDA,https://www.fda.gov/vaccines-blood-biologics/skysona,turn167search2,CANDIDATE_ONLY_NOT_GATE_EVIDENCE,2026-10-06
BLUE|2022-09-16|elivaldogene-autotemcel,elivaldogene-autotemcel 2022 FDA application trial results,"2022 Meeting Materials, Cellular, Tissue and Gene Therapies Advisory Committee | FDA",https://www.fda.gov/advisory-committees/cellular-tissue-and-gene-therapies-advisory-committee/2022-meeting-materials-cellular-tissue-and-gene-therapies-advisory-committee,turn167search3,CANDIDATE_ONLY_NOT_GATE_EVIDENCE,2026-10-06
BLUE|2022-09-16|elivaldogene-autotemcel,elivaldogene-autotemcel 2022 FDA application trial results,FDA Approves Required Labeling Changes for Increased Risk of Hematologic Malignancy Following Treatment with Skysona (elivaldogene autotemcel) | FDA,https://www.fda.gov/vaccines-blood-biologics/fda-approves-required-labeling-changes-increased-risk-hematologic-malignancy-following-treatment,turn167search4,CANDIDATE_ONLY_NOT_GATE_EVIDENCE,2026-10-06
BLUE|2022-09-16|elivaldogene-autotemcel,elivaldogene-autotemcel 2022 FDA application trial results,Assessment of United States Food and Drug Administration Approval of Cell and Gene Therapies - PMC,https://pmc.ncbi.nlm.nih.gov/articles/PMC13388474/,turn167search5,CANDIDATE_ONLY_NOT_GATE_EVIDENCE,2026-10-06
BLUE|2022-09-16|elivaldogene-autotemcel,elivaldogene-autotemcel 2022 FDA application trial results,Comparison of Clinical Evidence Submitted to the FDA and EMA for Cell and Gene Therapies - PMC,https://pmc.ncbi.nlm.nih.gov/articles/PMC11791768/,turn167search6,CANDIDATE_ONLY_NOT_GATE_EVIDENCE,2026-10-06
BLUE|2022-09-16|elivaldogene-autotemcel,elivaldogene-autotemcel 2022 FDA application trial results,Comparison of Clinical Evidence Submitted to the FDA and EMA for Cell and Gene Therapies | Genetics and Genomics | JAMA Internal Medicine | JAMA Network,https://jamanetwork.com/journals/jamainternalmedicine/fullarticle/2829474,turn167search8,CANDIDATE_ONLY_NOT_GATE_EVIDENCE,2026-10-06
BLUE|2022-09-16|elivaldogene-autotemcel,elivaldogene-autotemcel 2022 FDA application trial results,Purple Book Search,https://purplebooksearch.fda.gov/index.cfm?blaNo=125755&event=productdetails,turn167search9,CANDIDATE_ONLY_NOT_GATE_EVIDENCE,2026-10-06
BLUE|2022-09-16|elivaldogene-autotemcel,elivaldogene-autotemcel 2022 FDA application trial results,,https://precision.fda.gov/uniisearch/srs/unii/KUM75TD6SG,turn167search10,CANDIDATE_ONLY_NOT_GATE_EVIDENCE,2026-10-06
BLUE|2022-09-16|elivaldogene-autotemcel,elivaldogene-autotemcel 2022 FDA application trial results,Approved Cellular and Gene Therapy Products | FDA,https://www.fda.gov/vaccines-blood-biologics/cellular-gene-therapy-products/approved-cellular-and-gene-therapy-products?trk=article-ssr-frontend-pulse_little-text-block,turn167search11,CANDIDATE_ONLY_NOT_GATE_EVIDENCE,2026-10-06
AMLX|2022-09-29|sodium-phenylbutyrate-taurursodiol,sodium-phenylbutyrate-taurursodiol 2022 FDA application trial results,Trial of Sodium Phenylbutyrate–Taurursodiol for Amyotrophic Lateral Sclerosis | New England Journal of Medicine,https://www.nejm.org/doi/full/10.1056/NEJMoa1916945,turn169search0,CANDIDATE_ONLY_NOT_GATE_EVIDENCE,2026-10-06
AMLX|2022-09-29|sodium-phenylbutyrate-taurursodiol,sodium-phenylbutyrate-taurursodiol 2022 FDA application trial results,Drug Trials Snapshots: RELYVRIO | FDA,https://www.fda.gov/drugs/drug-approvals-and-databases/drug-trials-snapshots-relyvrio,turn169search1,CANDIDATE_ONLY_NOT_GATE_EVIDENCE,2026-10-06
AMLX|2022-09-29|sodium-phenylbutyrate-taurursodiol,sodium-phenylbutyrate-taurursodiol 2022 FDA application trial results,Trial of Sodium Phenylbutyrate–Taurursodiol for Amyotrophic Lateral Sclerosis | New England Journal of Medicine,https://www.nejm.org/doi/full/10.1056/nejmoa1916945,turn169search2,CANDIDATE_ONLY_NOT_GATE_EVIDENCE,2026-10-06
AMLX|2022-09-29|sodium-phenylbutyrate-taurursodiol,sodium-phenylbutyrate-taurursodiol 2022 FDA application trial results,Trial of Sodium Phenylbutyrate–Taurursodiol for Amyotrophic Lateral Sclerosis - PMC,https://pmc.ncbi.nlm.nih.gov/articles/PMC9134321/,turn169search3,CANDIDATE_ONLY_NOT_GATE_EVIDENCE,2026-10-06
AMLX|2022-09-29|sodium-phenylbutyrate-taurursodiol,sodium-phenylbutyrate-taurursodiol 2022 FDA application trial results,Review,https://www.accessdata.fda.gov/drugsatfda_docs/nda/2022/216660Orig1s000SumR.pdf,turn169search12,CANDIDATE_ONLY_NOT_GATE_EVIDENCE,2026-10-06
AMLX|2022-09-29|sodium-phenylbutyrate-taurursodiol,sodium-phenylbutyrate-taurursodiol 2022 FDA application trial results,New Drug Therapy Approvals 2022 | FDA,https://www.fda.gov/drugs/novel-drug-approvals-fda/new-drug-therapy-approvals-2022,turn169search4,CANDIDATE_ONLY_NOT_GATE_EVIDENCE,2026-10-06
AMLX|2022-09-29|sodium-phenylbutyrate-taurursodiol,sodium-phenylbutyrate-taurursodiol 2022 FDA application trial results,Trial of Sodium Phenylbutyrate-Taurursodiol for Amyotrophic Lateral Sclerosis - PubMed,https://pubmed.ncbi.nlm.nih.gov/32877582/,turn169search5,CANDIDATE_ONLY_NOT_GATE_EVIDENCE,2026-10-06
AMLX|2022-09-29|sodium-phenylbutyrate-taurursodiol,sodium-phenylbutyrate-taurursodiol 2022 FDA application trial results,Relyvrio (sodium phenylbutyrate and taurursodiol),https://www.accessdata.fda.gov/drugsatfda_docs/appletter/2022/216660Orig1s000ltr.pdf,turn169search14,CANDIDATE_ONLY_NOT_GATE_EVIDENCE,2026-10-06
AMLX|2022-09-29|sodium-phenylbutyrate-taurursodiol,sodium-phenylbutyrate-taurursodiol 2022 FDA application trial results,Effect of sodium phenylbutyrate/taurursodiol on tracheostomy/ventilation-free survival and hospitalisation in amyotrophic lateral sclerosis: long-term results from the CENTAUR trial - PMC,https://pmc.ncbi.nlm.nih.gov/articles/PMC9304116/,turn169search6,CANDIDATE_ONLY_NOT_GATE_EVIDENCE,2026-10-06
AMLX|2022-09-29|sodium-phenylbutyrate-taurursodiol,sodium-phenylbutyrate-taurursodiol 2022 FDA application trial results,FDA PCNS                               March 30,https://www.fda.gov/media/158905/download,turn169search15,CANDIDATE_ONLY_NOT_GATE_EVIDENCE,2026-10-06
AMLX|2022-09-29|sodium-phenylbutyrate-taurursodiol,sodium-phenylbutyrate-taurursodiol 2022 FDA application trial results,"Amylyx Pharmaceuticals Announces FDA Advisory Committee Supports Approval of AMX0035 for the Treatment of ALS | Amylyx Pharmaceuticals, Inc.",https://investors.amylyx.com/news-releases/news-release-details/amylyx-pharmaceuticals-announces-fda-advisory-committee-supports,turn169search9,CANDIDATE_ONLY_NOT_GATE_EVIDENCE,2026-10-06
PRVB|2022-11-17|teplizumab-resubmission,teplizumab 2022 FDA application trial results,1  EXECUTIVE SUMMARY,https://www.accessdata.fda.gov/drugsatfda_docs/nda/2023/761183Orig1s000StatR.pdf,turn164search12,CANDIDATE_ONLY_NOT_GATE_EVIDENCE,2026-10-06
PRVB|2022-11-17|teplizumab-resubmission,teplizumab 2022 FDA application trial results,Teplizumab and β-Cell Function in Newly Diagnosed Type 1 Diabetes | New England Journal of Medicine,https://www.nejm.org/doi/full/10.1056/NEJMoa2308743,turn164search0,CANDIDATE_ONLY_NOT_GATE_EVIDENCE,2026-10-06
PRVB|2022-11-17|teplizumab-resubmission,teplizumab 2022 FDA application trial results,Drug Trials Snapshots: TZIELD | FDA,https://www.fda.gov/drugs/drug-trials-snapshots/drug-trials-snapshots-tzield,turn164search1,CANDIDATE_ONLY_NOT_GATE_EVIDENCE,2026-10-06
PRVB|2022-11-17|teplizumab-resubmission,teplizumab 2022 FDA application trial results,Clinical Review,https://www.accessdata.fda.gov/drugsatfda_docs/nda/2023/761183Orig1s000MedR.pdf,turn164search13,CANDIDATE_ONLY_NOT_GATE_EVIDENCE,2026-10-06
PRVB|2022-11-17|teplizumab-resubmission,teplizumab 2022 FDA application trial results,FDA Approves Drug for Pediatric Stage 3 Type I Diabetes | FDA,https://www.fda.gov/drugs/news-events-human-drugs/fda-approves-drug-pediatric-stage-3-type-i-diabetes,turn164search2,CANDIDATE_ONLY_NOT_GATE_EVIDENCE,2026-10-06
PRVB|2022-11-17|teplizumab-resubmission,teplizumab 2022 FDA application trial results,"An Anti-CD3 Antibody, Teplizumab, in Relatives at Risk for Type 1 Diabetes | New England Journal of Medicine",https://www.nejm.org/doi/full/10.1056/nejmoa1902226,turn164search3,CANDIDATE_ONLY_NOT_GATE_EVIDENCE,2026-10-06
PRVB|2022-11-17|teplizumab-resubmission,teplizumab 2022 FDA application trial results,,https://www.sec.gov/Archives/edgar/data/1695357/000149315220003770/form10-k.htm,turn164search4,CANDIDATE_ONLY_NOT_GATE_EVIDENCE,2026-10-06
PRVB|2022-11-17|teplizumab-resubmission,teplizumab 2022 FDA application trial results,New Drug Therapy Approvals 2022 | FDA,https://www.fda.gov/drugs/novel-drug-approvals-fda/new-drug-therapy-approvals-2022,turn164search6,CANDIDATE_ONLY_NOT_GATE_EVIDENCE,2026-10-06
PRVB|2022-11-17|teplizumab-resubmission,teplizumab 2022 FDA application trial results,FDA Approves New Indication for Tzield (teplizumab) for Certain Pediatric Patients with Recently Diagnosed Stage 3 Type 1 Diabetes | FDA,https://www.fda.gov/news-events/press-announcements/fda-approves-new-indication-tzield-teplizumab-certain-pediatric-patients-recently-diagnosed-stage-3,turn164search7,CANDIDATE_ONLY_NOT_GATE_EVIDENCE,2026-10-06
PRVB|2022-11-17|teplizumab-resubmission,teplizumab 2022 FDA application trial results,"An Anti-CD3 Antibody, Teplizumab, in Relatives at Risk for Type 1 Diabetes - PubMed",https://pubmed.ncbi.nlm.nih.gov/31180194/,turn164search9,CANDIDATE_ONLY_NOT_GATE_EVIDENCE,2026-10-06
PRVB|2022-11-17|teplizumab-resubmission,teplizumab 2022 FDA application trial results,Teplizumab improves and stabilizes beta cell function in antibody-positive high-risk individuals - PubMed,https://pubmed.ncbi.nlm.nih.gov/33658358/,turn164search10,CANDIDATE_ONLY_NOT_GATE_EVIDENCE,2026-10-06
PRVB|2022-11-17|teplizumab-resubmission,teplizumab 2022 FDA application trial results,"An Anti-CD3 Antibody, Teplizumab, in Relatives at Risk for Type 1 Diabetes | New England Journal of Medicine",https://www.nejm.org/doi/full/10.1056/NEJMoa1902226,turn164search11,CANDIDATE_ONLY_NOT_GATE_EVIDENCE,2026-10-06
PRVB|2022-11-17|teplizumab-resubmission,teplizumab 2022 FDA application trial results,Benefit-Risk Assessment.............,https://www.fda.gov/media/165362/download,turn164search14,CANDIDATE_ONLY_NOT_GATE_EVIDENCE,2026-10-06
MRTX|2022-12-14|adagrasib,adagrasib 2022 FDA application trial results,Adagrasib in Non–Small-Cell Lung Cancer Harboring a KRASG12C Mutation | New England Journal of Medicine,https://www.nejm.org/doi/full/10.1056/NEJMoa2204619,turn174search0,CANDIDATE_ONLY_NOT_GATE_EVIDENCE,2026-10-06
MRTX|2022-12-14|adagrasib,adagrasib 2022 FDA application trial results,Adagrasib with or without Cetuximab in Colorectal Cancer with Mutated KRAS G12C | New England Journal of Medicine,https://www.nejm.org/doi/full/10.1056/NEJMoa2212419,turn174search1,CANDIDATE_ONLY_NOT_GATE_EVIDENCE,2026-10-06
MRTX|2022-12-14|adagrasib,adagrasib 2022 FDA application trial results,"FDA D.I.S.C.O. Burst Edition: FDA approvals of Tecentriq (atezolizumab) for unresectable or metastatic alveolar soft part sarcoma, and Krazati (adagrasib) for KRAS G12C-mutated locally advanced or metastatic non-small cell lung cancer | FDA",https://www.fda.gov/drugs/resources-information-approved-drugs/fda-disco-burst-edition-fda-approvals-tecentriq-atezolizumab-unresectable-or-metastatic-alveolar,turn174search2,CANDIDATE_ONLY_NOT_GATE_EVIDENCE,2026-10-06
MRTX|2022-12-14|adagrasib,adagrasib 2022 FDA application trial results,Adagrasib in Non-Small-Cell Lung Cancer Harboring a KRASG12C Mutation - PubMed,https://pubmed.ncbi.nlm.nih.gov/35658005/,turn174search3,CANDIDATE_ONLY_NOT_GATE_EVIDENCE,2026-10-06
MRTX|2022-12-14|adagrasib,adagrasib 2022 FDA application trial results,Adagrasib: A landmark in the KRASG12C‐mutated NSCLC - PMC,https://pmc.ncbi.nlm.nih.gov/articles/PMC9697582/,turn174search4,CANDIDATE_ONLY_NOT_GATE_EVIDENCE,2026-10-06
MRTX|2022-12-14|adagrasib,adagrasib 2022 FDA application trial results,mrtx-20221231,https://www.sec.gov/Archives/edgar/data/1576263/000162828023005576/mrtx-20221231.htm,turn174search5,CANDIDATE_ONLY_NOT_GATE_EVIDENCE,2026-10-06
MRTX|2022-12-14|adagrasib,adagrasib 2022 FDA application trial results,Adagrasib in Non–Small-Cell Lung Cancer Harboring a KRASG12C Mutation | New England Journal of Medicine,https://www.nejm.org/doi/full/10.1056/NEJMoa2204619?query=featured_home,turn174search6,CANDIDATE_ONLY_NOT_GATE_EVIDENCE,2026-10-06
MRTX|2022-12-14|adagrasib,adagrasib 2022 FDA application trial results,Adagrasib with or without Cetuximab in Colorectal Cancer with Mutated KRAS G12C - PMC,https://pmc.ncbi.nlm.nih.gov/articles/PMC9908297/,turn174search7,CANDIDATE_ONLY_NOT_GATE_EVIDENCE,2026-10-06
MRTX|2022-12-14|adagrasib,adagrasib 2022 FDA application trial results,mrtx-20220930,https://www.sec.gov/Archives/edgar/data/1576263/000162828022028942/mrtx-20220930.htm,turn174search8,CANDIDATE_ONLY_NOT_GATE_EVIDENCE,2026-10-06
MRTX|2022-12-14|adagrasib,adagrasib 2022 FDA application trial results,mrtx-20220630,https://www.sec.gov/Archives/edgar/data/1576263/000162828022020594/mrtx-20220630.htm,turn174search9,CANDIDATE_ONLY_NOT_GATE_EVIDENCE,2026-10-06
MRTX|2022-12-14|adagrasib,adagrasib 2022 FDA application trial results,mrtx-20230331,https://www.sec.gov/Archives/edgar/data/1576263/000162828023016835/mrtx-20230331.htm,turn174search11,CANDIDATE_ONLY_NOT_GATE_EVIDENCE,2026-10-06
MRTX|2022-12-14|adagrasib,adagrasib 2022 FDA application trial results,"Mirati is conducting several studies of adagrasib for the treatment of KRAS^G12C^-mutated NSCLC, CRC, pancreatic cancer, and other solid tumors. We have enrolled, or intend to enroll, patients in Greater China in various global trials for adagrasib.",https://www.sec.gov/Archives/edgar/data/1704292/000162828023014342/a202210-k_filedv2.pdf,turn174search12,CANDIDATE_ONLY_NOT_GATE_EVIDENCE,2026-10-06
MRTX|2022-12-14|adagrasib,adagrasib 2022 FDA application trial results,"October 5, 2023 Oncologic Drugs Advisory Committee Meeting",https://www.fda.gov/media/175797/download,turn174search13,CANDIDATE_ONLY_NOT_GATE_EVIDENCE,2026-10-06
TGTX|2022-12-28|ublituximab,ublituximab 2022 FDA application trial results,New Drug Therapy Approvals 2022 | FDA,https://www.fda.gov/drugs/novel-drug-approvals-fda/new-drug-therapy-approvals-2022,turn173search0,CANDIDATE_ONLY_NOT_GATE_EVIDENCE,2026-10-06
TGTX|2022-12-28|ublituximab,ublituximab 2022 FDA application trial results,Novel Drug Approvals for 2022 | FDA,https://www.fda.gov/drugs/novel-drug-approvals-fda/novel-drug-approvals-2022,turn173search1,CANDIDATE_ONLY_NOT_GATE_EVIDENCE,2026-10-06
TGTX|2022-12-28|ublituximab,ublituximab 2022 FDA application trial results,Ublituximab versus Teriflunomide in Relapsing Multiple Sclerosis - PubMed,https://pubmed.ncbi.nlm.nih.gov/36001711/,turn173search2,CANDIDATE_ONLY_NOT_GATE_EVIDENCE,2026-10-06
TGTX|2022-12-28|ublituximab,ublituximab 2022 FDA application trial results,,https://www.sec.gov/Archives/edgar/data/1001316/000155837022012854/tgtx-20220630x10q.htm,turn173search3,CANDIDATE_ONLY_NOT_GATE_EVIDENCE,2026-10-06
TGTX|2022-12-28|ublituximab,ublituximab 2022 FDA application trial results,Ublituximab versus Teriflunomide in Relapsing Multiple Sclerosis | New England Journal of Medicine,https://www.nejm.org/doi/abs/10.1056/NEJMoa2201904,turn173search4,CANDIDATE_ONLY_NOT_GATE_EVIDENCE,2026-10-06
TGTX|2022-12-28|ublituximab,ublituximab 2022 FDA application trial results,Ublituximab versus Teriflunomide in Relapsing Multiple Sclerosis - PubMed,https://pubmed.ncbi.nlm.nih.gov/36001711/?dopt=Abstract,turn173search5,CANDIDATE_ONLY_NOT_GATE_EVIDENCE,2026-10-06
TGTX|2022-12-28|ublituximab,ublituximab 2022 FDA application trial results,"A phase 2 multicenter study of ublituximab, a novel glycoengineered anti-CD20 monoclonal antibody, in patients with relapsing forms of multiple sclerosis - PMC",https://pmc.ncbi.nlm.nih.gov/articles/PMC7897779/,turn173search6,CANDIDATE_ONLY_NOT_GATE_EVIDENCE,2026-10-06
TGTX|2022-12-28|ublituximab,ublituximab 2022 FDA application trial results,"A phase 2 multicenter study of ublituximab, a novel glycoengineered anti-CD20 monoclonal antibody, in patients with relapsing forms of multiple sclerosis - PubMed",https://pubmed.ncbi.nlm.nih.gov/32351164/,turn173search7,CANDIDATE_ONLY_NOT_GATE_EVIDENCE,2026-10-06
TGTX|2022-12-28|ublituximab,ublituximab 2022 FDA application trial results,Drug Trials Snapshots: BRIUMVI | FDA,https://www.fda.gov/drugs/drug-trials-snapshots/drug-trials-snapshots-briumvi,turn173search9,CANDIDATE_ONLY_NOT_GATE_EVIDENCE,2026-10-06
TGTX|2022-12-28|ublituximab,ublituximab 2022 FDA application trial results,Ublituximab versus Teriflunomide in Relapsing Multiple Sclerosis | New England Journal of Medicine,https://www.nejm.org/doi/10.1056/NEJMoa2201904,turn173search10,CANDIDATE_ONLY_NOT_GATE_EVIDENCE,2026-10-06
TGTX|2022-12-28|ublituximab,ublituximab 2022 FDA application trial results,"TG Therapeutics Announces Results from the ULTIMATE I & II Phase 3 Trials of Investigational Ublituximab in RMS Published in The New England Journal of Medicine | TG Therapeutics, Inc.",https://ir.tgtherapeutics.com/news-releases/news-release-details/tg-therapeutics-announces-results-ultimate-i-ii-phase-3-trials,turn173search11,CANDIDATE_ONLY_NOT_GATE_EVIDENCE,2026-10-06
TGTX|2022-12-28|ublituximab,ublituximab 2022 FDA application trial results,FDA Introductory Comments,https://www.fda.gov/media/157837/download,turn173search12,CANDIDATE_ONLY_NOT_GATE_EVIDENCE,2026-10-06
TGTX|2022-12-28|ublituximab,ublituximab 2022 FDA application trial results,TG Therapeutics Announces Results from the ULTIMATE I & II Phase 3 Trials of Investigational Ublituximab in RMS Published in The New England Journal of Medicine,https://ir.tgtherapeutics.com/node/17426/pdf,turn173search13,CANDIDATE_ONLY_NOT_GATE_EVIDENCE,2026-10-06
TGTX|2022-12-28|ublituximab,ublituximab 2022 FDA application trial results,Table of Contents,https://ir.tgtherapeutics.com/static-files/783be56b-b145-438f-9a89-c680d163aa09,turn173search17,CANDIDATE_ONLY_NOT_GATE_EVIDENCE,2026-10-06
PHAT|2023-02-07|vonoprazan,vonoprazan 2023 FDA application trial results,8-K,https://www.sec.gov/Archives/edgar/data/1783183/000119312523241941/d535060d8k.htm,turn175search0,CANDIDATE_ONLY_NOT_GATE_EVIDENCE,2026-10-06
PHAT|2023-02-07|vonoprazan,vonoprazan 2023 FDA application trial results,3.1.1.,https://www.accessdata.fda.gov/drugsatfda_docs/nda/2025/218710Orig1s000IntegratedR.pdf,turn175search12,CANDIDATE_ONLY_NOT_GATE_EVIDENCE,2026-10-06
PHAT|2023-02-07|vonoprazan,vonoprazan 2023 FDA application trial results,UNITED STATES,https://www.sec.gov/Archives/edgar/data/1783183/000095017024044013/phat_ars_2023_filing.pdf,turn175search13,CANDIDATE_ONLY_NOT_GATE_EVIDENCE,2026-10-06
PHAT|2023-02-07|vonoprazan,vonoprazan 2023 FDA application trial results,Randomised clinical trial: Efficacy and safety of on-demand vonoprazan versus placebo for non-erosive reflux disease - PubMed,https://pubmed.ncbi.nlm.nih.gov/37750406/,turn175search1,CANDIDATE_ONLY_NOT_GATE_EVIDENCE,2026-10-06
PHAT|2023-02-07|vonoprazan,vonoprazan 2023 FDA application trial results,Vonoprazan: A New Potassium-Competitive Acid Blocker - PMC,https://pmc.ncbi.nlm.nih.gov/articles/PMC10268044/,turn175search2,CANDIDATE_ONLY_NOT_GATE_EVIDENCE,2026-10-06
PHAT|2023-02-07|vonoprazan,vonoprazan 2023 FDA application trial results,"Drug Trials Snapshots: VOQUEZNA TRIPLE PAK, VOQUEZNA DUAL PAK | FDA",https://www.fda.gov/drugs/drug-trials-snapshots/drug-trials-snapshots-voquezna-triple-pak-voquezna-dual-pak,turn175search3,CANDIDATE_ONLY_NOT_GATE_EVIDENCE,2026-10-06
PHAT|2023-02-07|vonoprazan,vonoprazan 2023 FDA application trial results,A9rrzmu6_11nw95k_hls.tmp,https://www.sec.gov/Archives/edgar/data/1783183/000119312526144576/new_phat_2025_ars.pdf,turn175search14,CANDIDATE_ONLY_NOT_GATE_EVIDENCE,2026-10-06
PHAT|2023-02-07|vonoprazan,vonoprazan 2023 FDA application trial results,10-K,https://www.sec.gov/Archives/edgar/data/1783183/000095017024027910/phat-20231231.htm,turn175search4,CANDIDATE_ONLY_NOT_GATE_EVIDENCE,2026-10-06
PHAT|2023-02-07|vonoprazan,vonoprazan 2023 FDA application trial results,"Phathom Pharmaceuticals Announces Positive Topline Results from Phase 3 PHALCON-NERD-301 Trial Evaluating Daily Dosing of Vonoprazan for Symptomatic Non-Erosive Gastroesophageal Reflux Disease (NERD) | Phathom Pharmaceuticals, Inc.",https://investors.phathompharma.com/news-releases/news-release-details/phathom-pharmaceuticals-announces-positive-topline-results-1,turn175search5,CANDIDATE_ONLY_NOT_GATE_EVIDENCE,2026-10-06
PHAT|2023-02-07|vonoprazan,vonoprazan 2023 FDA application trial results,10-K,https://www.sec.gov/Archives/edgar/data/1783183/000095017023004875/phat-20221231.htm,turn175search7,CANDIDATE_ONLY_NOT_GATE_EVIDENCE,2026-10-06
PHAT|2023-02-07|vonoprazan,vonoprazan 2023 FDA application trial results,Review,https://www.accessdata.fda.gov/drugsatfda_docs/nda/2024/215151Orig1s000IntegratedR.pdf,turn175search15,CANDIDATE_ONLY_NOT_GATE_EVIDENCE,2026-10-06
PHAT|2023-02-07|vonoprazan,vonoprazan 2023 FDA application trial results,Phathom Pharmaceuticals Announces Positive Topline Results,https://www.globenewswire.com/news-release/2023/01/08/2584752/0/en/phathom-pharmaceuticals-announces-positive-topline-results-from-phase-3-phalcon-nerd-301-trial-evaluating-daily-dosing-of-vonoprazan-for-symptomatic-non-erosive-gastroesophageal-re.html,turn175search8,CANDIDATE_ONLY_NOT_GATE_EVIDENCE,2026-10-06
PHAT|2023-02-07|vonoprazan,vonoprazan 2023 FDA application trial results,8-K,https://www.sec.gov/Archives/edgar/data/1783183/000119312523268319/d579199d8k.htm,turn175search10,CANDIDATE_ONLY_NOT_GATE_EVIDENCE,2026-10-06
TVTX|2023-02-17|sparsentan,sparsentan 2023 FDA application trial results,Sparsentan versus Irbesartan in Focal Segmental Glomerulosclerosis | New England Journal of Medicine,https://www.nejm.org/doi/full/10.1056/NEJMoa2308550,turn183search0,CANDIDATE_ONLY_NOT_GATE_EVIDENCE,2026-10-06
TVTX|2023-02-17|sparsentan,sparsentan 2023 FDA application trial results,tvtx-20231231,https://www.sec.gov/Archives/edgar/data/1438533/000143853324000005/tvtx-20231231.htm,turn183search1,CANDIDATE_ONLY_NOT_GATE_EVIDENCE,2026-10-06
TVTX|2023-02-17|sparsentan,sparsentan 2023 FDA application trial results,Drug Trials Snapshots: FILSPARI | FDA,https://www.fda.gov/drugs/drug-trials-snapshots/drug-trials-snapshots-filspari,turn183search2,CANDIDATE_ONLY_NOT_GATE_EVIDENCE,2026-10-06
TVTX|2023-02-17|sparsentan,sparsentan 2023 FDA application trial results,tvtx-20230930,https://www.sec.gov/Archives/edgar/data/1438533/000143853323000048/tvtx-20230930.htm,turn183search3,CANDIDATE_ONLY_NOT_GATE_EVIDENCE,2026-10-06
TVTX|2023-02-17|sparsentan,sparsentan 2023 FDA application trial results,"Efficacy and safety of sparsentan versus irbesartan in patients with IgA nephropathy (PROTECT): 2-year results from a randomised, active-controlled, phase 3 trial - ScienceDirect",https://www.sciencedirect.com/science/article/pii/S0140673623023024,turn183search5,CANDIDATE_ONLY_NOT_GATE_EVIDENCE,2026-10-06
TVTX|2023-02-17|sparsentan,sparsentan 2023 FDA application trial results,tvtx-20230501,https://www.sec.gov/Archives/edgar/data/1438533/000143853323000018/tvtx-20230501.htm,turn183search6,CANDIDATE_ONLY_NOT_GATE_EVIDENCE,2026-10-06
TVTX|2023-02-17|sparsentan,sparsentan 2023 FDA application trial results,"36-week interim period. After 36 weeks of treatment, 42.0 percent of patients receiving sparsentan achieved FPRE, compared to 26.0 percent of irbesartan-treated patients (p=0.0094). Following engagement with the FDA on the interim proteinuria analysis and a subsequent eGFR data-cut, we elected to fo",https://www.sec.gov/Archives/edgar/data/1438533/000143853325000018/traveretherapeutics_finala.pdf,turn183search12,CANDIDATE_ONLY_NOT_GATE_EVIDENCE,2026-10-06
TVTX|2023-02-17|sparsentan,sparsentan 2023 FDA application trial results,Sparsentan versus Irbesartan in Focal Segmental Glomerulosclerosis | New England Journal of Medicine,https://www.nejm.org/doi/abs/10.1056/NEJMoa2308550,turn183search7,CANDIDATE_ONLY_NOT_GATE_EVIDENCE,2026-10-06
TVTX|2023-02-17|sparsentan,sparsentan 2023 FDA application trial results,Filspari (sparsentan) tablets,https://www.accessdata.fda.gov/drugsatfda_docs/appletter/2023/216403Orig1s000ltr.pdf,turn183search13,CANDIDATE_ONLY_NOT_GATE_EVIDENCE,2026-10-06
TVTX|2023-02-17|sparsentan,sparsentan 2023 FDA application trial results,tvtx-20230331,https://www.sec.gov/Archives/edgar/data/1438533/000143853323000024/tvtx-20230331.htm,turn183search9,CANDIDATE_ONLY_NOT_GATE_EVIDENCE,2026-10-06
TVTX|2023-02-17|sparsentan,sparsentan 2023 FDA application trial results,"Sparsentan in patients with IgA nephropathy: a prespecified interim analysis from a randomised, double-blind, active-controlled clinical trial - ScienceDirect",https://www.sciencedirect.com/science/article/pii/S014067362300569X,turn183search10,CANDIDATE_ONLY_NOT_GATE_EVIDENCE,2026-10-06
TVTX|2023-02-17|sparsentan,sparsentan 2023 FDA application trial results,Sparsentan versus Irbesartan in Focal Segmental Glomerulosclerosis - PubMed,https://pubmed.ncbi.nlm.nih.gov/?sort=date&term=37921461,turn183search11,CANDIDATE_ONLY_NOT_GATE_EVIDENCE,2026-10-06
TVTX|2023-02-17|sparsentan,sparsentan 2023 FDA application trial results,Review,https://www.accessdata.fda.gov/drugsatfda_docs/nda/2023/216403Orig1s000IntegratedR.pdf,turn183search14,CANDIDATE_ONLY_NOT_GATE_EVIDENCE,2026-10-06
TVTX|2023-02-17|sparsentan,sparsentan 2023 FDA application trial results,Review,https://www.accessdata.fda.gov/drugsatfda_docs/nda/2023/216403Orig1s000Lbl.pdf,turn183search17,CANDIDATE_ONLY_NOT_GATE_EVIDENCE,2026-10-06
APLS|2023-02-26|pegcetacoplan,pegcetacoplan 2023 FDA application trial results,Pegcetacoplan controls hemolysis in complement inhibitor-naive patients with paroxysmal nocturnal hemoglobinuria - PubMed,https://pubmed.ncbi.nlm.nih.gov/36848639/,turn176search0,CANDIDATE_ONLY_NOT_GATE_EVIDENCE,2026-10-06
APLS|2023-02-26|pegcetacoplan,pegcetacoplan 2023 FDA application trial results,10-K/A,https://www.sec.gov/Archives/edgar/data/1492422/000095017024023256/apls-20231231.htm,turn176search1,CANDIDATE_ONLY_NOT_GATE_EVIDENCE,2026-10-06
APLS|2023-02-26|pegcetacoplan,pegcetacoplan 2023 FDA application trial results,"Pegcetacoplan for the treatment of geographic atrophy secondary to age-related macular degeneration (OAKS and DERBY): two multicentre, randomised, double-masked, sham-controlled, phase 3 trials.",https://pubmed.ncbi.nlm.nih.gov/37865470/,turn176search2,CANDIDATE_ONLY_NOT_GATE_EVIDENCE,2026-10-06
APLS|2023-02-26|pegcetacoplan,pegcetacoplan 2023 FDA application trial results,"Pegcetacoplan for the treatment of geographic atrophy secondary to age-related macular degeneration (OAKS and DERBY): two multicentre, randomised, double-masked, sham-controlled, phase 3 trials - ScienceDirect",https://www.sciencedirect.com/science/article/pii/S0140673623015209,turn176search3,CANDIDATE_ONLY_NOT_GATE_EVIDENCE,2026-10-06
APLS|2023-02-26|pegcetacoplan,pegcetacoplan 2023 FDA application trial results,"measured by estimated glomerular filtration rate, and a substantial proportion of patients achieved a reduction in C3c staining intensity (nominal p<0.0001). Pegcetacoplan also demonstrated favorable safety and tolerability results, consistent with its established profile.",https://www.sec.gov/Archives/edgar/data/1492422/000095017025056968/apls-2025_-ars.pdf,turn176search12,CANDIDATE_ONLY_NOT_GATE_EVIDENCE,2026-10-06
APLS|2023-02-26|pegcetacoplan,pegcetacoplan 2023 FDA application trial results,10-K,https://www.sec.gov/Archives/edgar/data/1492422/000095017024020614/apls-20231231.htm,turn176search4,CANDIDATE_ONLY_NOT_GATE_EVIDENCE,2026-10-06
APLS|2023-02-26|pegcetacoplan,pegcetacoplan 2023 FDA application trial results,printmgr file,https://www.sec.gov/Archives/edgar/data/1492422/000095017023013765/apls-2023-ars.pdf,turn176search13,CANDIDATE_ONLY_NOT_GATE_EVIDENCE,2026-10-06
APLS|2023-02-26|pegcetacoplan,pegcetacoplan 2023 FDA application trial results,Drug Approval for the Treatment of Geographic Atrophy: How We Got Here and Where We Need to Go - PMC,https://pmc.ncbi.nlm.nih.gov/articles/PMC11162935/,turn176search6,CANDIDATE_ONLY_NOT_GATE_EVIDENCE,2026-10-06
APLS|2023-02-26|pegcetacoplan,pegcetacoplan 2023 FDA application trial results,New horizons in geographic atrophy treatment: enthusiasm and caution surrounding complement inhibitors - PMC,https://pmc.ncbi.nlm.nih.gov/articles/PMC11367370/,turn176search8,CANDIDATE_ONLY_NOT_GATE_EVIDENCE,2026-10-06
APLS|2023-02-26|pegcetacoplan,pegcetacoplan 2023 FDA application trial results,"Apellis Completes Enrollment in Two Phase 3 Studies of the Targeted C3 Therapy, Pegcetacoplan, in Patients with Geographic Atrophy (GA) - Apellis Pharmaceuticals, Inc.",https://investors.apellis.com/news-releases/news-release-details/apellis-completes-enrollment-two-phase-3-studies-targeted-c3,turn176search9,CANDIDATE_ONLY_NOT_GATE_EVIDENCE,2026-10-06
APLS|2023-02-26|pegcetacoplan,pegcetacoplan 2023 FDA application trial results,apls-10k_20211231.htm,https://www.sec.gov/Archives/edgar/data/1492422/000156459022007606/apls-10k_20211231.htm,turn176search10,CANDIDATE_ONLY_NOT_GATE_EVIDENCE,2026-10-06
APLS|2023-02-26|pegcetacoplan,pegcetacoplan 2023 FDA application trial results,Table of Contents,https://www.sec.gov/Archives/edgar/data/1492422/000095017024049114/apls-_2024_-_ars.pdf,turn176search14,CANDIDATE_ONLY_NOT_GATE_EVIDENCE,2026-10-06
CYTK|2023-02-28|omecamtiv-mecarbil,omecamtiv-mecarbil 2023 FDA application trial results,10-Q,https://www.sec.gov/Archives/edgar/data/1061983/000095017024057805/cytk-20240331.htm,turn189search0,CANDIDATE_ONLY_NOT_GATE_EVIDENCE,2026-10-06
CYTK|2023-02-28|omecamtiv-mecarbil,omecamtiv-mecarbil 2023 FDA application trial results,10-Q,https://www.sec.gov/Archives/edgar/data/1061983/000095017023018305/cytk-20230331.htm,turn189search1,CANDIDATE_ONLY_NOT_GATE_EVIDENCE,2026-10-06
CYTK|2023-02-28|omecamtiv-mecarbil,omecamtiv-mecarbil 2023 FDA application trial results,Form 8-K,https://www.sec.gov/Archives/edgar/data/1061983/000117184320008396/f8k_120720.htm,turn189search2,CANDIDATE_ONLY_NOT_GATE_EVIDENCE,2026-10-06
CYTK|2023-02-28|omecamtiv-mecarbil,omecamtiv-mecarbil 2023 FDA application trial results,10-Q,https://www.sec.gov/Archives/edgar/data/1061983/000095017023037995/cytk-20230630.htm,turn189search3,CANDIDATE_ONLY_NOT_GATE_EVIDENCE,2026-10-06
CYTK|2023-02-28|omecamtiv-mecarbil,omecamtiv-mecarbil 2023 FDA application trial results,Cardiac Myosin Activation with Omecamtiv Mecarbil in Systolic Heart Failure.,https://pubmed.ncbi.nlm.nih.gov/33185990/,turn189search4,CANDIDATE_ONLY_NOT_GATE_EVIDENCE,2026-10-06
CYTK|2023-02-28|omecamtiv-mecarbil,omecamtiv-mecarbil 2023 FDA application trial results,Effect of Omecamtiv Mecarbil on Exercise Capacity in Chronic Heart Failure With Reduced Ejection Fraction: The METEORIC-HF Randomized Clinical Trial | Trials | JAMA | JAMA Network,https://jamanetwork.com/journals/jama/fullarticle/2794362,turn189search5,CANDIDATE_ONLY_NOT_GATE_EVIDENCE,2026-10-06
CYTK|2023-02-28|omecamtiv-mecarbil,omecamtiv-mecarbil 2023 FDA application trial results,,https://www.sec.gov/Archives/edgar/data/1061983/000117184322002319/f8k_040422.htm,turn189search6,CANDIDATE_ONLY_NOT_GATE_EVIDENCE,2026-10-06
CYTK|2023-02-28|omecamtiv-mecarbil,omecamtiv-mecarbil 2023 FDA application trial results,10-K,https://www.sec.gov/Archives/edgar/data/1061983/000095017024022256/cytk-20231231.htm,turn189search7,CANDIDATE_ONLY_NOT_GATE_EVIDENCE,2026-10-06
CYTK|2023-02-28|omecamtiv-mecarbil,omecamtiv-mecarbil 2023 FDA application trial results,Cardiac Myosin Activation with Omecamtiv Mecarbil in Systolic Heart Failure | New England Journal of Medicine,https://www.nejm.org/doi/full/10.1056/NEJMoa2025797?query=RP,turn189search8,CANDIDATE_ONLY_NOT_GATE_EVIDENCE,2026-10-06
CYTK|2023-02-28|omecamtiv-mecarbil,omecamtiv-mecarbil 2023 FDA application trial results,Effect of Omecamtiv Mecarbil on Exercise Capacity in Chronic Heart Failure With Reduced Ejection Fraction: The METEORIC-HF Randomized Clinical Trial - PubMed,https://pubmed.ncbi.nlm.nih.gov/35852527/,turn189search9,CANDIDATE_ONLY_NOT_GATE_EVIDENCE,2026-10-06
CYTK|2023-02-28|omecamtiv-mecarbil,omecamtiv-mecarbil 2023 FDA application trial results,Cardiac Myosin Activation with Omecamtiv Mecarbil in Systolic Heart Failure | New England Journal of Medicine,https://www.nejm.org/doi/abs/10.1056/NEJMoa2025797,turn189search10,CANDIDATE_ONLY_NOT_GATE_EVIDENCE,2026-10-06
CYTK|2023-02-28|omecamtiv-mecarbil,omecamtiv-mecarbil 2023 FDA application trial results,,https://www.sec.gov/Archives/edgar/data/1061983/000117184322001030/f8k_021522.htm,turn189search11,CANDIDATE_ONLY_NOT_GATE_EVIDENCE,2026-10-06
CYTK|2023-02-28|omecamtiv-mecarbil,omecamtiv-mecarbil 2023 FDA application trial results,UNITED STATES,https://ir.cytokinetics.com/static-files/a1bd11ba-f765-44b0-97ef-95026b50dbc9,turn189search14,CANDIDATE_ONLY_NOT_GATE_EVIDENCE,2026-10-06
CYTK|2023-02-28|omecamtiv-mecarbil,omecamtiv-mecarbil 2023 FDA application trial results,Omecamtiv Mecarbil,https://www.fda.gov/media/163892/download,turn189search15,CANDIDATE_ONLY_NOT_GATE_EVIDENCE,2026-10-06
RETA|2023-02-28|omaveloxolone,omaveloxolone 2023 FDA application trial results,Drug Trials Snapshots: SKYCLARYS | FDA,https://www.fda.gov/drugs/development-approval-process-drugs/drug-trials-snapshots-skyclarys,turn177search0,CANDIDATE_ONLY_NOT_GATE_EVIDENCE,2026-10-06
RETA|2023-02-28|omaveloxolone,omaveloxolone 2023 FDA application trial results,Drug Trials Snapshots: SKYCLARYS | FDA,https://www.fda.gov/drugs/drug-trials-snapshots/drug-trials-snapshots-skyclarys,turn177search1,CANDIDATE_ONLY_NOT_GATE_EVIDENCE,2026-10-06
RETA|2023-02-28|omaveloxolone,omaveloxolone 2023 FDA application trial results,Clinical Review,https://www.accessdata.fda.gov/drugsatfda_docs/nda/2023/216718Orig1s000MedR.pdf,turn177search12,CANDIDATE_ONLY_NOT_GATE_EVIDENCE,2026-10-06
RETA|2023-02-28|omaveloxolone,omaveloxolone 2023 FDA application trial results,LEADER 3D: A Natural History Study External Control as Confirmatory Evidence For a Rare Disease Drug Approval: Omaveloxolone (Skyclarys),https://www.fda.gov/media/193804/download,turn177search13,CANDIDATE_ONLY_NOT_GATE_EVIDENCE,2026-10-06
RETA|2023-02-28|omaveloxolone,omaveloxolone 2023 FDA application trial results,Novel Drug Approvals for 2023 | FDA,https://www.fda.gov/drugs/novel-drug-approvals-fda/novel-drug-approvals-2023?trk=public_post_main-feed-card-text,turn177search2,CANDIDATE_ONLY_NOT_GATE_EVIDENCE,2026-10-06
RETA|2023-02-28|omaveloxolone,omaveloxolone 2023 FDA application trial results,Safety and Efficacy of Omaveloxolone in Friedreich Ataxia (MOXIe Study) - PubMed,https://pubmed.ncbi.nlm.nih.gov/33068037/,turn177search3,CANDIDATE_ONLY_NOT_GATE_EVIDENCE,2026-10-06
RETA|2023-02-28|omaveloxolone,omaveloxolone 2023 FDA application trial results,10-Q,https://www.sec.gov/Archives/edgar/data/1358762/000095017022022879/reta-20220930.htm,turn177search5,CANDIDATE_ONLY_NOT_GATE_EVIDENCE,2026-10-06
RETA|2023-02-28|omaveloxolone,omaveloxolone 2023 FDA application trial results,Skyclarys (omaveloxolone) capsules,https://www.accessdata.fda.gov/drugsatfda_docs/appletter/2023/216718Orig1s000ltr.pdf,turn177search14,CANDIDATE_ONLY_NOT_GATE_EVIDENCE,2026-10-06
RETA|2023-02-28|omaveloxolone,omaveloxolone 2023 FDA application trial results,406954_004_BMK_WEB.PDF,https://www.sec.gov/Archives/edgar/data/1358762/000119312523123992/d406954dars.pdf,turn177search15,CANDIDATE_ONLY_NOT_GATE_EVIDENCE,2026-10-06
RETA|2023-02-28|omaveloxolone,omaveloxolone 2023 FDA application trial results,Safety and Efficacy of Omaveloxolone in Friedreich Ataxia (MOXIe Study) - PMC,https://pmc.ncbi.nlm.nih.gov/articles/PMC7894504/,turn177search6,CANDIDATE_ONLY_NOT_GATE_EVIDENCE,2026-10-06
RETA|2023-02-28|omaveloxolone,omaveloxolone 2023 FDA application trial results,EX-99,https://www.sec.gov/Archives/edgar/data/1358762/000095017023005219/reta-ex99_2.htm,turn177search7,CANDIDATE_ONLY_NOT_GATE_EVIDENCE,2026-10-06
RETA|2023-02-28|omaveloxolone,omaveloxolone 2023 FDA application trial results,10-K,https://www.sec.gov/Archives/edgar/data/1358762/000095017023004236/reta-20221231.htm,turn177search10,CANDIDATE_ONLY_NOT_GATE_EVIDENCE,2026-10-06
RETA|2023-02-28|omaveloxolone,omaveloxolone 2023 FDA application trial results,Omaveloxolone approved for patients aged 16 years and older with Friedreich ataxia (FRDA): A therapeutics bulletin of the American College of Medical Genetics and Genomics (ACMG) - PMC,https://pmc.ncbi.nlm.nih.gov/articles/PMC11613714/,turn177search11,CANDIDATE_ONLY_NOT_GATE_EVIDENCE,2026-10-06
ACAD|2023-03-10|trofinetide,trofinetide 2023 FDA application trial results,NDA 217026 Trofinetide Summary Memorandum,https://www.accessdata.fda.gov/drugsatfda_docs/nda/2023/217026Orig1s000SumR.pdf,turn181search12,CANDIDATE_ONLY_NOT_GATE_EVIDENCE,2026-10-06
ACAD|2023-03-10|trofinetide,trofinetide 2023 FDA application trial results,Trofinetide for the treatment of Rett syndrome: a randomized phase 3 study | Nature Medicine,https://www.nature.com/articles/s41591-023-02398-1,turn181search0,CANDIDATE_ONLY_NOT_GATE_EVIDENCE,2026-10-06
ACAD|2023-03-10|trofinetide,trofinetide 2023 FDA application trial results,Drug Trials Snapshots: DAYBUE | FDA,https://www.fda.gov/drugs/drug-trials-snapshots/drug-trials-snapshots-daybue,turn181search1,CANDIDATE_ONLY_NOT_GATE_EVIDENCE,2026-10-06
ACAD|2023-03-10|trofinetide,trofinetide 2023 FDA application trial results,Approval Letter_217026Orig1s001; s003ltr.pdf,https://www.accessdata.fda.gov/drugsatfda_docs/appletter/2024/217026Orig1s001%3B%20s003ltr.pdf,turn181search13,CANDIDATE_ONLY_NOT_GATE_EVIDENCE,2026-10-06
ACAD|2023-03-10|trofinetide,trofinetide 2023 FDA application trial results,Drug Trials Snapshots | FDA,https://www.fda.gov/drugs/drug-approvals-and-databases/drug-trials-snapshots,turn181search2,CANDIDATE_ONLY_NOT_GATE_EVIDENCE,2026-10-06
ACAD|2023-03-10|trofinetide,trofinetide 2023 FDA application trial results,Trofinetide for the treatment of Rett syndrome: a randomized phase 3 study - PMC,https://pmc.ncbi.nlm.nih.gov/articles/PMC10287558/,turn181search3,CANDIDATE_ONLY_NOT_GATE_EVIDENCE,2026-10-06
ACAD|2023-03-10|trofinetide,trofinetide 2023 FDA application trial results,Trofinetide for the treatment of Rett syndrome: a randomized phase 3 study - PubMed,https://pubmed.ncbi.nlm.nih.gov/37291210/,turn181search4,CANDIDATE_ONLY_NOT_GATE_EVIDENCE,2026-10-06
ACAD|2023-03-10|trofinetide,trofinetide 2023 FDA application trial results,Trofinetide Receives FDA Approval as First Drug for Rett Syndrome | Child Development | JAMA | JAMA Network,https://jamanetwork.com/journals/jama/fullarticle/2802886,turn181search6,CANDIDATE_ONLY_NOT_GATE_EVIDENCE,2026-10-06
ACAD|2023-03-10|trofinetide,trofinetide 2023 FDA application trial results,10-K,https://www.sec.gov/Archives/edgar/data/1070494/000095017023004757/acad-20221231.htm,turn181search7,CANDIDATE_ONLY_NOT_GATE_EVIDENCE,2026-10-06
ACAD|2023-03-10|trofinetide,trofinetide 2023 FDA application trial results,Novel Drug Approvals for 2023 | FDA,https://www.fda.gov/drugs/novel-drug-approvals-fda/novel-drug-approvals-2023?trk=public_post_main-feed-card-text,turn181search8,CANDIDATE_ONLY_NOT_GATE_EVIDENCE,2026-10-06
ACAD|2023-03-10|trofinetide,trofinetide 2023 FDA application trial results,Notable Approvals | Drugs | FDA,https://www.fda.gov/drugs/news-events-human-drugs/notable-approvals-drugs,turn181search9,CANDIDATE_ONLY_NOT_GATE_EVIDENCE,2026-10-06
ACAD|2023-03-10|trofinetide,trofinetide 2023 FDA application trial results,2023 FDA TIDES (Peptides and Oligonucleotides) Harvest - PMC,https://pmc.ncbi.nlm.nih.gov/articles/PMC10893093/,turn181search11,CANDIDATE_ONLY_NOT_GATE_EVIDENCE,2026-10-06
ACAD|2023-03-10|trofinetide,trofinetide 2023 FDA application trial results,DAYBUE STIX (trofinetide) for oral solution,https://www.accessdata.fda.gov/drugsatfda_docs/appletter/2025/219884Orig1s000ltr.pdf,turn181search15,CANDIDATE_ONLY_NOT_GATE_EVIDENCE,2026-10-06
ACAD|2023-03-10|trofinetide,trofinetide 2023 FDA application trial results,848596___CLEANLPDF_LAN_24Apr202519291729_004.PDF,https://www.sec.gov/Archives/edgar/data/1070494/000095017025058833/acad_2024_annual_report.pdf,turn181search16,CANDIDATE_ONLY_NOT_GATE_EVIDENCE,2026-10-06
MCRB|2023-04-26|vowst,vowst 2023 FDA application trial results,"April 26, 2023 Summary Basis for Regulatory Action - VOWST",https://www.fda.gov/media/168002/download,turn179search12,CANDIDATE_ONLY_NOT_GATE_EVIDENCE,2026-10-06
MCRB|2023-04-26|vowst,vowst 2023 FDA application trial results,FDA Approves First Orally Administered Fecal Microbiota Product for the Prevention of Recurrence of Clostridioides difficile Infection | FDA,https://www.fda.gov/news-events/press-announcements/fda-approves-first-orally-administered-fecal-microbiota-product-prevention-recurrence-clostridioides,turn179search0,CANDIDATE_ONLY_NOT_GATE_EVIDENCE,2026-10-06
MCRB|2023-04-26|vowst,vowst 2023 FDA application trial results,VOWST | FDA,https://www.fda.gov/vaccines-blood-biologics/vowst,turn179search1,CANDIDATE_ONLY_NOT_GATE_EVIDENCE,2026-10-06
MCRB|2023-04-26|vowst,vowst 2023 FDA application trial results,EX-99.1,https://www.sec.gov/Archives/edgar/data/1609809/000119312524058584/d806486dex991.htm,turn179search3,CANDIDATE_ONLY_NOT_GATE_EVIDENCE,2026-10-06
MCRB|2023-04-26|vowst,vowst 2023 FDA application trial results,EX-99.1,https://www.sec.gov/Archives/edgar/data/1609809/000119312523120045/d200991dex991.htm,turn179search4,CANDIDATE_ONLY_NOT_GATE_EVIDENCE,2026-10-06
MCRB|2023-04-26|vowst,vowst 2023 FDA application trial results,EX-99.1,https://www.sec.gov/Archives/edgar/data/1609809/000119312523205557/d541674dex991.htm,turn179search6,CANDIDATE_ONLY_NOT_GATE_EVIDENCE,2026-10-06
MCRB|2023-04-26|vowst,vowst 2023 FDA application trial results,EX-99.1,https://www.sec.gov/Archives/edgar/data/1609809/000119312524004833/d90190dex991.htm,turn179search7,CANDIDATE_ONLY_NOT_GATE_EVIDENCE,2026-10-06
MCRB|2023-04-26|vowst,vowst 2023 FDA application trial results,EX-99.1,https://www.sec.gov/Archives/edgar/data/1609809/000119312523138954/d456262dex991.htm,turn179search8,CANDIDATE_ONLY_NOT_GATE_EVIDENCE,2026-10-06
MCRB|2023-04-26|vowst,vowst 2023 FDA application trial results,"April 26, 2023 Approval Letter - VOWST",https://www.fda.gov/files/vaccines%2C%20blood%20%26%20biologics/published/April-26-2023-Approval-Letter-VOWST.pdf,turn179search16,CANDIDATE_ONLY_NOT_GATE_EVIDENCE,2026-10-06
ASND|2023-04-30|transcon-pth,transcon-pth 2023 FDA application trial results,6-K,https://www.sec.gov/Archives/edgar/data/0001612042/000095017023015250/asnd-20230331.htm,turn180search0,CANDIDATE_ONLY_NOT_GATE_EVIDENCE,2026-10-06
ASND|2023-04-30|transcon-pth,transcon-pth 2023 FDA application trial results,6-K,https://www.sec.gov/Archives/edgar/data/1612042/000095017023015250/asnd-20230331.htm,turn180search1,CANDIDATE_ONLY_NOT_GATE_EVIDENCE,2026-10-06
ASND|2023-04-30|transcon-pth,transcon-pth 2023 FDA application trial results,6-K,https://www.sec.gov/Archives/edgar/data/1612042/000095017025061850/asnd-20250331.htm,turn180search2,CANDIDATE_ONLY_NOT_GATE_EVIDENCE,2026-10-06
ASND|2023-04-30|transcon-pth,transcon-pth 2023 FDA application trial results,EX-99.2,https://www.sec.gov/Archives/edgar/data/1612042/000119312522147494/d270314dex992.htm,turn180search3,CANDIDATE_ONLY_NOT_GATE_EVIDENCE,2026-10-06
ASND|2023-04-30|transcon-pth,transcon-pth 2023 FDA application trial results,"PaTH Forward: A Randomized, Double-Blind, Placebo-Controlled Phase 2 Trial of TransCon PTH in Adult Hypoparathyroidism | The Journal of Clinical Endocrinology & Metabolism | Oxford Academic",https://academic.oup.com/jcem/article/107/1/e372/6340040,turn180search4,CANDIDATE_ONLY_NOT_GATE_EVIDENCE,2026-10-06
ASND|2023-04-30|transcon-pth,transcon-pth 2023 FDA application trial results,OR21-1 The PaTH Forward Trial: Efficacy and Safety of TransCon PTH Through Week 84 for Adults With Hypoparathyroidism - PMC,https://pmc.ncbi.nlm.nih.gov/articles/PMC9625017/,turn180search5,CANDIDATE_ONLY_NOT_GATE_EVIDENCE,2026-10-06
ASND|2023-04-30|transcon-pth,transcon-pth 2023 FDA application trial results,Efficacy and Safety of Parathyroid Hormone Replacement With TransCon PTH in Hypoparathyroidism: 26‐Week Results From the Phase 3 PaTHway Trial - Khan - 2023 - Journal of Bone and Mineral Research - Wiley Online Library,https://onlinelibrary.wiley.com/doi/full/10.1002/jbmr.4726,turn180search6,CANDIDATE_ONLY_NOT_GATE_EVIDENCE,2026-10-06
ASND|2023-04-30|transcon-pth,transcon-pth 2023 FDA application trial results,Efficacy and Safety of TransCon PTH in Adults With Hypoparathyroidism: 52-Week Results From the Phase 3 PaTHway Trial - PMC,https://pmc.ncbi.nlm.nih.gov/articles/PMC11913112/,turn180search7,CANDIDATE_ONLY_NOT_GATE_EVIDENCE,2026-10-06
ASND|2023-04-30|transcon-pth,transcon-pth 2023 FDA application trial results,OR29-5 Phase 3 PaTHway Trial: Participants Treated With TransCon PTH Achieved Independence From Conventional Therapy While Maintaining Normal Serum Calcium - PMC,https://pmc.ncbi.nlm.nih.gov/articles/PMC9625133/,turn180search8,CANDIDATE_ONLY_NOT_GATE_EVIDENCE,2026-10-06
ASND|2023-04-30|transcon-pth,transcon-pth 2023 FDA application trial results,OR23-05 Log-term Efficacy And Safety Of Transcon PTH In Adults With Hypoparathyroidism: 52-week Results From The Open-label Extension Of The Phase 3 Pathway Trial - PMC,https://pmc.ncbi.nlm.nih.gov/articles/PMC10554189/,turn180search9,CANDIDATE_ONLY_NOT_GATE_EVIDENCE,2026-10-06
ASND|2023-04-30|transcon-pth,transcon-pth 2023 FDA application trial results,A Randomized Double‐Blind Placebo‐Controlled First‐In‐Human Phase 1 Trial of TransCon PTH in Healthy Adults - PMC,https://pmc.ncbi.nlm.nih.gov/articles/PMC9328939/,turn180search10,CANDIDATE_ONLY_NOT_GATE_EVIDENCE,2026-10-06
ASND|2023-04-30|transcon-pth,transcon-pth 2023 FDA application trial results,Efficacy and Safety of Parathyroid Hormone Replacement With TransCon PTH in Hypoparathyroidism: 26-Week Results From the Phase 3 PaTHway Trial - PubMed,https://pubmed.ncbi.nlm.nih.gov/36271471/,turn180search11,CANDIDATE_ONLY_NOT_GATE_EVIDENCE,2026-10-06
ASND|2023-04-30|transcon-pth,transcon-pth 2023 FDA application trial results,UNITED STATES,https://investors.ascendispharma.com/static-files/7c0e386a-4b17-41cf-af3f-9a56dc6b2da6,turn180search12,CANDIDATE_ONLY_NOT_GATE_EVIDENCE,2026-10-06
ASND|2023-04-30|transcon-pth,transcon-pth 2023 FDA application trial results,Review,https://www.accessdata.fda.gov/drugsatfda_docs/nda/2024/216490Orig1s000AdminCorres.pdf,turn180search15,CANDIDATE_ONLY_NOT_GATE_EVIDENCE,2026-10-06
KRYS|2023-05-19|vyjuvek,vyjuvek 2023 FDA application trial results,VYJUVEK | FDA,https://www.fda.gov/vaccines-blood-biologics/vyjuvek,turn182search0,CANDIDATE_ONLY_NOT_GATE_EVIDENCE,2026-10-06
KRYS|2023-05-19|vyjuvek,vyjuvek 2023 FDA application trial results,FDA Approves First Topical Gene Therapy for Treatment of Wounds in Patients with Dystrophic Epidermolysis Bullosa | FDA,https://www.fda.gov/news-events/press-announcements/fda-approves-first-topical-gene-therapy-treatment-wounds-patients-dystrophic-epidermolysis-bullosa,turn182search1,CANDIDATE_ONLY_NOT_GATE_EVIDENCE,2026-10-06
KRYS|2023-05-19|vyjuvek,vyjuvek 2023 FDA application trial results,Purple Book Search,https://purplebooksearch.fda.gov/index.cfm?blaNo=125774&event=productdetails,turn182search3,CANDIDATE_ONLY_NOT_GATE_EVIDENCE,2026-10-06
KRYS|2023-05-19|vyjuvek,vyjuvek 2023 FDA application trial results,"May 19, 2023 Approval Letter - VYJUVEK",https://www.fda.gov/media/168356/download?trk=public_post_comment-text,turn182search12,CANDIDATE_ONLY_NOT_GATE_EVIDENCE,2026-10-06
KRYS|2023-05-19|vyjuvek,vyjuvek 2023 FDA application trial results,Document,https://www.sec.gov/Archives/edgar/data/1711279/000171127923000067/exhibit991q22023pressrelea.htm,turn182search4,CANDIDATE_ONLY_NOT_GATE_EVIDENCE,2026-10-06
KRYS|2023-05-19|vyjuvek,vyjuvek 2023 FDA application trial results,Clinical Review Memo - VYJUVEK,https://www.fda.gov/media/169435/download,turn182search13,CANDIDATE_ONLY_NOT_GATE_EVIDENCE,2026-10-06
KRYS|2023-05-19|vyjuvek,vyjuvek 2023 FDA application trial results,"Revolutionary breakthrough: FDA approves Vyjuvek, the first topical gene therapy for dystrophic epidermolysis bullosa - PMC",https://pmc.ncbi.nlm.nih.gov/articles/PMC10718329/,turn182search8,CANDIDATE_ONLY_NOT_GATE_EVIDENCE,2026-10-06
KRYS|2023-05-19|vyjuvek,vyjuvek 2023 FDA application trial results,Summary Basis for Regulatory Action - VYJUVEK,https://www.fda.gov/media/169342/download?attachment=,turn182search15,CANDIDATE_ONLY_NOT_GATE_EVIDENCE,2026-10-06
KRYS|2023-05-19|vyjuvek,vyjuvek 2023 FDA application trial results,Document,https://www.sec.gov/Archives/edgar/data/1711279/000171127923000074/exhibit9912023-3q23pr.htm,turn182search9,CANDIDATE_ONLY_NOT_GATE_EVIDENCE,2026-10-06
KRYS|2023-05-19|vyjuvek,vyjuvek 2023 FDA application trial results,FDA Approves First Topical Gene Therapy for Treatment of Wounds in Patients with Dystrophic Epidermolysis Bullosa,https://www.prnewswire.com/news-releases/fda-approves-first-topical-gene-therapy-for-treatment-of-wounds-in-patients-with-dystrophic-epidermolysis-bullosa-301829850.html,turn182search10,CANDIDATE_ONLY_NOT_GATE_EVIDENCE,2026-10-06
KRYS|2023-05-19|vyjuvek,vyjuvek 2023 FDA application trial results,EX-99.2,https://www.sec.gov/Archives/edgar/data/1711279/000119312521342256/d217944dex992.htm,turn182search11,CANDIDATE_ONLY_NOT_GATE_EVIDENCE,2026-10-06
KRYS|2023-05-19|vyjuvek,vyjuvek 2023 FDA application trial results,Summary Basis for Regulatory Action - VYJUVEK,https://www.fda.gov/media/169342/download,turn182search17,CANDIDATE_ONLY_NOT_GATE_EVIDENCE,2026-10-06
IBRX|2023-05-23|anktiva,anktiva 2023 FDA application trial results,Drug Trials Snapshots: ANKTIVA | FDA,https://www.fda.gov/drugs/drug-trials-snapshots/drug-trials-snapshots-anktiva,turn187search0,CANDIDATE_ONLY_NOT_GATE_EVIDENCE,2026-10-06
IBRX|2023-05-23|anktiva,anktiva 2023 FDA application trial results,Review,https://www.accessdata.fda.gov/drugsatfda_docs/nda/2024/761336Orig1s000NameR.pdf,turn187search12,CANDIDATE_ONLY_NOT_GATE_EVIDENCE,2026-10-06
IBRX|2023-05-23|anktiva,anktiva 2023 FDA application trial results,FDA approves nogapendekin alfa inbakicept-pmln for BCG-unresponsive non-muscle invasive bladder cancer | FDA,https://www.fda.gov/drugs/resources-information-approved-drugs/fda-approves-nogapendekin-alfa-inbakicept-pmln-bcg-unresponsive-non-muscle-invasive-bladder-cancer,turn187search1,CANDIDATE_ONLY_NOT_GATE_EVIDENCE,2026-10-06
IBRX|2023-05-23|anktiva,anktiva 2023 FDA application trial results,ANKTIVA | Promotional Material | 9.9.2025,https://www.fda.gov/media/188893/download?attachment=,turn187search13,CANDIDATE_ONLY_NOT_GATE_EVIDENCE,2026-10-06
IBRX|2023-05-23|anktiva,anktiva 2023 FDA application trial results,ANKTIVA | Promotional Material | 1.7.2026,https://www.fda.gov/media/190568/download,turn187search14,CANDIDATE_ONLY_NOT_GATE_EVIDENCE,2026-10-06
IBRX|2023-05-23|anktiva,anktiva 2023 FDA application trial results,Review,https://www.accessdata.fda.gov/drugsatfda_docs/nda/2024/761336Orig1s000MultidisciplineR.pdf,turn187search15,CANDIDATE_ONLY_NOT_GATE_EVIDENCE,2026-10-06
IBRX|2023-05-23|anktiva,anktiva 2023 FDA application trial results,ibrx-20251231,https://www.sec.gov/Archives/edgar/data/1326110/000132611026000030/ibrx-20251231.htm,turn187search2,CANDIDATE_ONLY_NOT_GATE_EVIDENCE,2026-10-06
IBRX|2023-05-23|anktiva,anktiva 2023 FDA application trial results,Trial Design: Single arm Third-line and beyond (Cohort C) combination of ANKTIVA with low-dose chemotherapy plus SBRT + PD-L1 t-haNK,https://www.sec.gov/Archives/edgar/data/1326110/000132611026000048/ibrx2025arscombinedwithwra.pdf,turn187search16,CANDIDATE_ONLY_NOT_GATE_EVIDENCE,2026-10-06
IBRX|2023-05-23|anktiva,anktiva 2023 FDA application trial results,Drug Trials Snapshots | FDA,https://www.fda.gov/drugs/drug-approvals-and-databases/drug-trials-snapshots,turn187search3,CANDIDATE_ONLY_NOT_GATE_EVIDENCE,2026-10-06
IBRX|2023-05-23|anktiva,anktiva 2023 FDA application trial results,"ImmunityBio Announces Positive Results Demonstrating ANKTIVA® as a Lymphocyte Stimulating Agent in Combination With Checkpoint Inhibitors in Non-Small Cell Lung Cancer - ImmunityBio, Inc.",https://ir.immunitybio.com/news-releases/news-release-details/immunitybio-announces-positive-results-demonstrating-anktivar,turn187search6,CANDIDATE_ONLY_NOT_GATE_EVIDENCE,2026-10-06
IBRX|2023-05-23|anktiva,anktiva 2023 FDA application trial results,"ImmunityBio Announces FDA Approval of ANKTIVA®, First-in-Class IL-15 Receptor Agonist for BCG-Unresponsive Non-Muscle Invasive Bladder Cancer - ImmunityBio, Inc.",https://ir.immunitybio.com/node/10176,turn187search8,CANDIDATE_ONLY_NOT_GATE_EVIDENCE,2026-10-06
IBRX|2023-05-23|anktiva,anktiva 2023 FDA application trial results,"ImmunityBio, Inc. - 725468 - 03/13/2026 | FDA",https://www.fda.gov/inspections-compliance-enforcement-and-criminal-investigations/warning-letters/immunitybio-inc-725468-03132026,turn187search10,CANDIDATE_ONLY_NOT_GATE_EVIDENCE,2026-10-06
LXRX|2023-05-27|sotagliflozin,sotagliflozin 2023 FDA application trial results,**Efficacy,https://www.accessdata.fda.gov/drugsatfda_docs/nda/2023/216203Orig1s000IntegratedR.pdf,turn185search12,CANDIDATE_ONLY_NOT_GATE_EVIDENCE,2026-10-06
LXRX|2023-05-27|sotagliflozin,sotagliflozin 2023 FDA application trial results,"October 31, 2024 Endocrinologic and Metabolic Drugs Advisory Committee",https://www.fda.gov/media/184797/download,turn185search13,CANDIDATE_ONLY_NOT_GATE_EVIDENCE,2026-10-06
LXRX|2023-05-27|sotagliflozin,sotagliflozin 2023 FDA application trial results,Effects of Sotagliflozin Added to Insulin in Patients with Type 1 Diabetes | New England Journal of Medicine,https://www.nejm.org/doi/full/10.1056/NEJMoa1708337,turn185search0,CANDIDATE_ONLY_NOT_GATE_EVIDENCE,2026-10-06
LXRX|2023-05-27|sotagliflozin,sotagliflozin 2023 FDA application trial results,Sotagliflozin in Patients with Diabetes and Recent Worsening Heart Failure | New England Journal of Medicine,https://www.nejm.org/doi/full/10.1056/NEJMoa2030183,turn185search1,CANDIDATE_ONLY_NOT_GATE_EVIDENCE,2026-10-06
LXRX|2023-05-27|sotagliflozin,sotagliflozin 2023 FDA application trial results,Drug Trials Snapshots: INPEFA | FDA,https://www.fda.gov/drugs/drug-trials-snapshots/drug-trials-snapshots-inpefa,turn185search2,CANDIDATE_ONLY_NOT_GATE_EVIDENCE,2026-10-06
LXRX|2023-05-27|sotagliflozin,sotagliflozin 2023 FDA application trial results,"October 31, 2024 Endocrinologic and Metabolic Drugs Advisory Committee (EMDAC)",https://www.fda.gov/media/183161/download,turn185search14,CANDIDATE_ONLY_NOT_GATE_EVIDENCE,2026-10-06
LXRX|2023-05-27|sotagliflozin,sotagliflozin 2023 FDA application trial results,lxrx-20221231,https://www.sec.gov/Archives/edgar/data/1062822/000106282223000007/lxrx-20221231.htm,turn185search3,CANDIDATE_ONLY_NOT_GATE_EVIDENCE,2026-10-06
LXRX|2023-05-27|sotagliflozin,sotagliflozin 2023 FDA application trial results,Sotagliflozin in Patients with Diabetes and Chronic Kidney Disease | New England Journal of Medicine,https://www.nejm.org/doi/full/10.1056/NEJMoa2030186,turn185search5,CANDIDATE_ONLY_NOT_GATE_EVIDENCE,2026-10-06
LXRX|2023-05-27|sotagliflozin,sotagliflozin 2023 FDA application trial results,Novel Drug Approvals for 2023 | FDA,https://www.fda.gov/drugs/novel-drug-approvals-fda/novel-drug-approvals-2023?trk=public_post_main-feed-card-text,turn185search6,CANDIDATE_ONLY_NOT_GATE_EVIDENCE,2026-10-06
LXRX|2023-05-27|sotagliflozin,sotagliflozin 2023 FDA application trial results,Sotagliflozin in Patients with Diabetes and Recent Worsening Heart Failure | New England Journal of Medicine,https://www.nejm.org/doi/abs/10.1056/NEJMoa2030183,turn185search7,CANDIDATE_ONLY_NOT_GATE_EVIDENCE,2026-10-06
LXRX|2023-05-27|sotagliflozin,sotagliflozin 2023 FDA application trial results,Sotagliflozin in Patients with Diabetes and Chronic Kidney Disease - PubMed,https://pubmed.ncbi.nlm.nih.gov/33200891/,turn185search10,CANDIDATE_ONLY_NOT_GATE_EVIDENCE,2026-10-06
AVDL|2023-06-03|lumryz,lumryz 2023 FDA application trial results,Review,https://www.accessdata.fda.gov/drugsatfda_docs/nda/2023/214755Orig1s000RiskR.pdf,turn184search12,CANDIDATE_ONLY_NOT_GATE_EVIDENCE,2026-10-06
AVDL|2023-06-03|lumryz,lumryz 2023 FDA application trial results,*(Dollar amounts in th,https://www.sec.gov/Archives/edgar/data/1012477/000110465923052956/tm231922d3_ars.pdf,turn184search13,CANDIDATE_ONLY_NOT_GATE_EVIDENCE,2026-10-06
AVDL|2023-06-03|lumryz,lumryz 2023 FDA application trial results,,https://www.sec.gov/Archives/edgar/data/1012477/000110465923115495/tm2330117d1_ex99-1.htm,turn184search3,CANDIDATE_ONLY_NOT_GATE_EVIDENCE,2026-10-06
AVDL|2023-06-03|lumryz,lumryz 2023 FDA application trial results,avdl-20220930,https://www.sec.gov/Archives/edgar/data/1012477/000101247722000014/avdl-20220930.htm,turn184search4,CANDIDATE_ONLY_NOT_GATE_EVIDENCE,2026-10-06
AVDL|2023-06-03|lumryz,lumryz 2023 FDA application trial results,Review,https://www.accessdata.fda.gov/drugsatfda_docs/nda/2023/214755Orig1s000ClinPharmR.pdf,turn184search14,CANDIDATE_ONLY_NOT_GATE_EVIDENCE,2026-10-06
AVDL|2023-06-03|lumryz,lumryz 2023 FDA application trial results,Avadel Pharmaceuticals Announces Final FDA Approval of,https://www.globenewswire.com/news-release/2023/5/1/2658536/0/en/Avadel-Pharmaceuticals-Announces-Final-FDA-Approval-of-LUMRYZ-sodium-oxybate-for-Extended-Release-Oral-Suspension-as-the-First-and-Only-Once-at-Bedtime-Oxybate-for-Cataplexy-or-Exc.html,turn184search6,CANDIDATE_ONLY_NOT_GATE_EVIDENCE,2026-10-06
AVDL|2023-06-03|lumryz,lumryz 2023 FDA application trial results,Avadel Pharmaceuticals Provides Corporate Update and Reports Third Quarter 2023 Financial Results | Avadel Pharmaceuticals PLC,https://investors.avadel.com/news-releases/news-release-details/avadel-pharmaceuticals-provides-corporate-update-and-reports-10/,turn184search7,CANDIDATE_ONLY_NOT_GATE_EVIDENCE,2026-10-06
AVDL|2023-06-03|lumryz,lumryz 2023 FDA application trial results,Lumryz (sodium oxybate),https://www.accessdata.fda.gov/drugsatfda_docs/appletter/2023/214755Orig1s000ltr.pdf,turn184search15,CANDIDATE_ONLY_NOT_GATE_EVIDENCE,2026-10-06
AVDL|2023-06-03|lumryz,lumryz 2023 FDA application trial results,LUMRYZ,https://www.accessdata.fda.gov/drugsatfda_docs/nda/2024/214755Orig1s003.pdf,turn184search16,CANDIDATE_ONLY_NOT_GATE_EVIDENCE,2026-10-06
AVDL|2023-06-03|lumryz,lumryz 2023 FDA application trial results,,https://www.sec.gov/Archives/edgar/data/1012477/000110465924002062/tm242268d1_ex99-1.htm,turn184search9,CANDIDATE_ONLY_NOT_GATE_EVIDENCE,2026-10-06
AVDL|2023-06-03|lumryz,lumryz 2023 FDA application trial results,,https://www.sec.gov/Archives/edgar/data/1012477/000110465924030226/tm247844d1_ex99-1.htm,turn184search10,CANDIDATE_ONLY_NOT_GATE_EVIDENCE,2026-10-06
AVDL|2023-06-03|lumryz,lumryz 2023 FDA application trial results,,https://www.sec.gov/Archives/edgar/data/1012477/000110465923035338/tm239269d2_ex99-1.htm,turn184search11,CANDIDATE_ONLY_NOT_GATE_EVIDENCE,2026-10-06
ALDX|2023-06-21|adx-2191,adx-2191 2023 FDA application trial results,10-K,https://www.sec.gov/Archives/edgar/data/1341235/000095017023006998/aldx-20221231.htm,turn186search0,CANDIDATE_ONLY_NOT_GATE_EVIDENCE,2026-10-06
ALDX|2023-06-21|adx-2191,adx-2191 2023 FDA application trial results,10-K,https://www.sec.gov/Archives/edgar/data/1341235/000095017024027933/aldx-20231231.htm,turn186search1,CANDIDATE_ONLY_NOT_GATE_EVIDENCE,2026-10-06
ALDX|2023-06-21|adx-2191,adx-2191 2023 FDA application trial results,,https://www.sec.gov/Archives/edgar/data/1341235/000115752323001047/a53436990ex99_2.htm,turn186search2,CANDIDATE_ONLY_NOT_GATE_EVIDENCE,2026-10-06
ALDX|2023-06-21|adx-2191,adx-2191 2023 FDA application trial results,"Aldeyra Therapeutics Announces Improvement from Baseline in Retinal Function in Phase 2 Clinical Trial of ADX‑2191 in Patients with Retinitis Pigmentosa | Aldeyra Therapeutics, Inc.",https://ir.aldeyra.com/news-releases/news-release-details/aldeyra-therapeutics-announces-improvement-baseline-retinal,turn186search3,CANDIDATE_ONLY_NOT_GATE_EVIDENCE,2026-10-06
ALDX|2023-06-21|adx-2191,adx-2191 2023 FDA application trial results,,https://www.sec.gov/Archives/edgar/data/1341235/000115752323001047/a53436990ex99_1.htm,turn186search4,CANDIDATE_ONLY_NOT_GATE_EVIDENCE,2026-10-06
ALDX|2023-06-21|adx-2191,adx-2191 2023 FDA application trial results,,https://www.sec.gov/Archives/edgar/data/1341235/000115752322001289/a52938497ex99_1.htm,turn186search5,CANDIDATE_ONLY_NOT_GATE_EVIDENCE,2026-10-06
ALDX|2023-06-21|adx-2191,adx-2191 2023 FDA application trial results,the SPA will compare cancer cell clearance in approximately 20 patients following 1:1 randomization to receive either a single intraocular injection or eight intraocular injections of ADX-2191. The frequency of methotrexate injections has been linked to cancer cell clearance in patients with primary,https://www.sec.gov/Archives/edgar/data/1341235/000119312526182133/d83481dars.pdf,turn186search12,CANDIDATE_ONLY_NOT_GATE_EVIDENCE,2026-10-06
ALDX|2023-06-21|adx-2191,adx-2191 2023 FDA application trial results,915069_003_Web_CLEAN.pdf,https://www.sec.gov/Archives/edgar/data/1341235/000119312525096939/d947758dars.pdf,turn186search13,CANDIDATE_ONLY_NOT_GATE_EVIDENCE,2026-10-06
ALDX|2023-06-21|adx-2191,adx-2191 2023 FDA application trial results,"Aldeyra Therapeutics Announces Completion of Enrollment in Phase 2 Clinical Trial of ADX‑2191 in Retinitis Pigmentosa | Aldeyra Therapeutics, Inc.",https://ir.aldeyra.com/news-releases/news-release-details/aldeyra-therapeutics-announces-completion-enrollment-phase-2,turn186search6,CANDIDATE_ONLY_NOT_GATE_EVIDENCE,2026-10-06
ALDX|2023-06-21|adx-2191,adx-2191 2023 FDA application trial results,,https://www.sec.gov/Archives/edgar/data/1341235/000115752323001018/a53427165ex99_1.htm,turn186search7,CANDIDATE_ONLY_NOT_GATE_EVIDENCE,2026-10-06
ALDX|2023-06-21|adx-2191,adx-2191 2023 FDA application trial results,"Aldeyra Therapeutics Provides Regulatory Update on ADX-2191 | Aldeyra Therapeutics, Inc.",https://ir.aldeyra.com/news-releases/news-release-details/aldeyra-therapeutics-provides-regulatory-update-adx-2191,turn186search8,CANDIDATE_ONLY_NOT_GATE_EVIDENCE,2026-10-06
ALDX|2023-06-21|adx-2191,adx-2191 2023 FDA application trial results,"Aldeyra Therapeutics Announces Top-Line Results from the Phase 2 Clinical Trial of ADX-2191 in Patients with Retinitis Pigmentosa | Aldeyra Therapeutics, Inc.",https://ir.aldeyra.com/events/event-details/aldeyra-therapeutics-announces-top-line-results-phase-2-clinical-trial-adx,turn186search11,CANDIDATE_ONLY_NOT_GATE_EVIDENCE,2026-10-06
ALDX|2023-06-21|adx-2191,adx-2191 2023 FDA application trial results,Aldeyra Therapeutics Announces Completion of Enrollment in Phase 2 Clinical Trial of ADX‑2191 in Retinitis Pigmentosa,https://ir.aldeyra.com/node/11926/pdf,turn186search15,CANDIDATE_ONLY_NOT_GATE_EVIDENCE,2026-10-06
ICPT|2023-06-22|obeticholic-acid,obeticholic-acid 2023 FDA application trial results,"May 19, 2023 Gastrointestinal Drugs Advisory Committee",https://www.fda.gov/media/168217/download,turn188search12,CANDIDATE_ONLY_NOT_GATE_EVIDENCE,2026-10-06
ICPT|2023-06-22|obeticholic-acid,obeticholic-acid 2023 FDA application trial results,Review,https://www.accessdata.fda.gov/drugsatfda_docs/nda/2024/217899Orig1s000AdminCorres.pdf,turn188search13,CANDIDATE_ONLY_NOT_GATE_EVIDENCE,2026-10-06
ICPT|2023-06-22|obeticholic-acid,obeticholic-acid 2023 FDA application trial results,Review,https://www.accessdata.fda.gov/drugsatfda_docs/nda/2024/218860Orig1s000AdminCorres.pdf,turn188search14,CANDIDATE_ONLY_NOT_GATE_EVIDENCE,2026-10-06
ICPT|2023-06-22|obeticholic-acid,obeticholic-acid 2023 FDA application trial results,Serious liver injury being observed in patients without cirrhosis taking Ocaliva (obeticholic acid) to treat primary biliary cholangitis | FDA,https://www.fda.gov/drugs/drug-safety-and-availability/serious-liver-injury-being-observed-patients-without-cirrhosis-taking-ocaliva-obeticholic-acid-treat,turn188search0,CANDIDATE_ONLY_NOT_GATE_EVIDENCE,2026-10-06
ICPT|2023-06-22|obeticholic-acid,obeticholic-acid 2023 FDA application trial results,Results from a new efficacy and safety analysis of the REGENERATE trial of obeticholic acid for treatment of pre-cirrhotic fibrosis due to non-alcoholic steatohepatitis - PubMed,https://pubmed.ncbi.nlm.nih.gov/37517454/,turn188search1,CANDIDATE_ONLY_NOT_GATE_EVIDENCE,2026-10-06
ICPT|2023-06-22|obeticholic-acid,obeticholic-acid 2023 FDA application trial results,"May 19, 2023 Gastrointestinal Drugs Advisory Committee",https://www.fda.gov/media/168215/download,turn188search16,CANDIDATE_ONLY_NOT_GATE_EVIDENCE,2026-10-06
ICPT|2023-06-22|obeticholic-acid,obeticholic-acid 2023 FDA application trial results,Ocaliva (obeticholic acid) by Intercept Pharmaceuticals: Drug Safety Communication - Serious Liver Injury Being Observed in Patients without Cirrhosis | FDA,https://www.fda.gov/safety/medical-product-safety-information/ocaliva-obeticholic-acid-intercept-pharmaceuticals-drug-safety-communication-serious-liver-injury,turn188search2,CANDIDATE_ONLY_NOT_GATE_EVIDENCE,2026-10-06
ICPT|2023-06-22|obeticholic-acid,obeticholic-acid 2023 FDA application trial results,Results from a new efficacy and safety analysis of the REGENERATE trial of obeticholic acid for treatment of pre-cirrhotic fibrosis due to non-alcoholic steatohepatitis - ScienceDirect,https://www.sciencedirect.com/science/article/pii/S0168827823049930,turn188search4,CANDIDATE_ONLY_NOT_GATE_EVIDENCE,2026-10-06
ICPT|2023-06-22|obeticholic-acid,obeticholic-acid 2023 FDA application trial results,,https://www.sec.gov/Archives/edgar/data/1270073/000110465923004841/tm233889d1_ex99-1.htm,turn188search5,CANDIDATE_ONLY_NOT_GATE_EVIDENCE,2026-10-06
ICPT|2023-06-22|obeticholic-acid,obeticholic-acid 2023 FDA application trial results,Serious liver injury being observed in patients without cirrhosis taking Ocaliva (obeticholic acid) to treat primary biliary cholangitis | FDA,https://www.fda.gov/drugs/fda-drug-safety-podcasts/serious-liver-injury-being-observed-patients-without-cirrhosis-taking-ocaliva-obeticholic-acid-treat,turn188search6,CANDIDATE_ONLY_NOT_GATE_EVIDENCE,2026-10-06
ICPT|2023-06-22|obeticholic-acid,obeticholic-acid 2023 FDA application trial results,,https://www.sec.gov/Archives/edgar/data/1270073/000110465923062810/tm2316398d1_ex99-1.htm,turn188search7,CANDIDATE_ONLY_NOT_GATE_EVIDENCE,2026-10-06
ICPT|2023-06-22|obeticholic-acid,obeticholic-acid 2023 FDA application trial results,COBALT: A Confirmatory Trial of Obeticholic Acid in Primary Biliary Cholangitis With Placebo and External Controls - PMC,https://pmc.ncbi.nlm.nih.gov/articles/PMC11774195/,turn188search8,CANDIDATE_ONLY_NOT_GATE_EVIDENCE,2026-10-06
ICPT|2023-06-22|obeticholic-acid,obeticholic-acid 2023 FDA application trial results,,https://www.sec.gov/Archives/edgar/data/1270073/000110465923062810/tm2316398d1_8k.htm,turn188search9,CANDIDATE_ONLY_NOT_GATE_EVIDENCE,2026-10-06
ICPT|2023-06-22|obeticholic-acid,obeticholic-acid 2023 FDA application trial results,Treatment of Nonalcoholic Steatohepatitis by Obeticholic Acid: Current Status - PMC,https://pmc.ncbi.nlm.nih.gov/articles/PMC9681570/,turn188search10,CANDIDATE_ONLY_NOT_GATE_EVIDENCE,2026-10-06
MESO|2023-08-02|remestemcel-l,remestemcel-l 2023 FDA application trial results,FDA approves remestemcel-L-rknd for steroid-refractory acute graft versus host disease in pediatric patients | FDA,https://www.fda.gov/drugs/resources-information-approved-drugs/fda-approves-remestemcel-l-rknd-steroid-refractory-acute-graft-versus-host-disease-pediatric,turn193search0,CANDIDATE_ONLY_NOT_GATE_EVIDENCE,2026-10-06
MESO|2023-08-02|remestemcel-l,remestemcel-l 2023 FDA application trial results,,https://www.sec.gov/Archives/edgar/data/1345099/000134509923000022/exhibit992-.htm,turn193search1,CANDIDATE_ONLY_NOT_GATE_EVIDENCE,2026-10-06
MESO|2023-08-02|remestemcel-l,remestemcel-l 2023 FDA application trial results,"A Phase 3, Single-Arm, Prospective Study of Remestemcel-L, Ex Vivo Culture-Expanded Adult Human Mesenchymal Stromal Cells for the Treatment of Pediatric Patients Who Failed to Respond to Steroid Treatment for Acute Graft-versus-Host Disease - PMC",https://pmc.ncbi.nlm.nih.gov/articles/PMC8322819/,turn193search2,CANDIDATE_ONLY_NOT_GATE_EVIDENCE,2026-10-06
MESO|2023-08-02|remestemcel-l,remestemcel-l 2023 FDA application trial results,"December 18, 2024 Clinical and Clinical Pharmacology Review and Evaluation - RYONCIL",https://www.fda.gov/media/184952/download,turn193search12,CANDIDATE_ONLY_NOT_GATE_EVIDENCE,2026-10-06
MESO|2023-08-02|remestemcel-l,remestemcel-l 2023 FDA application trial results,"A phase IB/IIA study of remestemcel‐L, an allogeneic bone marrow‐derived mesenchymal stem cell product, for the treatment of medically refractory ulcerative colitis: an interim analysis - PMC",https://pmc.ncbi.nlm.nih.gov/articles/PMC9795998/,turn193search3,CANDIDATE_ONLY_NOT_GATE_EVIDENCE,2026-10-06
MESO|2023-08-02|remestemcel-l,remestemcel-l 2023 FDA application trial results,,https://www.sec.gov/Archives/edgar/data/1345099/000134509923000062/exhibit992-annualreport.htm,turn193search4,CANDIDATE_ONLY_NOT_GATE_EVIDENCE,2026-10-06
MESO|2023-08-02|remestemcel-l,remestemcel-l 2023 FDA application trial results,A Phase 3 Randomized Study of Remestemcel-L versus Placebo Added to Second-Line Therapy in Patients with Steroid-Refractory Acute Graft-versus-Host Disease - PMC,https://pmc.ncbi.nlm.nih.gov/articles/PMC7060124/,turn193search5,CANDIDATE_ONLY_NOT_GATE_EVIDENCE,2026-10-06
MESO|2023-08-02|remestemcel-l,remestemcel-l 2023 FDA application trial results,Mesenchymal stromal cell therapy: Progress to date and future outlook - PMC,https://pmc.ncbi.nlm.nih.gov/articles/PMC12172195/,turn193search6,CANDIDATE_ONLY_NOT_GATE_EVIDENCE,2026-10-06
MESO|2023-08-02|remestemcel-l,remestemcel-l 2023 FDA application trial results,Mesoblast Receives Complete Response From U.S. Food and,https://www.globenewswire.com/us/news-release/2023/08/04/2718706/0/en/Mesoblast-Receives-Complete-Response-From-U-S-Food-and-Drug-Administration-for-Biologics-License-Application-for-Steroid-Refractory-Acute-Graft-Versus-Host-Disease-in-Children.html,turn193search7,CANDIDATE_ONLY_NOT_GATE_EVIDENCE,2026-10-06
MESO|2023-08-02|remestemcel-l,remestemcel-l 2023 FDA application trial results,,https://www.sec.gov/Archives/edgar/data/1345099/000134509923000025/exhibit991-fdablaacceptance.htm,turn193search8,CANDIDATE_ONLY_NOT_GATE_EVIDENCE,2026-10-06
MESO|2023-08-02|remestemcel-l,remestemcel-l 2023 FDA application trial results,,https://www.sec.gov/Archives/edgar/data/1345099/000134509923000009/exhibit991-.htm,turn193search10,CANDIDATE_ONLY_NOT_GATE_EVIDENCE,2026-10-06
TARS|2023-08-25|lotilaner,lotilaner 2023 FDA application trial results,Drug Trials Snapshots: XDEMVY | FDA,https://www.fda.gov/drugs/drug-approvals-and-databases/drug-trials-snapshots-xdemvy,turn190search0,CANDIDATE_ONLY_NOT_GATE_EVIDENCE,2026-10-06
TARS|2023-08-25|lotilaner,lotilaner 2023 FDA application trial results,Review,https://www.accessdata.fda.gov/drugsatfda_docs/nda/2023/217603Orig1s000SumR.pdf,turn190search12,CANDIDATE_ONLY_NOT_GATE_EVIDENCE,2026-10-06
TARS|2023-08-25|lotilaner,lotilaner 2023 FDA application trial results,"Lotilaner Ophthalmic Solution 0.25% for Demodex Blepharitis: Randomized, Vehicle-Controlled, Multicenter, Phase 3 Trial (Saturn-2) - ScienceDirect",https://www.sciencedirect.com/science/article/pii/S0161642023003925,turn190search1,CANDIDATE_ONLY_NOT_GATE_EVIDENCE,2026-10-06
TARS|2023-08-25|lotilaner,lotilaner 2023 FDA application trial results,Review,https://www.accessdata.fda.gov/drugsatfda_docs/nda/2023/217603Orig1s000MedR.pdf,turn190search13,CANDIDATE_ONLY_NOT_GATE_EVIDENCE,2026-10-06
TARS|2023-08-25|lotilaner,lotilaner 2023 FDA application trial results,Review,https://www.accessdata.fda.gov/drugsatfda_docs/nda/2023/217603Orig1s000RiskR.pdf,turn190search14,CANDIDATE_ONLY_NOT_GATE_EVIDENCE,2026-10-06
TARS|2023-08-25|lotilaner,lotilaner 2023 FDA application trial results,"Lotilaner Ophthalmic Solution, 0.25%, for the Treatment of Demodex Blepharitis: Results of a Prospective, Randomized, Vehicle-Controlled, Double-Masked, Pivotal Trial (Saturn-1).",https://pubmed.ncbi.nlm.nih.gov/35965392/,turn190search3,CANDIDATE_ONLY_NOT_GATE_EVIDENCE,2026-10-06
TARS|2023-08-25|lotilaner,lotilaner 2023 FDA application trial results,"Lotilaner Ophthalmic Solution 0.25% for Demodex Blepharitis: Randomized, Vehicle-Controlled, Multicenter, Phase 3 Trial (Saturn-2).",https://pubmed.ncbi.nlm.nih.gov/37285925/,turn190search4,CANDIDATE_ONLY_NOT_GATE_EVIDENCE,2026-10-06
TARS|2023-08-25|lotilaner,lotilaner 2023 FDA application trial results,FDA Conditionally Approves Drug to Treat New World Screwworm in Dogs | FDA,https://www.fda.gov/animal-veterinary/cvm-updates/fda-conditionally-approves-drug-treat-new-world-screwworm-dogs,turn190search5,CANDIDATE_ONLY_NOT_GATE_EVIDENCE,2026-10-06
TARS|2023-08-25|lotilaner,lotilaner 2023 FDA application trial results,Novel Drug Approvals for 2023 | FDA,https://www.fda.gov/drugs/novel-drug-approvals-fda/novel-drug-approvals-2023?trk=public_post_main-feed-card-text,turn190search6,CANDIDATE_ONLY_NOT_GATE_EVIDENCE,2026-10-06
TARS|2023-08-25|lotilaner,lotilaner 2023 FDA application trial results,"A randomized, controlled field study to assess the efficacy and safety of lotilaner flavored chewable tablets (Credelio™ CAT) in eliminating fleas in client-owned cats in the USA - PMC",https://pmc.ncbi.nlm.nih.gov/articles/PMC7923547/,turn190search7,CANDIDATE_ONLY_NOT_GATE_EVIDENCE,2026-10-06
TARS|2023-08-25|lotilaner,lotilaner 2023 FDA application trial results,"Treatment of Demodex Blepharitis: A Prospective, Randomized, Controlled, Double-Masked Clinical Trial Comparing Topical Lotilaner Ophthalmic Solution, 0.25% Eyedrops to Vehicle - PubMed",https://pubmed.ncbi.nlm.nih.gov/35914297/,turn190search8,CANDIDATE_ONLY_NOT_GATE_EVIDENCE,2026-10-06
TARS|2023-08-25|lotilaner,lotilaner 2023 FDA application trial results,Review,https://www.accessdata.fda.gov/drugsatfda_docs/nda/2023/217603Orig1s000OtherR.pdf,turn190search15,CANDIDATE_ONLY_NOT_GATE_EVIDENCE,2026-10-06
TARS|2023-08-25|lotilaner,lotilaner 2023 FDA application trial results,FDALabel,https://nctr-crs.fda.gov/fdalabel/ui/spl-summaries/criteria/492273,turn190search9,CANDIDATE_ONLY_NOT_GATE_EVIDENCE,2026-10-06
TARS|2023-08-25|lotilaner,lotilaner 2023 FDA application trial results,"Lotilaner Ophthalmic Solution, 0.25%, for the Treatment of Demodex Blepharitis - PMC",https://pmc.ncbi.nlm.nih.gov/articles/PMC11311291/,turn190search11,CANDIDATE_ONLY_NOT_GATE_EVIDENCE,2026-10-06
TARS|2023-08-25|lotilaner,lotilaner 2023 FDA application trial results,Review,https://www.accessdata.fda.gov/drugsatfda_docs/nda/2023/217603Orig1s000PharmR.pdf,turn190search17,CANDIDATE_ONLY_NOT_GATE_EVIDENCE,2026-10-06
SPRY|2023-09-19|neffy,neffy 2023 FDA application trial results,"May 11, 2023 Meeting of the Pulmonary-Allergy Drugs Advisory Committee",https://www.fda.gov/media/171466/download,turn195search12,CANDIDATE_ONLY_NOT_GATE_EVIDENCE,2026-10-06
SPRY|2023-09-19|neffy,neffy 2023 FDA application trial results,EX-99.1,https://www.sec.gov/Archives/edgar/data/1671858/000119312523036914/d430763dex991.htm,turn195search1,CANDIDATE_ONLY_NOT_GATE_EVIDENCE,2026-10-06
SPRY|2023-09-19|neffy,neffy 2023 FDA application trial results,10-K,https://www.sec.gov/Archives/edgar/data/1671858/000095017024034689/spry-20231231.htm,turn195search2,CANDIDATE_ONLY_NOT_GATE_EVIDENCE,2026-10-06
SPRY|2023-09-19|neffy,neffy 2023 FDA application trial results,*the Agency believe that an a,https://www.accessdata.fda.gov/drugsatfda_docs/nda/2025/214697Orig1s000AdminCorres.pdf,turn195search13,CANDIDATE_ONLY_NOT_GATE_EVIDENCE,2026-10-06
SPRY|2023-09-19|neffy,neffy 2023 FDA application trial results,neffy,https://www.accessdata.fda.gov/drugsatfda_docs/appletter/2025/214697Orig1s001ltr.pdf,turn195search14,CANDIDATE_ONLY_NOT_GATE_EVIDENCE,2026-10-06
SPRY|2023-09-19|neffy,neffy 2023 FDA application trial results,EX-99.1,https://www.sec.gov/Archives/edgar/data/1671858/000095017023021996/spry-ex99_1.htm,turn195search4,CANDIDATE_ONLY_NOT_GATE_EVIDENCE,2026-10-06
SPRY|2023-09-19|neffy,neffy 2023 FDA application trial results,10-K,https://www.sec.gov/Archives/edgar/data/1671858/000095017023009491/spry-20221231.htm,turn195search5,CANDIDATE_ONLY_NOT_GATE_EVIDENCE,2026-10-06
SPRY|2023-09-19|neffy,neffy 2023 FDA application trial results,EX-99.1,https://www.sec.gov/Archives/edgar/data/1671858/000095017024034678/spry-ex99_1.htm,turn195search6,CANDIDATE_ONLY_NOT_GATE_EVIDENCE,2026-10-06
SPRY|2023-09-19|neffy,neffy 2023 FDA application trial results,Single and Repeat Dose Clinical Study of neffy (epinephrine nasal spray) Published in the Journal of Allergy and Clinical Immunology - ARS Pharmaceuticals,https://ir.ars-pharma.com/news-releases/news-release-details/single-and-repeat-dose-clinical-study-neffy-epinephrine-nasal,turn195search7,CANDIDATE_ONLY_NOT_GATE_EVIDENCE,2026-10-06
SPRY|2023-09-19|neffy,neffy 2023 FDA application trial results,"On September 19, 2023, the FDA issued a Complete Response Letter (“CRL”) for our NDA requesting completion of a PK/PD study assessing repeat doses of neffy compared to repeat doses of epinephrine injection product under allergen-induced allergic rhinitis. This request came after the favorable benefi",https://www.sec.gov/Archives/edgar/data/1671858/000095017024049090/ars_4-26-2024.pdf,turn195search15,CANDIDATE_ONLY_NOT_GATE_EVIDENCE,2026-10-06
SPRY|2023-09-19|neffy,neffy 2023 FDA application trial results,ARS Pharmaceuticals Provides Business Update and Reports Fourth Quarter and Full Year 2023 Financial Results - ARS Pharmaceuticals,https://ir.ars-pharma.com/news-releases/news-release-details/ars-pharmaceuticals-provides-business-update-and-reports-fourth/,turn195search8,CANDIDATE_ONLY_NOT_GATE_EVIDENCE,2026-10-06
SPRY|2023-09-19|neffy,neffy 2023 FDA application trial results,EX-99.1,https://www.sec.gov/Archives/edgar/data/1671858/000095017023061989/spry-ex99_1.htm,turn195search9,CANDIDATE_ONLY_NOT_GATE_EVIDENCE,2026-10-06
SPRY|2023-09-19|neffy,neffy 2023 FDA application trial results,EX-99.1,https://www.sec.gov/Archives/edgar/data/1671858/000119312524061842/d809686dex991.htm,turn195search10,CANDIDATE_ONLY_NOT_GATE_EVIDENCE,2026-10-06
SPRY|2023-09-19|neffy,neffy 2023 FDA application trial results,Single and Repeat Dose Clinical Study of neffy (epinephrine,https://www.globenewswire.com/news-release/2023/10/03/2753749/0/en/single-and-repeat-dose-clinical-study-of-neffy-epinephrine-nasal-spray-published-in-the-journal-of-allergy-and-clinical-immunology.html,turn195search11,CANDIDATE_ONLY_NOT_GATE_EVIDENCE,2026-10-06
CPRX|2023-10-26|vamorolone,vamorolone 2023 FDA application trial results,Review,https://www.accessdata.fda.gov/drugsatfda_docs/nda/2023/215239Orig1s000IntegratedR.pdf,turn191search12,CANDIDATE_ONLY_NOT_GATE_EVIDENCE,2026-10-06
CPRX|2023-10-26|vamorolone,vamorolone 2023 FDA application trial results,Review,https://www.accessdata.fda.gov/drugsatfda_docs/nda/2023/215239Orig1s000RiskR.pdf,turn191search13,CANDIDATE_ONLY_NOT_GATE_EVIDENCE,2026-10-06
CPRX|2023-10-26|vamorolone,vamorolone 2023 FDA application trial results,Drug Trials Snapshots: AGAMREE | FDA,https://www.fda.gov/drugs/drug-approvals-and-databases/drug-trials-snapshots-agamree,turn191search0,CANDIDATE_ONLY_NOT_GATE_EVIDENCE,2026-10-06
CPRX|2023-10-26|vamorolone,vamorolone 2023 FDA application trial results,"June 18, 2024 Integrated Clinical and Clinical Pharmacology Review Memo - ELEVIDYS",https://www.fda.gov/media/179486/download?attachment=,turn191search14,CANDIDATE_ONLY_NOT_GATE_EVIDENCE,2026-10-06
CPRX|2023-10-26|vamorolone,vamorolone 2023 FDA application trial results,Efficacy and Safety of Vamorolone vs Placebo and Prednisone Among Boys With Duchenne Muscular Dystrophy: A Randomized Clinical Trial - PMC,https://pmc.ncbi.nlm.nih.gov/articles/9425287/,turn191search1,CANDIDATE_ONLY_NOT_GATE_EVIDENCE,2026-10-06
CPRX|2023-10-26|vamorolone,vamorolone 2023 FDA application trial results,Efficacy and Safety of Vamorolone vs Placebo and Prednisone Among Boys With Duchenne Muscular Dystrophy: A Randomized Clinical Trial | Trials | JAMA Neurology | JAMA Network,https://jamanetwork.com/journals/jamaneurology/fullarticle/2795868?guestAccessKey=3700e224-d3e1-42eb-98b5-73349860efea,turn191search2,CANDIDATE_ONLY_NOT_GATE_EVIDENCE,2026-10-06
CPRX|2023-10-26|vamorolone,vamorolone 2023 FDA application trial results,Efficacy and Safety of Vamorolone vs Placebo and Prednisone Among Boys With Duchenne Muscular Dystrophy: A Randomized Clinical Trial - PMC,https://pmc.ncbi.nlm.nih.gov/articles/PMC9425287/,turn191search4,CANDIDATE_ONLY_NOT_GATE_EVIDENCE,2026-10-06
CPRX|2023-10-26|vamorolone,vamorolone 2023 FDA application trial results,Efficacy and Safety of Vamorolone vs Placebo and Prednisone Among Boys With Duchenne Muscular Dystrophy: A Randomized Clinical Trial | Trials | JAMA Neurology | JAMA Network,https://jamanetwork.com/journals/jamaneurology/fullarticle/2795868,turn191search6,CANDIDATE_ONLY_NOT_GATE_EVIDENCE,2026-10-06
CPRX|2023-10-26|vamorolone,vamorolone 2023 FDA application trial results,Review,https://www.accessdata.fda.gov/drugsatfda_docs/nda/2023/215239Orig1s000Approv.pdf,turn191search15,CANDIDATE_ONLY_NOT_GATE_EVIDENCE,2026-10-06
CPRX|2023-10-26|vamorolone,vamorolone 2023 FDA application trial results,"Vamorolone Safety, Pharmacokinetics, and Exploratory Efficacy in Duchenne Muscular Dystrophy: A Phase II, Nonrandomized, Multiple-Dose Study in 2–<4-Year-Old Boys - PMC",https://pmc.ncbi.nlm.nih.gov/articles/PMC13225237/,turn191search7,CANDIDATE_ONLY_NOT_GATE_EVIDENCE,2026-10-06
CPRX|2023-10-26|vamorolone,vamorolone 2023 FDA application trial results,"Phase 1 trial of vamorolone, a first-in-class steroid, shows improvements in side effects via biomarkers bridged to clinical outcomes - PMC",https://pmc.ncbi.nlm.nih.gov/articles/PMC6136660/,turn191search8,CANDIDATE_ONLY_NOT_GATE_EVIDENCE,2026-10-06
CPRX|2023-10-26|vamorolone,vamorolone 2023 FDA application trial results,"Results of a phase II open-label, multiple-dose study of vamorolone (VBP15-006) in 7- to < 18-year-old boys with duchenne muscular dystrophy - PMC",https://pmc.ncbi.nlm.nih.gov/articles/PMC12957623/,turn191search9,CANDIDATE_ONLY_NOT_GATE_EVIDENCE,2026-10-06
CPRX|2023-10-26|vamorolone,vamorolone 2023 FDA application trial results,Form 10-Q,https://www.sec.gov/Archives/edgar/data/1369568/000119312523207344/d524408d10q.htm,turn191search10,CANDIDATE_ONLY_NOT_GATE_EVIDENCE,2026-10-06
SWTX|2023-11-27|nirogacestat,nirogacestat 2023 FDA application trial results,FDA approves nirogacestat for desmoid tumors | FDA,https://www.fda.gov/drugs/resources-information-approved-drugs/fda-approves-nirogacestat-desmoid-tumors,turn198search0,CANDIDATE_ONLY_NOT_GATE_EVIDENCE,2026-10-06
SWTX|2023-11-27|nirogacestat,nirogacestat 2023 FDA application trial results,Review,https://www.accessdata.fda.gov/drugsatfda_docs/nda/2023/217677Orig1s000MultidisciplineR.pdf,turn198search12,CANDIDATE_ONLY_NOT_GATE_EVIDENCE,2026-10-06
SWTX|2023-11-27|nirogacestat,nirogacestat 2023 FDA application trial results,"Nirogacestat, a γ-Secretase Inhibitor for Desmoid Tumors | New England Journal of Medicine",https://www.nejm.org/doi/full/10.1056/NEJMoa2210140,turn198search1,CANDIDATE_ONLY_NOT_GATE_EVIDENCE,2026-10-06
SWTX|2023-11-27|nirogacestat,nirogacestat 2023 FDA application trial results,FDA D.I.S.C.O. Burst Edition: FDA approval of OGSIVEO (nirogacestat) for adult patients with progressing desmoid tumors who require systemic treatment | FDA,https://www.fda.gov/drugs/resources-information-approved-drugs/fda-disco-burst-edition-fda-approval-ogsiveo-nirogacestat-adult-patients-progressing-desmoid-tumors,turn198search2,CANDIDATE_ONLY_NOT_GATE_EVIDENCE,2026-10-06
SWTX|2023-11-27|nirogacestat,nirogacestat 2023 FDA application trial results,Drug Trials Snapshots: OGSIVEO | FDA,https://www.fda.gov/drugs/drug-trials-snapshots/drug-trials-snapshots-ogsiveo,turn198search4,CANDIDATE_ONLY_NOT_GATE_EVIDENCE,2026-10-06
SWTX|2023-11-27|nirogacestat,nirogacestat 2023 FDA application trial results,FDA Approves First Therapy for Rare Type of Non-Cancerous Tumors | FDA,https://www.fda.gov/news-events/press-announcements/fda-approves-first-therapy-rare-type-non-cancerous-tumors?cid=eb_govdel,turn198search5,CANDIDATE_ONLY_NOT_GATE_EVIDENCE,2026-10-06
SWTX|2023-11-27|nirogacestat,nirogacestat 2023 FDA application trial results,"Nirogacestat, a γ-Secretase Inhibitor for Desmoid Tumors | New England Journal of Medicine",https://www.nejm.org/doi/abs/10.1056/NEJMoa2210140,turn198search6,CANDIDATE_ONLY_NOT_GATE_EVIDENCE,2026-10-06
SWTX|2023-11-27|nirogacestat,nirogacestat 2023 FDA application trial results,"Nirogacestat, a γ-Secretase Inhibitor for Desmoid Tumors - PubMed",https://pubmed.ncbi.nlm.nih.gov/36884323/,turn198search7,CANDIDATE_ONLY_NOT_GATE_EVIDENCE,2026-10-06
SWTX|2023-11-27|nirogacestat,nirogacestat 2023 FDA application trial results,THA T PATIENT,https://www.sec.gov/Archives/edgar/data/1773427/000110465923043147/tm233425d2_ars.pdf,turn198search13,CANDIDATE_ONLY_NOT_GATE_EVIDENCE,2026-10-06
SWTX|2023-11-27|nirogacestat,nirogacestat 2023 FDA application trial results,SpringWorks Therapeutics Announces New England Journal of,https://www.globenewswire.com/news-release/2023/03/08/2623566/0/en/springworks-therapeutics-announces-new-england-journal-of-medicine-publication-of-phase-3-defi-trial-evaluating-nirogacestat-in-adults-with-desmoid-tumors.html,turn198search10,CANDIDATE_ONLY_NOT_GATE_EVIDENCE,2026-10-06
SWTX|2023-11-27|nirogacestat,nirogacestat 2023 FDA application trial results,"Impact of nirogacestat on pain, a key symptom in patients with desmoid tumors (DT): Results from the phase 3 DeFi study. | Journal of Clinical Oncology",https://ascopubs.org/doi/10.1200/JCO.2023.41.16_suppl.11564,turn198search11,CANDIDATE_ONLY_NOT_GATE_EVIDENCE,2026-10-06
CRSP|2023-12-08|exa-cel-scd,exa-cel-scd 2023 FDA application trial results,"Cellular, Tissue, and Gene Therapies Advisory Committee October 31, 2023 Meeting Presentation- Exa-cel for the Treatment of Sickle Cell Disease (SCD) in Patients ≥ 12 Years With Recurrent Vaso-Occlusive Crises (VOCs)",https://www.fda.gov/media/173472/download,turn192search12,CANDIDATE_ONLY_NOT_GATE_EVIDENCE,2026-10-06
CRSP|2023-12-08|exa-cel-scd,exa-cel-scd 2023 FDA application trial results,"Cellular, Tissue, and Gene Therapies Advisory Committee October 31, 2023 Meeting Briefing Document- Sponsor",https://www.fda.gov/media/173415/download,turn192search13,CANDIDATE_ONLY_NOT_GATE_EVIDENCE,2026-10-06
CRSP|2023-12-08|exa-cel-scd,exa-cel-scd 2023 FDA application trial results,"Cellular, Tissue, and Gene Therapies Advisory Committee October 31, 2023 Meeting Briefing Document- FDA",https://www.fda.gov/media/173414/download,turn192search14,CANDIDATE_ONLY_NOT_GATE_EVIDENCE,2026-10-06
CRSP|2023-12-08|exa-cel-scd,exa-cel-scd 2023 FDA application trial results,Exagamglogene Autotemcel for Severe Sickle Cell Disease | New England Journal of Medicine,https://www.nejm.org/doi/full/10.1056/NEJMoa2309676,turn192search0,CANDIDATE_ONLY_NOT_GATE_EVIDENCE,2026-10-06
CRSP|2023-12-08|exa-cel-scd,exa-cel-scd 2023 FDA application trial results,8-K,https://www.sec.gov/Archives/edgar/data/1674416/000095017023027129/crsp-20230608.htm,turn192search1,CANDIDATE_ONLY_NOT_GATE_EVIDENCE,2026-10-06
CRSP|2023-12-08|exa-cel-scd,exa-cel-scd 2023 FDA application trial results,Exagamglogene Autotemcel for Severe Sickle Cell Disease | New England Journal of Medicine,https://www.nejm.org/doi/abs/10.1056/NEJMoa2309676,turn192search2,CANDIDATE_ONLY_NOT_GATE_EVIDENCE,2026-10-06
CRSP|2023-12-08|exa-cel-scd,exa-cel-scd 2023 FDA application trial results,ARSPDF.pdf,https://www.sec.gov/Archives/edgar/data/1674416/000095017023014870/ars_-_2022_ann_rep__swis.pdf,turn192search15,CANDIDATE_ONLY_NOT_GATE_EVIDENCE,2026-10-06
CRSP|2023-12-08|exa-cel-scd,exa-cel-scd 2023 FDA application trial results,Vertex Pharmaceuticals | Positive Results From Pivotal Trials of exa-cel for Transfusion-Dependent Beta Thalassemia and Severe Sickle Cell Disease Presented at the 2023 Annual European Hematology Association (EHA) Congress,https://investors.vrtx.com/news-releases/news-release-details/positive-results-pivotal-trials-exa-cel-transfusion-dependent,turn192search4,CANDIDATE_ONLY_NOT_GATE_EVIDENCE,2026-10-06
CRSP|2023-12-08|exa-cel-scd,exa-cel-scd 2023 FDA application trial results,"Cellular, Tissue, and Gene Therapies Advisory Committee October 31, 2023 Meeting Announcement - 10/31/2023 | FDA",https://www.fda.gov/advisory-committees/advisory-committee-calendar/cellular-tissue-and-gene-therapies-advisory-committee-october-31-2023-meeting-announcement-10312023,turn192search5,CANDIDATE_ONLY_NOT_GATE_EVIDENCE,2026-10-06
CRSP|2023-12-08|exa-cel-scd,exa-cel-scd 2023 FDA application trial results,Exagamglogene Autotemcel for Severe Sickle Cell Disease - ScienceDirect,https://www.sciencedirect.com/science/article/pii/S0006497123076553,turn192search7,CANDIDATE_ONLY_NOT_GATE_EVIDENCE,2026-10-06
CRSP|2023-12-08|exa-cel-scd,exa-cel-scd 2023 FDA application trial results,Exagamglogene Autotemcel for Severe Sickle Cell Disease | New England Journal of Medicine,https://www.nejm.org/doi/full/10.1056/NEJMoa2309676?bid=-2050451145&cid=NEJM+eToc%2C+April+23%2C+2024+DM2337624_NEJM_Non_Subscriber&query=TOC,turn192search8,CANDIDATE_ONLY_NOT_GATE_EVIDENCE,2026-10-06
CRSP|2023-12-08|exa-cel-scd,exa-cel-scd 2023 FDA application trial results,Gene therapy for sickle cell disease - PMC,https://pmc.ncbi.nlm.nih.gov/articles/PMC10727030/,turn192search9,CANDIDATE_ONLY_NOT_GATE_EVIDENCE,2026-10-06
CRSP|2023-12-08|exa-cel-scd,exa-cel-scd 2023 FDA application trial results,EX-99.1,https://www.sec.gov/Archives/edgar/data/1674416/000095017023027129/crsp-ex99_1.htm,turn192search10,CANDIDATE_ONLY_NOT_GATE_EVIDENCE,2026-10-06
CRSP|2023-12-08|exa-cel-scd,exa-cel-scd 2023 FDA application trial results,EX-99.1,https://www.sec.gov/Archives/edgar/data/1674416/000095017023059461/crsp-ex99_1.htm,turn192search11,CANDIDATE_ONLY_NOT_GATE_EVIDENCE,2026-10-06
BLUE|2023-12-20|lovo-cel,lovo-cel 2023 FDA application trial results,Lovo-cel gene therapy for sickle cell disease: Treatment process evolution and outcomes in the initial groups of the HGB-206 study - PubMed,https://pubmed.ncbi.nlm.nih.gov/36161320/,turn197search0,CANDIDATE_ONLY_NOT_GATE_EVIDENCE,2026-10-06
BLUE|2023-12-20|lovo-cel,lovo-cel 2023 FDA application trial results,8-K,https://www.sec.gov/Archives/edgar/data/1293971/000119312523292087/d84993d8k.htm,turn197search1,CANDIDATE_ONLY_NOT_GATE_EVIDENCE,2026-10-06
BLUE|2023-12-20|lovo-cel,lovo-cel 2023 FDA application trial results,Clinical data comparison for FDA-approved gene therapies in sickle cell disease - PMC,https://pmc.ncbi.nlm.nih.gov/articles/PMC12719290/,turn197search3,CANDIDATE_ONLY_NOT_GATE_EVIDENCE,2026-10-06
BLUE|2023-12-20|lovo-cel,lovo-cel 2023 FDA application trial results,Lovo‐cel gene therapy for sickle cell disease: Treatment process evolution and outcomes in the initial groups of the HGB‐206 study - PMC,https://pmc.ncbi.nlm.nih.gov/articles/PMC10092845/,turn197search5,CANDIDATE_ONLY_NOT_GATE_EVIDENCE,2026-10-06
BLUE|2023-12-20|lovo-cel,lovo-cel 2023 FDA application trial results,LYFGENIA | FDA,https://www.fda.gov/vaccines-blood-biologics/lyfgenia,turn197search6,CANDIDATE_ONLY_NOT_GATE_EVIDENCE,2026-10-06
BLUE|2023-12-20|lovo-cel,lovo-cel 2023 FDA application trial results,ex_991xbluexcorp,https://www.sec.gov/Archives/edgar/data/1293971/000129397123000024/ex_991xbluexcorp.htm,turn197search7,CANDIDATE_ONLY_NOT_GATE_EVIDENCE,2026-10-06
BLUE|2023-12-20|lovo-cel,lovo-cel 2023 FDA application trial results,"Efficacy, Safety, and Health-Related Quality of Life (HRQOL) in Patients with Sickle Cell Disease (SCD) Who Have Received Lovotibeglogene Autotemcel (Lovo-cel) Gene Therapy: Up to 60 Months of Follow-up - ScienceDirect",https://www.sciencedirect.com/science/article/abs/pii/S0006497123076541,turn197search8,CANDIDATE_ONLY_NOT_GATE_EVIDENCE,2026-10-06
BLUE|2023-12-20|lovo-cel,lovo-cel 2023 FDA application trial results,"Cellular, Tissue, and Gene Therapies Advisory Committee June 9-10, 2022 Meeting Briefing Document- FDA- 125717",https://www.fda.gov/media/159009/download,turn197search12,CANDIDATE_ONLY_NOT_GATE_EVIDENCE,2026-10-06
BLUE|2023-12-20|lovo-cel,lovo-cel 2023 FDA application trial results,"Efficacy, Safety, and Health-Related Quality of Life (HRQOL) in Patients with Sickle Cell Disease (SCD) Who Have Received Lovotibeglogene Autotemcel (Lovo-cel) Gene Therapy: Up to 60 Months of Follow-up - ScienceDirect",https://www.sciencedirect.com/science/article/pii/S0006497123076541,turn197search9,CANDIDATE_ONLY_NOT_GATE_EVIDENCE,2026-10-06
BLUE|2023-12-20|lovo-cel,lovo-cel 2023 FDA application trial results,Between hope and reality: treatment of genetic diseases through nucleic acid-based drugs - PMC,https://pmc.ncbi.nlm.nih.gov/articles/11039704/,turn197search10,CANDIDATE_ONLY_NOT_GATE_EVIDENCE,2026-10-06
BLUE|2023-12-20|lovo-cel,lovo-cel 2023 FDA application trial results,Clinical Review Memo - LYFGENIA,https://www.fda.gov/media/179352/download,turn197search13,CANDIDATE_ONLY_NOT_GATE_EVIDENCE,2026-10-06
BLUE|2023-12-20|lovo-cel,lovo-cel 2023 FDA application trial results,Lovotibeglogene Autotemcel Gene Therapy for Sickle Cell Disease: 60 Months Follow-up | Journal of Sickle Cell Disease | Oxford Academic,https://academic.oup.com/jscd/article/1/Supplement_1/yoae002.002/7686711,turn197search11,CANDIDATE_ONLY_NOT_GATE_EVIDENCE,2026-10-06
BLUE|2023-12-20|lovo-cel,lovo-cel 2023 FDA application trial results,"The eli-cel program was subject to a clinical hold beginning in August 2021, when we received the first report of MDS. On September 15, 2022, the FDA lifted the clinical hold, prior to the completion of its review, and approval, of the SKYSONA BLA.",https://www.sec.gov/Archives/edgar/data/1293971/000129397123000017/blue_arsx2022x.pdf,turn197search16,CANDIDATE_ONLY_NOT_GATE_EVIDENCE,2026-10-06
IONS|2023-12-22|eplontersen,eplontersen 2023 FDA application trial results,Eplontersen for Hereditary Transthyretin Amyloidosis With Polyneuropathy | Trials | JAMA | JAMA Network,https://jamanetwork.com/journals/jama/fullarticle/2810248,turn194search0,CANDIDATE_ONLY_NOT_GATE_EVIDENCE,2026-10-06
IONS|2023-12-22|eplontersen,eplontersen 2023 FDA application trial results,Eplontersen for Hereditary Transthyretin Amyloidosis With Polyneuropathy - PubMed,https://pubmed.ncbi.nlm.nih.gov/37768671/,turn194search1,CANDIDATE_ONLY_NOT_GATE_EVIDENCE,2026-10-06
IONS|2023-12-22|eplontersen,eplontersen 2023 FDA application trial results,Review,https://www.accessdata.fda.gov/drugsatfda_docs/nda/2024/217388Orig1s000IntegratedR.pdf,turn194search12,CANDIDATE_ONLY_NOT_GATE_EVIDENCE,2026-10-06
IONS|2023-12-22|eplontersen,eplontersen 2023 FDA application trial results,Eplontersen for Transthyretin Amyloid Cardiomyopathy | New England Journal of Medicine,https://www.nejm.org/doi/full/10.1056/NEJMoa2608510?af=R&rss=currentIssue,turn194search3,CANDIDATE_ONLY_NOT_GATE_EVIDENCE,2026-10-06
IONS|2023-12-22|eplontersen,eplontersen 2023 FDA application trial results,,https://www.sec.gov/Archives/edgar/data/874015/000114036123019757/brhc20051808_ex99-1.htm,turn194search5,CANDIDATE_ONLY_NOT_GATE_EVIDENCE,2026-10-06
IONS|2023-12-22|eplontersen,eplontersen 2023 FDA application trial results,,https://www.sec.gov/Archives/edgar/data/874015/000114036123033840/brhc20055702_ex99-1.htm,turn194search7,CANDIDATE_ONLY_NOT_GATE_EVIDENCE,2026-10-06
IONS|2023-12-22|eplontersen,eplontersen 2023 FDA application trial results,,https://www.sec.gov/Archives/edgar/data/874015/000114036123013852/brhc10050366_ex99-1.htm,turn194search8,CANDIDATE_ONLY_NOT_GATE_EVIDENCE,2026-10-06
IONS|2023-12-22|eplontersen,eplontersen 2023 FDA application trial results,Eplontersen for Hereditary Transthyretin Amyloidosis With Polyneuropathy - PMC,https://pmc.ncbi.nlm.nih.gov/articles/PMC10540057/,turn194search9,CANDIDATE_ONLY_NOT_GATE_EVIDENCE,2026-10-06
IONS|2023-12-22|eplontersen,eplontersen 2023 FDA application trial results,,https://www.sec.gov/Archives/edgar/data/874015/000114036123058974/ef20017247_ex99-1.htm,turn194search11,CANDIDATE_ONLY_NOT_GATE_EVIDENCE,2026-10-06
IONS|2023-12-22|eplontersen,eplontersen 2023 FDA application trial results,Review,https://www.accessdata.fda.gov/drugsatfda_docs/nda/2024/217388Orig1s000AdminCorres.pdf,turn194search13,CANDIDATE_ONLY_NOT_GATE_EVIDENCE,2026-10-06
IONS|2023-12-22|eplontersen,eplontersen 2023 FDA application trial results,Review,https://www.accessdata.fda.gov/drugsatfda_docs/nda/2024/217388Orig1s000Approv.pdf,turn194search15,CANDIDATE_ONLY_NOT_GATE_EVIDENCE,2026-10-06
LGND|2024-01-05,berdazimer 2024 FDA application trial results,Drug Trials Snapshots: ZELSUVMI | FDA,https://www.fda.gov/drugs/drug-trials-snapshots/drug-trials-snapshots-zelsuvmi,turn196search0,CANDIDATE_ONLY_NOT_GATE_EVIDENCE,2026-10-06
LGND|2024-01-05,berdazimer 2024 FDA application trial results,label,https://www.accessdata.fda.gov/drugsatfda_docs/label/2024/217424s000lbl.pdf,turn196search12,CANDIDATE_ONLY_NOT_GATE_EVIDENCE,2026-10-06
LGND|2024-01-05,berdazimer 2024 FDA application trial results,Novel Drug Approvals for 2024 | FDA,https://www.fda.gov/drugs/novel-drug-approvals-fda/novel-drug-approvals-2024,turn196search2,CANDIDATE_ONLY_NOT_GATE_EVIDENCE,2026-10-06
LGND|2024-01-05,berdazimer 2024 FDA application trial results,Review,https://www.accessdata.fda.gov/drugsatfda_docs/nda/2024/217424Orig1s000RiskR.pdf,turn196search13,CANDIDATE_ONLY_NOT_GATE_EVIDENCE,2026-10-06
LGND|2024-01-05,berdazimer 2024 FDA application trial results,Drug Trials Snapshots | FDA,https://www.fda.gov/drugs/drug-approvals-and-databases/drug-trials-snapshots,turn196search3,CANDIDATE_ONLY_NOT_GATE_EVIDENCE,2026-10-06
LGND|2024-01-05,berdazimer 2024 FDA application trial results,Efficacy and Safety of Topical Nitric Oxide-Releasing Berdazimer Gel in Patients With Molluscum Contagiosum: A Phase 3 Randomized Clinical Trial - PubMed,https://pubmed.ncbi.nlm.nih.gov/35830173/,turn196search5,CANDIDATE_ONLY_NOT_GATE_EVIDENCE,2026-10-06
LGND|2024-01-05,berdazimer 2024 FDA application trial results,Berdazimer gel for molluscum contagiosum: An integrated analysis of 3 randomized controlled trials - PubMed,https://pubmed.ncbi.nlm.nih.gov/37804936/,turn196search6,CANDIDATE_ONLY_NOT_GATE_EVIDENCE,2026-10-06
LGND|2024-01-05,berdazimer 2024 FDA application trial results,investmentdeck_202608xex,https://www.sec.gov/Archives/edgar/data/1919246/000191924626000112/investmentdeck_202608xex.htm,turn196search7,CANDIDATE_ONLY_NOT_GATE_EVIDENCE,2026-10-06
LGND|2024-01-05,berdazimer 2024 FDA application trial results,Berdazimer gel for molluscum contagiosum in patients with atopic dermatitis - PubMed,https://pubmed.ncbi.nlm.nih.gov/38413239/,turn196search8,CANDIDATE_ONLY_NOT_GATE_EVIDENCE,2026-10-06
LGND|2024-01-05,berdazimer 2024 FDA application trial results,,https://www.sec.gov/Archives/edgar/data/1919246/000175392625001606/g084975_ex99-1.htm,turn196search9,CANDIDATE_ONLY_NOT_GATE_EVIDENCE,2026-10-06
LGND|2024-01-05,berdazimer 2024 FDA application trial results,ZelsuvmiTM (Berdazimer) Topical Gel - PubMed,https://pubmed.ncbi.nlm.nih.gov/39748580/,turn196search10,CANDIDATE_ONLY_NOT_GATE_EVIDENCE,2026-10-06
IOVA|2024-02-24,lifileucel 2024 FDA application trial results,FDA grants accelerated approval to lifileucel for unresectable or metastatic melanoma | FDA,https://www.fda.gov/drugs/resources-information-approved-drugs/fda-grants-accelerated-approval-lifileucel-unresectable-or-metastatic-melanoma,turn202search0,CANDIDATE_ONLY_NOT_GATE_EVIDENCE,2026-10-06
IOVA|2024-02-24,lifileucel 2024 FDA application trial results,FDA Approves First Cellular Therapy to Treat Patients with Unresectable or Metastatic Melanoma | FDA,https://www.fda.gov/news-events/press-announcements/fda-approves-first-cellular-therapy-treat-patients-unresectable-or-metastatic-melanoma,turn202search1,CANDIDATE_ONLY_NOT_GATE_EVIDENCE,2026-10-06
IOVA|2024-02-24,lifileucel 2024 FDA application trial results,FDA approval summary: Lifileucel for unresectable or metastatic melanoma previously treated with an anti-PD-1 based immunotherapy - PMC,https://pmc.ncbi.nlm.nih.gov/articles/PMC12313226/,turn202search2,CANDIDATE_ONLY_NOT_GATE_EVIDENCE,2026-10-06
IOVA|2024-02-24,lifileucel 2024 FDA application trial results,AMTAGVI | FDA,https://www.fda.gov/vaccines-blood-biologics/approved-blood-products/amtagvi,turn202search3,CANDIDATE_ONLY_NOT_GATE_EVIDENCE,2026-10-06
IOVA|2024-02-24,lifileucel 2024 FDA application trial results,FDA approval summary: Lifileucel for unresectable or metastatic melanoma previously treated with an anti-PD-1 based immunotherapy - PMC,https://pmc.ncbi.nlm.nih.gov/articles/PMC12313226,turn202search5,CANDIDATE_ONLY_NOT_GATE_EVIDENCE,2026-10-06
IOVA|2024-02-24,lifileucel 2024 FDA application trial results,FDA approves obecabtagene autoleucel for adults with relapsed or refractory B-cell precursor acute lymphoblastic leukemia | FDA,https://www.fda.gov/drugs/resources-information-approved-drugs/fda-approves-obecabtagene-autoleucel-adults-relapsed-or-refractory-b-cell-precursor-acute,turn202search6,CANDIDATE_ONLY_NOT_GATE_EVIDENCE,2026-10-06
IOVA|2024-02-24,lifileucel 2024 FDA application trial results,BLA Clinical Review and Evaluation - AMTAGVI,https://www.fda.gov/media/176951/download,turn202search12,CANDIDATE_ONLY_NOT_GATE_EVIDENCE,2026-10-06
IOVA|2024-02-24,lifileucel 2024 FDA application trial results,CLINICAL DEVELOPMENT OF IMMUNO-ONCOLOGY THERAPEUTICS - PMC,https://pmc.ncbi.nlm.nih.gov/articles/PMC11930610/,turn202search7,CANDIDATE_ONLY_NOT_GATE_EVIDENCE,2026-10-06
IOVA|2024-02-24,lifileucel 2024 FDA application trial results,FDA grants accelerated approval to lisocabtagene maraleucel for follicular lymphoma | FDA,https://www.fda.gov/drugs/resources-information-approved-drugs/fda-grants-accelerated-approval-lisocabtagene-maraleucel-follicular-lymphoma,turn202search8,CANDIDATE_ONLY_NOT_GATE_EVIDENCE,2026-10-06
IOVA|2024-02-24,lifileucel 2024 FDA application trial results,Lifileucel: FDA-approved T-cell therapy for melanoma - PMC,https://pmc.ncbi.nlm.nih.gov/articles/PMC11299921/,turn202search10,CANDIDATE_ONLY_NOT_GATE_EVIDENCE,2026-10-06
IOVA|2024-02-24,lifileucel 2024 FDA application trial results,"crossover to lifileucel monotherapy upon confirmed progressive disease verified by a blinded independent review committee, or BIRC, and if patients meet eligibility criteria.",https://www.sec.gov/Archives/edgar/data/1425205/000155837025006019/iova-20241231xars.pdf,turn202search13,CANDIDATE_ONLY_NOT_GATE_EVIDENCE,2026-10-06
IOVA|2024-02-24,lifileucel 2024 FDA application trial results,,https://www.sec.gov/Archives/edgar/data/1425205/000110465924064825/tm2415493d1_ex99-1.htm,turn202search11,CANDIDATE_ONLY_NOT_GATE_EVIDENCE,2026-10-06
IOVA|2024-02-24,lifileucel 2024 FDA application trial results,"February 16, 2024 Approval Letter - AMTAGVI",https://www.fda.gov/media/176465/download,turn202search14,CANDIDATE_ONLY_NOT_GATE_EVIDENCE,2026-10-06
IOVA|2024-02-24,lifileucel 2024 FDA application trial results,"Cellular, Tissue, and Gene Therapies Advisory Committee July 30, 2026 Meeting Presentation- Sponsor",https://www.fda.gov/media/193937/download,turn202search15,CANDIDATE_ONLY_NOT_GATE_EVIDENCE,2026-10-06
IOVA|2024-02-24,lifileucel 2024 FDA application trial results,SINGLE PAGE_IOVANCE BIOTHERAPEUTICS_2025 AR_PROOF_MS.pdf,https://www.sec.gov/Archives/edgar/data/1425205/000110465926054229/iova-20251231xars.pdf,turn202search16,CANDIDATE_ONLY_NOT_GATE_EVIDENCE,2026-10-06
MDGL|2024-03-14,resmetirom 2024 FDA application trial results,Review,https://www.accessdata.fda.gov/drugsatfda_docs/nda/2024/217785Orig1s000IntegratedR.pdf,turn201search12,CANDIDATE_ONLY_NOT_GATE_EVIDENCE,2026-10-06
MDGL|2024-03-14,resmetirom 2024 FDA application trial results,"A Phase 3, Randomized, Controlled Trial of Resmetirom in NASH with Liver Fibrosis | New England Journal of Medicine",https://www.nejm.org/doi/full/10.1056/NEJMoa2309000?query=nejmarticle,turn201search0,CANDIDATE_ONLY_NOT_GATE_EVIDENCE,2026-10-06
MDGL|2024-03-14,resmetirom 2024 FDA application trial results,Drug Trials Snapshots: REZDIFFRA | FDA,https://www.fda.gov/drugs/drug-approvals-and-databases/drug-trials-snapshots-rezdiffra,turn201search1,CANDIDATE_ONLY_NOT_GATE_EVIDENCE,2026-10-06
MDGL|2024-03-14,resmetirom 2024 FDA application trial results,"A Phase 3, Randomized, Controlled Trial of Resmetirom in NASH with Liver Fibrosis - PubMed",https://pubmed.ncbi.nlm.nih.gov/38324483/?dopt=Abstract,turn201search2,CANDIDATE_ONLY_NOT_GATE_EVIDENCE,2026-10-06
MDGL|2024-03-14,resmetirom 2024 FDA application trial results,Review,https://www.accessdata.fda.gov/drugsatfda_docs/nda/2024/217785Orig1s000RiskR.pdf,turn201search13,CANDIDATE_ONLY_NOT_GATE_EVIDENCE,2026-10-06
MDGL|2024-03-14,resmetirom 2024 FDA application trial results,"Resmetirom for nonalcoholic fatty liver disease: a randomized, double-blind, placebo-controlled phase 3 trial - PubMed",https://pubmed.ncbi.nlm.nih.gov/37845512/,turn201search3,CANDIDATE_ONLY_NOT_GATE_EVIDENCE,2026-10-06
MDGL|2024-03-14,resmetirom 2024 FDA application trial results,Emerging therapies and real-world application of metabolic dysfunction-associated steatotic liver disease treatment - PMC,https://pmc.ncbi.nlm.nih.gov/articles/12260617/,turn201search4,CANDIDATE_ONLY_NOT_GATE_EVIDENCE,2026-10-06
MDGL|2024-03-14,resmetirom 2024 FDA application trial results,Resmetirom proves positive for NASH with liver fibrosis | Nature Reviews Gastroenterology & Hepatology,https://www.nature.com/articles/s41575-024-00909-0,turn201search5,CANDIDATE_ONLY_NOT_GATE_EVIDENCE,2026-10-06
MDGL|2024-03-14,resmetirom 2024 FDA application trial results,"A Phase 3, Randomized, Controlled Trial of Resmetirom in NASH with Liver Fibrosis - PubMed",https://febs.onlinelibrary.wiley.com/servlet/linkout?dbid=8&doi=10.1111%2Ffebs.70641&doiForPubOfPage=10.1111%2Ffebs.70641&getFTLinkType=true&key=38324483&linkLocation=Reference&linkSource=FULL_TEXT&linkType=PMID&refDoi=10.1056%2FNEJMoa2309000&suffix=null,turn201search7,CANDIDATE_ONLY_NOT_GATE_EVIDENCE,2026-10-06
MDGL|2024-03-14,resmetirom 2024 FDA application trial results,mdgl-20241231,https://www.sec.gov/Archives/edgar/data/1157601/000162828025007980/mdgl-20241231.htm,turn201search8,CANDIDATE_ONLY_NOT_GATE_EVIDENCE,2026-10-06
MDGL|2024-03-14,resmetirom 2024 FDA application trial results,"Resmetirom for nonalcoholic fatty liver disease: a randomized, double-blind, placebo-controlled phase 3 trial - PMC",https://pmc.ncbi.nlm.nih.gov/articles/PMC10667098/,turn201search10,CANDIDATE_ONLY_NOT_GATE_EVIDENCE,2026-10-06
MDGL|2024-03-14,resmetirom 2024 FDA application trial results,Table of Contents,https://www.sec.gov/Archives/edgar/data/1157601/000119312524122681/d658010dars.pdf,turn201search14,CANDIDATE_ONLY_NOT_GATE_EVIDENCE,2026-10-06
AKBA|2024-03-27,vadadustat 2024 FDA application trial results,Safety and Efficacy of Vadadustat for Anemia in Patients Undergoing Dialysis | New England Journal of Medicine,https://www.nejm.org/doi/full/10.1056/NEJMoa2025956,turn210search0,CANDIDATE_ONLY_NOT_GATE_EVIDENCE,2026-10-06
AKBA|2024-03-27,vadadustat 2024 FDA application trial results,Drug Trials Snapshots: VAFSEO | FDA,https://www.fda.gov/drugs/drug-approvals-and-databases/drug-trials-snapshots-vafseo,turn210search1,CANDIDATE_ONLY_NOT_GATE_EVIDENCE,2026-10-06
AKBA|2024-03-27,vadadustat 2024 FDA application trial results,Review,https://www.accessdata.fda.gov/drugsatfda_docs/nda/2024/215192Orig1s000IntegratedR.pdf,turn210search12,CANDIDATE_ONLY_NOT_GATE_EVIDENCE,2026-10-06
AKBA|2024-03-27,vadadustat 2024 FDA application trial results,Novel Drug Approvals for 2024 | FDA,https://www.fda.gov/drugs/novel-drug-approvals-fda/novel-drug-approvals-2024,turn210search2,CANDIDATE_ONLY_NOT_GATE_EVIDENCE,2026-10-06
AKBA|2024-03-27,vadadustat 2024 FDA application trial results,Vadadustat in Patients with Anemia and Non–Dialysis-Dependent CKD | New England Journal of Medicine,https://www.nejm.org/doi/full/10.1056/NEJMoa2035938,turn210search3,CANDIDATE_ONLY_NOT_GATE_EVIDENCE,2026-10-06
AKBA|2024-03-27,vadadustat 2024 FDA application trial results,Drug Trials Snapshots | FDA,https://www.fda.gov/drugs/drug-approvals-and-databases/drug-trials-snapshots,turn210search4,CANDIDATE_ONLY_NOT_GATE_EVIDENCE,2026-10-06
AKBA|2024-03-27,vadadustat 2024 FDA application trial results,ARS.pdf,https://www.sec.gov/Archives/edgar/data/1517022/000119312523125003/d423191dars.pdf,turn210search13,CANDIDATE_ONLY_NOT_GATE_EVIDENCE,2026-10-06
AKBA|2024-03-27,vadadustat 2024 FDA application trial results,Review,https://www.accessdata.fda.gov/drugsatfda_docs/nda/2024/215192Orig1s000OtherR.pdf,turn210search14,CANDIDATE_ONLY_NOT_GATE_EVIDENCE,2026-10-06
AKBA|2024-03-27,vadadustat 2024 FDA application trial results,Game Changers: Blockbuster Small-Molecule Drugs Approved by the FDA in 2024 - PMC,https://pmc.ncbi.nlm.nih.gov/articles/PMC12114780/,turn210search5,CANDIDATE_ONLY_NOT_GATE_EVIDENCE,2026-10-06
AKBA|2024-03-27,vadadustat 2024 FDA application trial results,Safety and Efficacy of Vadadustat Once Daily and Three Times Weekly in Patients With Dialysis-Dependent CKD With Anemia - PMC,https://pmc.ncbi.nlm.nih.gov/articles/PMC12282625/,turn210search7,CANDIDATE_ONLY_NOT_GATE_EVIDENCE,2026-10-06
AKBA|2024-03-27,vadadustat 2024 FDA application trial results,FDA approves tisotumab vedotin-tftv for recurrent or metastatic cervical cancer | FDA,https://www.fda.gov/drugs/resources-information-approved-drugs/fda-approves-tisotumab-vedotin-tftv-recurrent-or-metastatic-cervical-cancer,turn210search9,CANDIDATE_ONLY_NOT_GATE_EVIDENCE,2026-10-06
AKBA|2024-03-27,vadadustat 2024 FDA application trial results,Vadadustat Three Times Weekly in Patients With Anemia Due to Dialysis-Dependent CKD - ScienceDirect,https://www.sciencedirect.com/science/article/pii/S0272638624010436,turn210search10,CANDIDATE_ONLY_NOT_GATE_EVIDENCE,2026-10-06
CRSP|2024-03-30,exa-cel 2024 FDA application trial results,Exagamglogene Autotemcel for Severe Sickle Cell Disease | New England Journal of Medicine,https://www.nejm.org/doi/full/10.1056/NEJMoa2309676,turn199search0,CANDIDATE_ONLY_NOT_GATE_EVIDENCE,2026-10-06
CRSP|2024-03-30,exa-cel 2024 FDA application trial results,"Cellular, Tissue, and Gene Therapies Advisory Committee October 31, 2023 Meeting Briefing Document- FDA",https://www.fda.gov/media/173414/download,turn199search12,CANDIDATE_ONLY_NOT_GATE_EVIDENCE,2026-10-06
CRSP|2024-03-30,exa-cel 2024 FDA application trial results,Exagamglogene Autotemcel for Severe Sickle Cell Disease | New England Journal of Medicine,https://www.nejm.org/doi/abs/10.1056/NEJMoa2309676,turn199search1,CANDIDATE_ONLY_NOT_GATE_EVIDENCE,2026-10-06
CRSP|2024-03-30,exa-cel 2024 FDA application trial results,"Cellular, Tissue, and Gene Therapies Advisory Committee October 31, 2023 Meeting Briefing Document- Sponsor",https://www.fda.gov/media/173415/download,turn199search13,CANDIDATE_ONLY_NOT_GATE_EVIDENCE,2026-10-06
CRSP|2024-03-30,exa-cel 2024 FDA application trial results,FDA approves obecabtagene autoleucel for adults with relapsed or refractory B-cell precursor acute lymphoblastic leukemia | FDA,https://www.fda.gov/drugs/resources-information-approved-drugs/fda-approves-obecabtagene-autoleucel-adults-relapsed-or-refractory-b-cell-precursor-acute,turn199search2,CANDIDATE_ONLY_NOT_GATE_EVIDENCE,2026-10-06
CRSP|2024-03-30,exa-cel 2024 FDA application trial results,Exagamglogene Autotemcel for Severe Sickle Cell Disease | New England Journal of Medicine,https://www.nejm.org/doi/full/10.1056/NEJMoa2309676?bid=-2050451145&cid=NEJM+eToc%2C+April+23%2C+2024+DM2337624_NEJM_Non_Subscriber&query=TOC,turn199search3,CANDIDATE_ONLY_NOT_GATE_EVIDENCE,2026-10-06
CRSP|2024-03-30,exa-cel 2024 FDA application trial results,Annual Sickle Cell & Thalassaemia Conference (ASCAT) ‐ October 2024 - PMC,https://pmc.ncbi.nlm.nih.gov/articles/PMC11664322/,turn199search5,CANDIDATE_ONLY_NOT_GATE_EVIDENCE,2026-10-06
CRSP|2024-03-30,exa-cel 2024 FDA application trial results,Durable Clinical Benefits with Exagamglogene Autotemcel for Severe Sickle Cell Disease - ScienceDirect,https://www.sciencedirect.com/science/article/pii/S0006497124077127,turn199search6,CANDIDATE_ONLY_NOT_GATE_EVIDENCE,2026-10-06
CRSP|2024-03-30,exa-cel 2024 FDA application trial results,"Cellular, Tissue, and Gene Therapies Advisory Committee October 31, 2023 Meeting Briefing Document- FDA",https://www.fda.gov/media/173414/download?ftag=YHF4eb9d17,turn199search14,CANDIDATE_ONLY_NOT_GATE_EVIDENCE,2026-10-06
CRSP|2024-03-30,exa-cel 2024 FDA application trial results,"Cellular, Tissue, and Gene Therapies Advisory Committee October 31, 2023 Meeting Presentation- Exa-cel for the Treatment of Sickle Cell Disease (SCD) in Patients ≥ 12 Years With Recurrent Vaso-Occlusive Crises (VOCs)",https://www.fda.gov/media/173472/download,turn199search16,CANDIDATE_ONLY_NOT_GATE_EVIDENCE,2026-10-06
CRSP|2024-03-30,exa-cel 2024 FDA application trial results,ARSPDF.pdf,https://www.sec.gov/Archives/edgar/data/1674416/000095017023014870/ars_-_2022_ann_rep__swis.pdf,turn199search17,CANDIDATE_ONLY_NOT_GATE_EVIDENCE,2026-10-06
SUPN|2024-04-05,SPN-830 2024 FDA application trial results,2024 ANNUAL REPORT,https://www.sec.gov/Archives/edgar/data/0001356576/000110465925042554/tm2512891d2_ars.pdf,turn200search12,CANDIDATE_ONLY_NOT_GATE_EVIDENCE,2026-10-06
SUPN|2024-04-05,SPN-830 2024 FDA application trial results,Supernus Announces SPN-830 Apomorphine Infusion Device NDA Accepted for Review by FDA - Supernus Pharmaceuticals,https://ir.supernus.com/news-releases/news-release-details/supernus-announces-spn-830-apomorphine-infusion-device-nda-0,turn200search0,CANDIDATE_ONLY_NOT_GATE_EVIDENCE,2026-10-06
SUPN|2024-04-05,SPN-830 2024 FDA application trial results,Supernus Provides Regulatory Update for SPN-830 - Supernus Pharmaceuticals,https://ir.supernus.com/news-releases/news-release-details/supernus-provides-regulatory-update-spn-830-0,turn200search1,CANDIDATE_ONLY_NOT_GATE_EVIDENCE,2026-10-06
SUPN|2024-04-05,SPN-830 2024 FDA application trial results,supn-20240930,https://www.sec.gov/Archives/edgar/data/1356576/000135657624000067/supn-20240930.htm,turn200search2,CANDIDATE_ONLY_NOT_GATE_EVIDENCE,2026-10-06
SUPN|2024-04-05,SPN-830 2024 FDA application trial results,Supernus Resubmits NDA for SPN-830 Apomorphine Infusion Device - Supernus Pharmaceuticals,https://ir.supernus.com/news-releases/news-release-details/supernus-resubmits-nda-spn-830-apomorphine-infusion-device-1,turn200search3,CANDIDATE_ONLY_NOT_GATE_EVIDENCE,2026-10-06
SUPN|2024-04-05,SPN-830 2024 FDA application trial results,Form 10-Q for Supernus Pharmaceuticals INC filed 05/08/2024,https://ir.supernus.com/static-files/6c6e0a3b-ff76-4d67-a7de-42541fe4edab,turn200search13,CANDIDATE_ONLY_NOT_GATE_EVIDENCE,2026-10-06
SUPN|2024-04-05,SPN-830 2024 FDA application trial results,supn-20231231,https://www.sec.gov/Archives/edgar/data/1356576/000135657624000013/supn-20231231.htm,turn200search5,CANDIDATE_ONLY_NOT_GATE_EVIDENCE,2026-10-06
SUPN|2024-04-05,SPN-830 2024 FDA application trial results,"In December 2023, the Company submitted to the FDA a notification of discontinuance to withdraw Osmolex ER from distribution, stating that manufacturing has been discontinued and distribution of the product will cease by April 1, 2024.",https://www.sec.gov/Archives/edgar/data/0001356576/000110465924054028/tm248684d2_ars.pdf,turn200search14,CANDIDATE_ONLY_NOT_GATE_EVIDENCE,2026-10-06
SUPN|2024-04-05,SPN-830 2024 FDA application trial results,Supernus Announces SPN-830 Apomorphine Infusion Device NDA Accepted for Review by FDA,https://ir.supernus.com/node/13921/pdf,turn200search15,CANDIDATE_ONLY_NOT_GATE_EVIDENCE,2026-10-06
SUPN|2024-04-05,SPN-830 2024 FDA application trial results,,https://www.sec.gov/Archives/edgar/data/1356576/000110465922069527/tm2218003d1_ex99-1.htm,turn200search11,CANDIDATE_ONLY_NOT_GATE_EVIDENCE,2026-10-06
IBRX|2024-04-23,nogapendekin alfa inbakicept 2024 FDA application trial results,FDA approves nogapendekin alfa inbakicept-pmln for BCG-unresponsive non-muscle invasive bladder cancer | FDA,https://www.fda.gov/drugs/resources-information-approved-drugs/fda-approves-nogapendekin-alfa-inbakicept-pmln-bcg-unresponsive-non-muscle-invasive-bladder-cancer,turn208search0,CANDIDATE_ONLY_NOT_GATE_EVIDENCE,2026-10-06
IBRX|2024-04-23,nogapendekin alfa inbakicept 2024 FDA application trial results,Novel Drug Approvals for 2024 | FDA,https://www.fda.gov/drugs/novel-drug-approvals-fda/novel-drug-approvals-2024,turn208search1,CANDIDATE_ONLY_NOT_GATE_EVIDENCE,2026-10-06
IBRX|2024-04-23,nogapendekin alfa inbakicept 2024 FDA application trial results,Review,https://www.accessdata.fda.gov/drugsatfda_docs/nda/2024/761336Orig1s000RiskR.pdf,turn208search12,CANDIDATE_ONLY_NOT_GATE_EVIDENCE,2026-10-06
IBRX|2024-04-23,nogapendekin alfa inbakicept 2024 FDA application trial results,FDA Approval Summary: Nogapendekin Alfa Inbakicept-pmln with BCG for BCG-unresponsive carcinoma in situ - PMC,https://pmc.ncbi.nlm.nih.gov/articles/PMC12363661/,turn208search2,CANDIDATE_ONLY_NOT_GATE_EVIDENCE,2026-10-06
IBRX|2024-04-23,nogapendekin alfa inbakicept 2024 FDA application trial results,Drug Trials Snapshots: ANKTIVA | FDA,https://www.fda.gov/drugs/drug-trials-snapshots/drug-trials-snapshots-anktiva,turn208search3,CANDIDATE_ONLY_NOT_GATE_EVIDENCE,2026-10-06
IBRX|2024-04-23,nogapendekin alfa inbakicept 2024 FDA application trial results,FY 2024 PDUFA Performance Report,https://www.fda.gov/media/188188/download?attachment=,turn208search13,CANDIDATE_ONLY_NOT_GATE_EVIDENCE,2026-10-06
IBRX|2024-04-23,nogapendekin alfa inbakicept 2024 FDA application trial results,Drug Trials Snapshots | FDA,https://www.fda.gov/drugs/drug-approvals-and-databases/drug-trials-snapshots,turn208search4,CANDIDATE_ONLY_NOT_GATE_EVIDENCE,2026-10-06
IBRX|2024-04-23,nogapendekin alfa inbakicept 2024 FDA application trial results,Review,https://www.accessdata.fda.gov/drugsatfda_docs/nda/2024/761336Orig1s000OtherR.pdf,turn208search14,CANDIDATE_ONLY_NOT_GATE_EVIDENCE,2026-10-06
IBRX|2024-04-23,nogapendekin alfa inbakicept 2024 FDA application trial results,Oncology (Cancer)/Hematologic Malignancies Approval Notifications | FDA,https://www.fda.gov/drugs/resources-information-approved-drugs/oncology-cancerhematologic-malignancies-approval-notifications?randparam=286859,turn208search6,CANDIDATE_ONLY_NOT_GATE_EVIDENCE,2026-10-06
IBRX|2024-04-23,nogapendekin alfa inbakicept 2024 FDA application trial results,Transforming non-muscle invasive bladder cancer (NMIBC) treatment: FDA approval of Anktiva in combination with BCG - PMC,https://pmc.ncbi.nlm.nih.gov/articles/PMC11918662/,turn208search7,CANDIDATE_ONLY_NOT_GATE_EVIDENCE,2026-10-06
IBRX|2024-04-23,nogapendekin alfa inbakicept 2024 FDA application trial results,Review,https://www.accessdata.fda.gov/drugsatfda_docs/nda/2024/761336Orig1s000MultidisciplineR.pdf,turn208search15,CANDIDATE_ONLY_NOT_GATE_EVIDENCE,2026-10-06
IBRX|2024-04-23,nogapendekin alfa inbakicept 2024 FDA application trial results,ibrx-20240422,https://www.sec.gov/Archives/edgar/data/1326110/000132611024000040/ibrx-20240422.htm,turn208search9,CANDIDATE_ONLY_NOT_GATE_EVIDENCE,2026-10-06
IBRX|2024-04-23,nogapendekin alfa inbakicept 2024 FDA application trial results,ANKTIVA | Promotional Material | 9.9.2025,https://www.fda.gov/media/188893/download,turn208search16,CANDIDATE_ONLY_NOT_GATE_EVIDENCE,2026-10-06
IBRX|2024-04-23,nogapendekin alfa inbakicept 2024 FDA application trial results,Purple Book Search,https://purplebooksearch.fda.gov/index.cfm?blaNo=761336&event=productdetails,turn208search10,CANDIDATE_ONLY_NOT_GATE_EVIDENCE,2026-10-06
IBRX|2024-04-23,nogapendekin alfa inbakicept 2024 FDA application trial results,Monoclonal Antibodies (mAbs) and Proteins: The Biologic Drugs Approved by the Food and Drug Administration (FDA) in 2024 - PMC,https://pmc.ncbi.nlm.nih.gov/articles/PMC12383571/,turn208search11,CANDIDATE_ONLY_NOT_GATE_EVIDENCE,2026-10-06
DAWN|2024-04-30|tovorafenib,tovorafenib 2024 FDA application trial results,FDA grants accelerated approval to tovorafenib for patients with relapsed or refractory BRAF-altered pediatric low-grade glioma | FDA,https://www.fda.gov/drugs/resources-information-approved-drugs/fda-grants-accelerated-approval-tovorafenib-patients-relapsed-or-refractory-braf-altered-pediatric,turn212search0,CANDIDATE_ONLY_NOT_GATE_EVIDENCE,2026-10-06
DAWN|2024-04-30|tovorafenib,tovorafenib 2024 FDA application trial results,"FDA D.I.S.C.O. Burst Edition: FDA approval of Ojemda (tovorafenib) for relapsed or refractory pediatric low-grade glioma harboring a BRAF fusion or rearrangement, or BRAF V600 mutation | FDA",https://www.fda.gov/drugs/resources-information-approved-drugs/fda-disco-burst-edition-fda-approval-ojemda-tovorafenib-relapsed-or-refractory-pediatric-low-grade,turn212search1,CANDIDATE_ONLY_NOT_GATE_EVIDENCE,2026-10-06
DAWN|2024-04-30|tovorafenib,tovorafenib 2024 FDA application trial results,Drug Trials Snapshots: OJEMDA | FDA,https://www.fda.gov/drugs/drug-trials-snapshots/drug-trials-snapshots-ojemda,turn212search2,CANDIDATE_ONLY_NOT_GATE_EVIDENCE,2026-10-06
DAWN|2024-04-30|tovorafenib,tovorafenib 2024 FDA application trial results,FDA Approval Summary: Tovorafenib for Relapsed or Refractory BRAF-altered Pediatric Low-Grade Glioma - PMC,https://pmc.ncbi.nlm.nih.gov/articles/PMC11996598/,turn212search3,CANDIDATE_ONLY_NOT_GATE_EVIDENCE,2026-10-06
DAWN|2024-04-30|tovorafenib,tovorafenib 2024 FDA application trial results,Review,https://www.accessdata.fda.gov/drugsatfda_docs/nda/2024/217700Orig1s000%2C%20218033Orig1s000MultidisciplineR.pdf,turn212search12,CANDIDATE_ONLY_NOT_GATE_EVIDENCE,2026-10-06
DAWN|2024-04-30|tovorafenib,tovorafenib 2024 FDA application trial results,Review,https://www.accessdata.fda.gov/drugsatfda_docs/nda/2024/217700Orig1s000%2C%20218033Orig1s000Approv.pdf,turn212search13,CANDIDATE_ONLY_NOT_GATE_EVIDENCE,2026-10-06
DAWN|2024-04-30|tovorafenib,tovorafenib 2024 FDA application trial results,8-K,https://www.sec.gov/Archives/edgar/data/1845337/000119312524108544/d812370d8k.htm,turn212search4,CANDIDATE_ONLY_NOT_GATE_EVIDENCE,2026-10-06
DAWN|2024-04-30|tovorafenib,tovorafenib 2024 FDA application trial results,10-Q,https://www.sec.gov/Archives/edgar/data/1845337/000095017024118958/dawn-20240930.htm,turn212search5,CANDIDATE_ONLY_NOT_GATE_EVIDENCE,2026-10-06
DAWN|2024-04-30|tovorafenib,tovorafenib 2024 FDA application trial results,10-K,https://www.sec.gov/Archives/edgar/data/1845337/000095017025026654/dawn-20241231.htm,turn212search6,CANDIDATE_ONLY_NOT_GATE_EVIDENCE,2026-10-06
DAWN|2024-04-30|tovorafenib,tovorafenib 2024 FDA application trial results,SECURITIES AND EXCHANGE COMMISSION,https://www.sec.gov/Archives/edgar/data/1845337/000114036124018310/ny20017439x3_ars.pdf,turn212search14,CANDIDATE_ONLY_NOT_GATE_EVIDENCE,2026-10-06
DAWN|2024-04-30|tovorafenib,tovorafenib 2024 FDA application trial results,CTNI-09. TYPE II RAF INHIBITOR TOVORAFENIB IN RELAPSED/REFRACTORY (R/R) PEDIATRIC LOW-GRADE GLIOMA (PLGG): RESULTS FROM PATIENTS ON A DRUG HOLIDAY (DH) IN THE PHASE 2 FIREFLY-1 TRIAL - PMC,https://pmc.ncbi.nlm.nih.gov/articles/PMC11553306/,turn212search7,CANDIDATE_ONLY_NOT_GATE_EVIDENCE,2026-10-06
DAWN|2024-04-30|tovorafenib,tovorafenib 2024 FDA application trial results,Phase 1 study of the pan-RAF inhibitor tovorafenib in patients with advanced solid tumors followed by dose expansion in patients with metastatic melanoma - PMC,https://pmc.ncbi.nlm.nih.gov/articles/PMC10261210/,turn212search11,CANDIDATE_ONLY_NOT_GATE_EVIDENCE,2026-10-06
GERN|2024-06-16,imetelstat 2024 FDA application trial results,FDA approves imetelstat for low- to intermediate-1 risk myelodysplastic syndromes with transfusion-dependent anemia | FDA,https://www.fda.gov/drugs/resources-information-approved-drugs/fda-approves-imetelstat-low-intermediate-1-risk-myelodysplastic-syndromes-transfusion-dependent,turn217search0,CANDIDATE_ONLY_NOT_GATE_EVIDENCE,2026-10-06
GERN|2024-06-16,imetelstat 2024 FDA application trial results,"March 14, 2024 Oncologic Drugs Advisory Committee Meeting",https://www.fda.gov/media/176968/download,turn217search12,CANDIDATE_ONLY_NOT_GATE_EVIDENCE,2026-10-06
GERN|2024-06-16,imetelstat 2024 FDA application trial results,"March 14, 2024 Oncologic Drugs Advisory Committee Meeting",https://www.fda.gov/media/176966/download,turn217search13,CANDIDATE_ONLY_NOT_GATE_EVIDENCE,2026-10-06
GERN|2024-06-16,imetelstat 2024 FDA application trial results,Review,https://www.accessdata.fda.gov/drugsatfda_docs/nda/2024/217779Orig1s000MultidisciplineR.pdf,turn217search14,CANDIDATE_ONLY_NOT_GATE_EVIDENCE,2026-10-06
GERN|2024-06-16,imetelstat 2024 FDA application trial results,FDA Approval Summary: Imetelstat for Treatment of Selected Patients with Low- to Intermediate-1 Risk Myelodysplastic Syndromes with Transfusion-Dependent Anemia - PMC,https://pmc.ncbi.nlm.nih.gov/articles/PMC12614338/,turn217search1,CANDIDATE_ONLY_NOT_GATE_EVIDENCE,2026-10-06
GERN|2024-06-16,imetelstat 2024 FDA application trial results,US Food and Drug Administration Approval Summary: Imetelstat for Selected Patients With Low- to Intermediate-1 Risk Myelodysplastic Syndromes With Transfusion-Dependent Anemia | Journal of Clinical Oncology,https://ascopubs.org/doi/full/10.1200/JCO-25-01369,turn217search2,CANDIDATE_ONLY_NOT_GATE_EVIDENCE,2026-10-06
GERN|2024-06-16,imetelstat 2024 FDA application trial results,Drug Trials Snapshots: RYTELO | FDA,https://www.fda.gov/drugs/drug-trials-snapshots/drug-trials-snapshots-rytelo,turn217search3,CANDIDATE_ONLY_NOT_GATE_EVIDENCE,2026-10-06
GERN|2024-06-16,imetelstat 2024 FDA application trial results,"Imetelstat in patients with lower-risk myelodysplastic syndromes who have relapsed or are refractory to erythropoiesis-stimulating agents (IMerge): a multinational, randomised, double-blind, placebo-controlled, phase 3 trial - PubMed",https://pubmed.ncbi.nlm.nih.gov/38048786/?dopt=Abstract,turn217search4,CANDIDATE_ONLY_NOT_GATE_EVIDENCE,2026-10-06
GERN|2024-06-16,imetelstat 2024 FDA application trial results,Imetelstat: A First-in-Class Telomerase Inhibitor for the Treatment of Patients With Lower-Risk Myelodysplastic Syndromes and Anemia - PMC,https://pmc.ncbi.nlm.nih.gov/articles/PMC12333969/,turn217search6,CANDIDATE_ONLY_NOT_GATE_EVIDENCE,2026-10-06
GERN|2024-06-16,imetelstat 2024 FDA application trial results,Management of Anemia in Lower-Risk Myelodysplastic Syndromes/Neoplasms With Novel Agents - PMC,https://pmc.ncbi.nlm.nih.gov/articles/PMC13277726/,turn217search7,CANDIDATE_ONLY_NOT_GATE_EVIDENCE,2026-10-06
GERN|2024-06-16,imetelstat 2024 FDA application trial results,"Imetelstat in patients with lower-risk myelodysplastic syndromes who have relapsed or are refractory to erythropoiesis-stimulating agents (IMerge): a multinational, randomised, double-blind, placebo-controlled, phase 3 trial - ScienceDirect",https://www.sciencedirect.com/science/article/pii/S0140673623017245,turn217search8,CANDIDATE_ONLY_NOT_GATE_EVIDENCE,2026-10-06
GERN|2024-06-16,imetelstat 2024 FDA application trial results,"Imetelstat, a novel, first‐in‐class telomerase inhibitor: Mechanism of action, clinical, and translational science - PMC",https://pmc.ncbi.nlm.nih.gov/articles/PMC11571238/,turn217search10,CANDIDATE_ONLY_NOT_GATE_EVIDENCE,2026-10-06
GERN|2024-06-16,imetelstat 2024 FDA application trial results,FDA approval of imetelstat: a new era in the treatment of lower-risk myelodysplastic syndrome - PMC,https://pmc.ncbi.nlm.nih.gov/articles/PMC12688788/,turn217search11,CANDIDATE_ONLY_NOT_GATE_EVIDENCE,2026-10-06
VRNA|2024-06-26|ensifentrine,ensifentrine 2024 FDA application trial results,Drug Trials Snapshots: OHTUVAYRE | FDA,https://www.fda.gov/drugs/drug-trials-snapshots/drug-trials-snapshots-ohtuvayre,turn203search0,CANDIDATE_ONLY_NOT_GATE_EVIDENCE,2026-10-06
VRNA|2024-06-26|ensifentrine,ensifentrine 2024 FDA application trial results,Novel Drug Approvals for 2024 | FDA,https://www.fda.gov/drugs/novel-drug-approvals-fda/novel-drug-approvals-2024,turn203search1,CANDIDATE_ONLY_NOT_GATE_EVIDENCE,2026-10-06
VRNA|2024-06-26|ensifentrine,ensifentrine 2024 FDA application trial results,vrna-20240331,https://www.sec.gov/Archives/edgar/data/1657312/000165731224000014/vrna-20240331.htm,turn203search2,CANDIDATE_ONLY_NOT_GATE_EVIDENCE,2026-10-06
VRNA|2024-06-26|ensifentrine,ensifentrine 2024 FDA application trial results,Review,https://www.accessdata.fda.gov/drugsatfda_docs/nda/2024/217389Orig1s000IntegratedR.pdf,turn203search12,CANDIDATE_ONLY_NOT_GATE_EVIDENCE,2026-10-06
VRNA|2024-06-26|ensifentrine,ensifentrine 2024 FDA application trial results,Ensifentrine: A Novel Option for Maintenance of Chronic Obstructive Pulmonary Disease - PMC,https://pmc.ncbi.nlm.nih.gov/articles/PMC12187689/,turn203search3,CANDIDATE_ONLY_NOT_GATE_EVIDENCE,2026-10-06
VRNA|2024-06-26|ensifentrine,ensifentrine 2024 FDA application trial results,Untitled-1,https://www.sec.gov/Archives/edgar/data/1657312/000110465924036466/tm242772d8_ars.pdf,turn203search13,CANDIDATE_ONLY_NOT_GATE_EVIDENCE,2026-10-06
VRNA|2024-06-26|ensifentrine,ensifentrine 2024 FDA application trial results,,https://www.sec.gov/Archives/edgar/data/1657312/000110465922128407/tm2233007d5_8k.htm,turn203search5,CANDIDATE_ONLY_NOT_GATE_EVIDENCE,2026-10-06
VRNA|2024-06-26|ensifentrine,ensifentrine 2024 FDA application trial results,vrna-20231231,https://www.sec.gov/Archives/edgar/data/1657312/000165731224000007/vrna-20231231.htm,turn203search6,CANDIDATE_ONLY_NOT_GATE_EVIDENCE,2026-10-06
VRNA|2024-06-26|ensifentrine,ensifentrine 2024 FDA application trial results,vrna-20241231,https://www.sec.gov/Archives/edgar/data/1657312/000165731225000010/vrna-20241231.htm,turn203search8,CANDIDATE_ONLY_NOT_GATE_EVIDENCE,2026-10-06
RCKT|2024-06-30,marnetegragene autotemcel 2024 FDA application trial results,"March 26, 2026 Summary Basis for Regulatory Action - KRESLADI",https://www.fda.gov/media/191993/download?attachment=,turn205search12,CANDIDATE_ONLY_NOT_GATE_EVIDENCE,2026-10-06
RCKT|2024-06-30,marnetegragene autotemcel 2024 FDA application trial results,KRESLADI | FDA,https://www.fda.gov/vaccines-blood-biologics/kresladi,turn205search0,CANDIDATE_ONLY_NOT_GATE_EVIDENCE,2026-10-06
RCKT|2024-06-30,marnetegragene autotemcel 2024 FDA application trial results,"March 26, 2026 Summary Basis for Regulatory Action - KRESLADI",https://www.fda.gov/media/191993/download,turn205search13,CANDIDATE_ONLY_NOT_GATE_EVIDENCE,2026-10-06
RCKT|2024-06-30,marnetegragene autotemcel 2024 FDA application trial results,"March 26, 2026 Approval Letter - KRESLADI",https://www.fda.gov/media/191723/download?attachment=,turn205search14,CANDIDATE_ONLY_NOT_GATE_EVIDENCE,2026-10-06
RCKT|2024-06-30,marnetegragene autotemcel 2024 FDA application trial results,"March 26, 2026 Approval Letter - KRESLADI",https://www.fda.gov/media/191723/download,turn205search15,CANDIDATE_ONLY_NOT_GATE_EVIDENCE,2026-10-06
RCKT|2024-06-30,marnetegragene autotemcel 2024 FDA application trial results,Long-Term Effects of Atidarsagene Autotemcel for Metachromatic Leukodystrophy | New England Journal of Medicine,https://www.nejm.org/doi/full/10.1056/NEJMoa2405727,turn205search2,CANDIDATE_ONLY_NOT_GATE_EVIDENCE,2026-10-06
RCKT|2024-06-30,marnetegragene autotemcel 2024 FDA application trial results,"Rocket Pharmaceuticals Provides Regulatory Update on KRESLADI™ (marnetegragene autotemcel; marne-cel) | Rocket Pharmaceuticals, Inc.",https://ir.rocketpharma.com/news-releases/news-release-details/rocket-pharmaceuticals-provides-regulatory-update-kresladitm/,turn205search5,CANDIDATE_ONLY_NOT_GATE_EVIDENCE,2026-10-06
RCKT|2024-06-30,marnetegragene autotemcel 2024 FDA application trial results,,https://www.sec.gov/Archives/edgar/data/1281895/000114036123046302/ef20011759_ex99-1.htm,turn205search6,CANDIDATE_ONLY_NOT_GATE_EVIDENCE,2026-10-06
RCKT|2024-06-30,marnetegragene autotemcel 2024 FDA application trial results,Approved Cellular and Gene Therapy Products | FDA,https://www.fda.gov/vaccines-blood-biologics/cellular-gene-therapy-products/approved-cellular-and-gene-therapy-products?trk=article-ssr-frontend-pulse_little-text-block,turn205search8,CANDIDATE_ONLY_NOT_GATE_EVIDENCE,2026-10-06
RCKT|2024-06-30,marnetegragene autotemcel 2024 FDA application trial results,Search Orphan Drug Designations and Approvals,https://www.accessdata.fda.gov/scripts/opdlisting/oopd/detailedIndex.cfm?cfgridkey=543016,turn205search9,CANDIDATE_ONLY_NOT_GATE_EVIDENCE,2026-10-06
RCKT|2024-06-30,marnetegragene autotemcel 2024 FDA application trial results,Rocket Pharmaceuticals Announces FDA Acceptance of Biologics License Application with Priority Review for RP-L201 (marnetegragene autotemcel) for the Treatment of Severe Leukocyte Adhesion Deficiency-I (LAD-I),https://ir.rocketpharma.com/node/11281/pdf,turn205search17,CANDIDATE_ONLY_NOT_GATE_EVIDENCE,2026-10-06
PHAT|2024-07-19,vonoprazan 2024 FDA application trial results,A9rrzmu6_11nw95k_hls.tmp,https://www.sec.gov/Archives/edgar/data/1783183/000119312526144576/new_phat_2025_ars.pdf,turn206search12,CANDIDATE_ONLY_NOT_GATE_EVIDENCE,2026-10-06
PHAT|2024-07-19,vonoprazan 2024 FDA application trial results,Vonoprazan is Efficacious for Treatment of Heartburn in Non-erosive Reflux Disease: A Randomized Trial - PubMed,https://pubmed.ncbi.nlm.nih.gov/38750866/,turn206search0,CANDIDATE_ONLY_NOT_GATE_EVIDENCE,2026-10-06
PHAT|2024-07-19,vonoprazan 2024 FDA application trial results,3.1.1.,https://www.accessdata.fda.gov/drugsatfda_docs/nda/2025/218710Orig1s000IntegratedR.pdf,turn206search13,CANDIDATE_ONLY_NOT_GATE_EVIDENCE,2026-10-06
PHAT|2024-07-19,vonoprazan 2024 FDA application trial results,"Drug Trials Snapshots: VOQUEZNA TRIPLE PAK, VOQUEZNA DUAL PAK | FDA",https://www.fda.gov/drugs/drug-trials-snapshots/drug-trials-snapshots-voquezna-triple-pak-voquezna-dual-pak,turn206search1,CANDIDATE_ONLY_NOT_GATE_EVIDENCE,2026-10-06
PHAT|2024-07-19,vonoprazan 2024 FDA application trial results,UNITED STATES,https://www.sec.gov/Archives/edgar/data/1783183/000095017024044013/phat_ars_2023_filing.pdf,turn206search14,CANDIDATE_ONLY_NOT_GATE_EVIDENCE,2026-10-06
PHAT|2024-07-19,vonoprazan 2024 FDA application trial results,Vonoprazan: A New Potassium-Competitive Acid Blocker - PMC,https://pmc.ncbi.nlm.nih.gov/articles/PMC10268044/,turn206search2,CANDIDATE_ONLY_NOT_GATE_EVIDENCE,2026-10-06
PHAT|2024-07-19,vonoprazan 2024 FDA application trial results,Review,https://www.accessdata.fda.gov/drugsatfda_docs/nda/2024/215151Orig1s000Approv.pdf,turn206search15,CANDIDATE_ONLY_NOT_GATE_EVIDENCE,2026-10-06
PHAT|2024-07-19,vonoprazan 2024 FDA application trial results,Vonoprazan is Efficacious for Treatment of Heartburn in Non-erosive Reflux Disease: A Randomized Trial - ScienceDirect,https://www.sciencedirect.com/science/article/pii/S1542356524004439,turn206search3,CANDIDATE_ONLY_NOT_GATE_EVIDENCE,2026-10-06
PHAT|2024-07-19,vonoprazan 2024 FDA application trial results,8-K,https://www.sec.gov/Archives/edgar/data/1783183/000119312523241941/d535060d8k.htm,turn206search5,CANDIDATE_ONLY_NOT_GATE_EVIDENCE,2026-10-06
PHAT|2024-07-19,vonoprazan 2024 FDA application trial results,10-K,https://www.sec.gov/Archives/edgar/data/1783183/000095017024027910/phat-20231231.htm,turn206search6,CANDIDATE_ONLY_NOT_GATE_EVIDENCE,2026-10-06
PHAT|2024-07-19,vonoprazan 2024 FDA application trial results,"Phathom Pharmaceuticals Announces FDA Approval of VOQUEZNA® (vonoprazan) Tablets for the Relief of Heartburn Associated with Non-Erosive GERD in Adults | Phathom Pharmaceuticals, Inc.",https://investors.phathompharma.com/news-releases/news-release-details/phathom-pharmaceuticals-announces-fda-approval-voqueznar-0/,turn206search7,CANDIDATE_ONLY_NOT_GATE_EVIDENCE,2026-10-06
PHAT|2024-07-19,vonoprazan 2024 FDA application trial results,Review,https://www.accessdata.fda.gov/drugsatfda_docs/nda/2024/215151Orig1s000OtherR.pdf,turn206search16,CANDIDATE_ONLY_NOT_GATE_EVIDENCE,2026-10-06
PHAT|2024-07-19,vonoprazan 2024 FDA application trial results,Phathom Pharmaceuticals Announces FDA Approval of VOQUEZNA®,https://www.globenewswire.com/news-release/2024/07/18/2915240/0/en/Phathom-Pharmaceuticals-Announces-FDA-Approval-of-VOQUEZNA-vonoprazan-Tablets-for-the-Relief-of-Heartburn-Associated-with-Non-Erosive-GERD-in-Adults.html,turn206search10,CANDIDATE_ONLY_NOT_GATE_EVIDENCE,2026-10-06
PHAT|2024-07-19,vonoprazan 2024 FDA application trial results,"Phathom Pharmaceuticals Announces Positive Topline Results from Phase 2 Trial Evaluating Vonoprazan for Non-Erosive Gastroesophageal Reflux Disease (NERD) | Phathom Pharmaceuticals, Inc.",https://investors.phathompharma.com/news-releases/news-release-details/phathom-pharmaceuticals-announces-positive-topline-results-phase/,turn206search11,CANDIDATE_ONLY_NOT_GATE_EVIDENCE,2026-10-06
HUMA|2024-08-10,acellular tissue engineered vessel 2024 FDA application trial results,FDA Approves First Acellular Tissue Engineered Vessel to Treat Vascular Trauma in Extremities | FDA,https://www.fda.gov/news-events/press-announcements/fda-approves-first-acellular-tissue-engineered-vessel-treat-vascular-trauma-extremities,turn214search0,CANDIDATE_ONLY_NOT_GATE_EVIDENCE,2026-10-06
HUMA|2024-08-10,acellular tissue engineered vessel 2024 FDA application trial results,SYMVESS | FDA,https://www.fda.gov/vaccines-blood-biologics/symvess,turn214search1,CANDIDATE_ONLY_NOT_GATE_EVIDENCE,2026-10-06
HUMA|2024-08-10,acellular tissue engineered vessel 2024 FDA application trial results,"December 19, 2024 Approval Letter - SYMVESS",https://www.fda.gov/media/184644/download,turn214search12,CANDIDATE_ONLY_NOT_GATE_EVIDENCE,2026-10-06
HUMA|2024-08-10,acellular tissue engineered vessel 2024 FDA application trial results,"Bioengineered acellular tissue engineered vessels versus autogenous fistulae for haemodialysis access: a multicentre, randomised, controlled, phase 3 trial.",https://pubmed.ncbi.nlm.nih.gov/42613284/,turn214search2,CANDIDATE_ONLY_NOT_GATE_EVIDENCE,2026-10-06
HUMA|2024-08-10,acellular tissue engineered vessel 2024 FDA application trial results,"Humacyte Acellular Tissue Engineered Vessel (ATEV™) Meets Primary Endpoints in V007 Phase 3 Clinical Trial in Arteriovenous Access for Hemodialysis | Humacyte, Inc.",https://investors.humacyte.com/news-releases/news-release-details/humacyte-acellular-tissue-engineered-vessel-atevtm-meets-primary,turn214search3,CANDIDATE_ONLY_NOT_GATE_EVIDENCE,2026-10-06
HUMA|2024-08-10,acellular tissue engineered vessel 2024 FDA application trial results,Long-term safety and efficacy outcomes of the Acellular Tissue Engineered Vessel (ATEV) in extremity arterial trauma repair - PMC,https://pmc.ncbi.nlm.nih.gov/articles/PMC12720075/,turn214search4,CANDIDATE_ONLY_NOT_GATE_EVIDENCE,2026-10-06
HUMA|2024-08-10,acellular tissue engineered vessel 2024 FDA application trial results,Bioengineered Human Arteries for the Repair of Vascular Injuries in an Extremity Injury Subset of Trial Participants - PMC,https://pmc.ncbi.nlm.nih.gov/articles/PMC11579887/,turn214search5,CANDIDATE_ONLY_NOT_GATE_EVIDENCE,2026-10-06
HUMA|2024-08-10,acellular tissue engineered vessel 2024 FDA application trial results,"December 19, 2024 Approval Letter - SYMVESS",https://www.fda.gov/media/184644/download?attachment=,turn214search13,CANDIDATE_ONLY_NOT_GATE_EVIDENCE,2026-10-06
HUMA|2024-08-10,acellular tissue engineered vessel 2024 FDA application trial results,Short-term performance of Symvess (acellular tissue engineered vessel-tyod) compared to external control data for autologous vein in treatment of extremity arterial injury - PMC,https://pmc.ncbi.nlm.nih.gov/articles/PMC12574343/,turn214search6,CANDIDATE_ONLY_NOT_GATE_EVIDENCE,2026-10-06
HUMA|2024-08-10,acellular tissue engineered vessel 2024 FDA application trial results,Document,https://www.sec.gov/Archives/edgar/data/1818382/000181838225000030/huma-20250328xexx991.htm,turn214search7,CANDIDATE_ONLY_NOT_GATE_EVIDENCE,2026-10-06
HUMA|2024-08-10,acellular tissue engineered vessel 2024 FDA application trial results,Document,https://www.sec.gov/Archives/edgar/data/1818382/000181838224000197/huma-20241108xexx991.htm,turn214search8,CANDIDATE_ONLY_NOT_GATE_EVIDENCE,2026-10-06
HUMA|2024-08-10,acellular tissue engineered vessel 2024 FDA application trial results,,https://www.sec.gov/Archives/edgar/data/1818382/000110465925027762/tm258849d2_ex99-1.htm,turn214search9,CANDIDATE_ONLY_NOT_GATE_EVIDENCE,2026-10-06
HUMA|2024-08-10,acellular tissue engineered vessel 2024 FDA application trial results,"Humacyte Announces FDA Approval of SYMVESS™ (acellular tissue engineered vessel-tyod) for the Treatment of Extremity Vascular Trauma | Humacyte, Inc.",https://investors.humacyte.com/news-releases/news-release-details/humacyte-announces-fda-approval-symvesstm-acellular-tissue/,turn214search11,CANDIDATE_ONLY_NOT_GATE_EVIDENCE,2026-10-06
HUMA|2024-08-10,acellular tissue engineered vessel 2024 FDA application trial results,"December 19, 2024 Summary Basis for Regulatory Action - SYMVESS",https://www.fda.gov/media/185033/download?attachment=,turn214search15,CANDIDATE_ONLY_NOT_GATE_EVIDENCE,2026-10-06
HUMA|2024-08-10,acellular tissue engineered vessel 2024 FDA application trial results,Humacyte Third Quarter 2024 Financial Results and Business Update,https://investors.humacyte.com/node/9616/pdf,turn214search17,CANDIDATE_ONLY_NOT_GATE_EVIDENCE,2026-10-06
ASND|2024-08-14,palopegteriparatide 2024 FDA application trial results,Review,https://www.accessdata.fda.gov/drugsatfda_docs/nda/2024/216490Orig1s000RiskR.pdf,turn213search12,CANDIDATE_ONLY_NOT_GATE_EVIDENCE,2026-10-06
ASND|2024-08-14,palopegteriparatide 2024 FDA application trial results,Review,https://www.accessdata.fda.gov/drugsatfda_docs/nda/2024/216490Orig1s000MultidisciplineR.pdf,turn213search13,CANDIDATE_ONLY_NOT_GATE_EVIDENCE,2026-10-06
ASND|2024-08-14,palopegteriparatide 2024 FDA application trial results,Drug Trials Snapshots: YORVIPATH | FDA,https://www.fda.gov/drugs/drug-trials-snapshots/drug-trials-snapshots-yorvipath,turn213search0,CANDIDATE_ONLY_NOT_GATE_EVIDENCE,2026-10-06
ASND|2024-08-14,palopegteriparatide 2024 FDA application trial results,"FDA approves new drug for hypoparathyroidism, a rare disorder | FDA",https://www.fda.gov/drugs/news-events-human-drugs/fda-approves-new-drug-hypoparathyroidism-rare-disorder,turn213search1,CANDIDATE_ONLY_NOT_GATE_EVIDENCE,2026-10-06
ASND|2024-08-14,palopegteriparatide 2024 FDA application trial results,6-K,https://www.sec.gov/Archives/edgar/data/1612042/000161204226000005/asnd-20260331.htm,turn213search4,CANDIDATE_ONLY_NOT_GATE_EVIDENCE,2026-10-06
ASND|2024-08-14,palopegteriparatide 2024 FDA application trial results,2024 FDA TIDES (Peptides and Oligonucleotides) Harvest - PMC,https://pmc.ncbi.nlm.nih.gov/articles/PMC11945313/,turn213search8,CANDIDATE_ONLY_NOT_GATE_EVIDENCE,2026-10-06
ASND|2024-08-14,palopegteriparatide 2024 FDA application trial results,Efficacy and Safety of TransCon PTH in Adults With Hypoparathyroidism: 52-Week Results From the Phase 3 PaTHway Trial - PMC,https://pmc.ncbi.nlm.nih.gov/articles/PMC11913112/,turn213search10,CANDIDATE_ONLY_NOT_GATE_EVIDENCE,2026-10-06
ASND|2024-08-14,palopegteriparatide 2024 FDA application trial results,Sustained improvement in renal function with palopegteriparatide in adults with chronic hypoparathyroidism: 2-year results from the phase 3 PaTHway-trial.,https://pubmed.ncbi.nlm.nih.gov/42166177/,turn213search11,CANDIDATE_ONLY_NOT_GATE_EVIDENCE,2026-10-06
AGIO|2024-08-20,vorasidenib 2024 FDA application trial results,FDA approves vorasidenib for Grade 2 astrocytoma or oligodendroglioma with a susceptible IDH1 or IDH2 mutation | FDA,https://www.fda.gov/drugs/resources-information-approved-drugs/fda-approves-vorasidenib-grade-2-astrocytoma-or-oligodendroglioma-susceptible-idh1-or-idh2-mutation,turn209search0,CANDIDATE_ONLY_NOT_GATE_EVIDENCE,2026-10-06
AGIO|2024-08-20,vorasidenib 2024 FDA application trial results,Review,https://www.accessdata.fda.gov/drugsatfda_docs/nda/2024/218784Orig1s000MultidisciplineR.pdf,turn209search12,CANDIDATE_ONLY_NOT_GATE_EVIDENCE,2026-10-06
AGIO|2024-08-20,vorasidenib 2024 FDA application trial results,Vorasidenib in IDH1- or IDH2-Mutant Low-Grade Glioma | New England Journal of Medicine,https://www.nejm.org/doi/full/10.1056/NEJMoa2304194,turn209search1,CANDIDATE_ONLY_NOT_GATE_EVIDENCE,2026-10-06
AGIO|2024-08-20,vorasidenib 2024 FDA application trial results,Drug Trials Snapshots Summary Report 2024,https://www.fda.gov/media/187276/download?attachment=,turn209search13,CANDIDATE_ONLY_NOT_GATE_EVIDENCE,2026-10-06
AGIO|2024-08-20,vorasidenib 2024 FDA application trial results,Drug Trials Snapshots: VORANIGO | FDA,https://www.fda.gov/drugs/drug-trials-snapshots/drug-trials-snapshots-voranigo,turn209search2,CANDIDATE_ONLY_NOT_GATE_EVIDENCE,2026-10-06
AGIO|2024-08-20,vorasidenib 2024 FDA application trial results,Vorasidenib in IDH1- or IDH2-Mutant Low-Grade Glioma - PubMed,https://pubmed.ncbi.nlm.nih.gov/37272516/,turn209search3,CANDIDATE_ONLY_NOT_GATE_EVIDENCE,2026-10-06
AGIO|2024-08-20,vorasidenib 2024 FDA application trial results,FDA Approval Summary: Vorasidenib for IDH-mutant Grade 2 Astrocytoma or Oligodendroglioma following surgery - PMC,https://pmc.ncbi.nlm.nih.gov/articles/PMC12416742/,turn209search5,CANDIDATE_ONLY_NOT_GATE_EVIDENCE,2026-10-06
AGIO|2024-08-20,vorasidenib 2024 FDA application trial results,Vorasidenib in IDH1- or IDH2-mutant Low-Grade Glioma - PMC,https://pmc.ncbi.nlm.nih.gov/articles/11445763/,turn209search6,CANDIDATE_ONLY_NOT_GATE_EVIDENCE,2026-10-06
AGIO|2024-08-20,vorasidenib 2024 FDA application trial results,Vorasidenib: First Approval - PMC,https://pmc.ncbi.nlm.nih.gov/articles/PMC11628568/,turn209search7,CANDIDATE_ONLY_NOT_GATE_EVIDENCE,2026-10-06
AGIO|2024-08-20,vorasidenib 2024 FDA application trial results,Review,https://www.accessdata.fda.gov/drugsatfda_docs/nda/2024/218784Orig1s000Approv.pdf,turn209search14,CANDIDATE_ONLY_NOT_GATE_EVIDENCE,2026-10-06
AGIO|2024-08-20,vorasidenib 2024 FDA application trial results,"CTNI-47. A PHASE 1, RANDOMIZED, PERIOPERATIVE TRIAL OF VORASIDENIB AND IVOSIDENIB IN IDH1-MUTANT DIFFUSE GLIOMA: UPDATED RESULTS | Neuro-Oncology | Oxford Academic",https://academic.oup.com/neuro-oncology/article/26/Supplement_8/viii107/7890522,turn209search10,CANDIDATE_ONLY_NOT_GATE_EVIDENCE,2026-10-06
SNDX|2024-08-28,axatilimab 2024 FDA application trial results,Axatilimab in Recurrent or Refractory Chronic Graft-versus-Host Disease | New England Journal of Medicine,https://www.nejm.org/doi/full/10.1056/NEJMoa2401537,turn207search0,CANDIDATE_ONLY_NOT_GATE_EVIDENCE,2026-10-06
SNDX|2024-08-28,axatilimab 2024 FDA application trial results,Axatilimab - PMC,https://pmc.ncbi.nlm.nih.gov/articles/PMC11713947/,turn207search1,CANDIDATE_ONLY_NOT_GATE_EVIDENCE,2026-10-06
SNDX|2024-08-28,axatilimab 2024 FDA application trial results,Drug Trials Snapshot: NIKTIMVO | FDA,https://www.fda.gov/drugs/drug-trials-snapshots/drug-trials-snapshot-niktimvo,turn207search2,CANDIDATE_ONLY_NOT_GATE_EVIDENCE,2026-10-06
SNDX|2024-08-28,axatilimab 2024 FDA application trial results,Drug Trials Snapshots | FDA,https://www.fda.gov/drugs/drug-approvals-and-databases/drug-trials-snapshots,turn207search3,CANDIDATE_ONLY_NOT_GATE_EVIDENCE,2026-10-06
SNDX|2024-08-28,axatilimab 2024 FDA application trial results,FDA Approval Summary: Axatilimab for Adult and Pediatric Patients Weighing at Least 40 Kilograms with Chronic GVHD after Two Prior Lines of Systemic Therapy - PMC,https://pmc.ncbi.nlm.nih.gov/articles/PMC12247180/,turn207search5,CANDIDATE_ONLY_NOT_GATE_EVIDENCE,2026-10-06
SNDX|2024-08-28,axatilimab 2024 FDA application trial results,Review,https://www.accessdata.fda.gov/drugsatfda_docs/nda/2024/761411Orig1s000MultidisciplineR.pdf,turn207search12,CANDIDATE_ONLY_NOT_GATE_EVIDENCE,2026-10-06
SNDX|2024-08-28,axatilimab 2024 FDA application trial results,Novel Drug Approvals for 2024 | FDA,https://www.fda.gov/drugs/novel-drug-approvals-fda/novel-drug-approvals-2024,turn207search7,CANDIDATE_ONLY_NOT_GATE_EVIDENCE,2026-10-06
SNDX|2024-08-28,axatilimab 2024 FDA application trial results,Axatilimab for Chronic Graft-Versus-Host Disease After Failure of at Least Two Prior Systemic Therapies: Results of a Phase I/II Study | Journal of Clinical Oncology,https://ascopubs.org/doi/10.1200/JCO.22.00958,turn207search8,CANDIDATE_ONLY_NOT_GATE_EVIDENCE,2026-10-06
SNDX|2024-08-28,axatilimab 2024 FDA application trial results,Axatilimab in Recurrent or Refractory Chronic Graft-versus-Host Disease - PubMed,https://pubmed.ncbi.nlm.nih.gov/?term=39292927,turn207search9,CANDIDATE_ONLY_NOT_GATE_EVIDENCE,2026-10-06
SNDX|2024-08-28,axatilimab 2024 FDA application trial results,FDA-approved therapies for chronic GVHD - PMC,https://pmc.ncbi.nlm.nih.gov/articles/PMC13122307/,turn207search10,CANDIDATE_ONLY_NOT_GATE_EVIDENCE,2026-10-06
SNDX|2024-08-28,axatilimab 2024 FDA application trial results,2023 Annual Report.pdf,https://www.sec.gov/Archives/edgar/data/1395937/000095017024040230/sndx-2024-04-02_ars.pdf,turn207search13,CANDIDATE_ONLY_NOT_GATE_EVIDENCE,2026-10-06
SNDX|2024-08-28,axatilimab 2024 FDA application trial results,FDA approves obecabtagene autoleucel for adults with relapsed or refractory B-cell precursor acute lymphoblastic leukemia | FDA,https://www.fda.gov/drugs/resources-information-approved-drugs/fda-approves-obecabtagene-autoleucel-adults-relapsed-or-refractory-b-cell-precursor-acute,turn207search11,CANDIDATE_ONLY_NOT_GATE_EVIDENCE,2026-10-06
SNDX|2024-08-28,axatilimab 2024 FDA application trial results,Review,https://www.accessdata.fda.gov/drugsatfda_docs/nda/2024/761411Orig1s000OtherR.pdf,turn207search14,CANDIDATE_ONLY_NOT_GATE_EVIDENCE,2026-10-06
ZVRA|2024-09-21,arimoclomol 2024 FDA application trial results,"August 2, 2024 Genetic Metabolic Diseases Advisory Committee",https://www.fda.gov/media/180471/download,turn204search12,CANDIDATE_ONLY_NOT_GATE_EVIDENCE,2026-10-06
ZVRA|2024-09-21,arimoclomol 2024 FDA application trial results,"August 2, 2024 Meeting of the Genetic Metabolic Diseases Advisory Committee",https://www.fda.gov/media/183310/download,turn204search13,CANDIDATE_ONLY_NOT_GATE_EVIDENCE,2026-10-06
ZVRA|2024-09-21,arimoclomol 2024 FDA application trial results,Drug Trials Snapshot: MIPLYFFA | FDA,https://www.fda.gov/drugs/drug-approvals-and-databases/drug-trials-snapshot-miplyffa,turn204search0,CANDIDATE_ONLY_NOT_GATE_EVIDENCE,2026-10-06
ZVRA|2024-09-21,arimoclomol 2024 FDA application trial results,"FDA Approves First Treatment for Niemann-Pick Disease, Type C | FDA",https://www.fda.gov/news-events/press-announcements/fda-approves-first-treatment-niemann-pick-disease-type-c,turn204search1,CANDIDATE_ONLY_NOT_GATE_EVIDENCE,2026-10-06
ZVRA|2024-09-21,arimoclomol 2024 FDA application trial results,Review,https://www.accessdata.fda.gov/drugsatfda_docs/nda/2024/214927Orig1s000IntegratedR.pdf,turn204search14,CANDIDATE_ONLY_NOT_GATE_EVIDENCE,2026-10-06
ZVRA|2024-09-21,arimoclomol 2024 FDA application trial results,"August 2, 2024 Genetic Metabolic Diseases Advisory Committee",https://www.fda.gov/media/180469/download,turn204search15,CANDIDATE_ONLY_NOT_GATE_EVIDENCE,2026-10-06
ZVRA|2024-09-21,arimoclomol 2024 FDA application trial results,"Safety and efficacy of arimoclomol for inclusion body myositis: a multicentre, randomised, double-blind, placebo-controlled trial.",https://pubmed.ncbi.nlm.nih.gov/37739573/,turn204search2,CANDIDATE_ONLY_NOT_GATE_EVIDENCE,2026-10-06
ZVRA|2024-09-21,arimoclomol 2024 FDA application trial results,HTML Editor,https://www.sec.gov/Archives/edgar/data/1434647/000143774924024543/ex_707898.htm,turn204search3,CANDIDATE_ONLY_NOT_GATE_EVIDENCE,2026-10-06
ZVRA|2024-09-21,arimoclomol 2024 FDA application trial results,ex_538720.htm,https://www.sec.gov/Archives/edgar/data/1434647/000143774924009849/ex_538720.htm,turn204search5,CANDIDATE_ONLY_NOT_GATE_EVIDENCE,2026-10-06
ZVRA|2024-09-21,arimoclomol 2024 FDA application trial results,"Safety and efficacy of arimoclomol in patients with early amyotrophic lateral sclerosis (ORARIALS-01): a randomised, double-blind, placebo-controlled, multicentre, phase 3 trial - PubMed",https://pubmed.ncbi.nlm.nih.gov/38782015/?dopt=Abstract,turn204search6,CANDIDATE_ONLY_NOT_GATE_EVIDENCE,2026-10-06
ZVRA|2024-09-21,arimoclomol 2024 FDA application trial results,Zevra Therapeutics Receives FDA Acceptance of Resubmission of NDA for Arimoclomol as a Treatment for Niemann-Pick Disease Type C | Zevra Therapeutics,https://investors.zevra.com/news-releases/news-release-details/zevra-therapeutics-receives-fda-acceptance-resubmission-nda,turn204search7,CANDIDATE_ONLY_NOT_GATE_EVIDENCE,2026-10-06
ZVRA|2024-09-21,arimoclomol 2024 FDA application trial results,zvra20240630_10q.htm,https://www.sec.gov/Archives/edgar/data/1434647/000143774924026474/zvra20240630_10q.htm,turn204search8,CANDIDATE_ONLY_NOT_GATE_EVIDENCE,2026-10-06
ZVRA|2024-09-21,arimoclomol 2024 FDA application trial results,Zevra Therapeutics Announces Publication of Four-Year Real-World Data from U.S. Early Access Program Evaluating MIPLYFFA® (arimoclomol) in Niemann-Pick Disease Type C (NPC) | Zevra Therapeutics,https://investors.zevra.com/news-releases/news-release-details/zevra-therapeutics-announces-publication-four-year-real-world,turn204search9,CANDIDATE_ONLY_NOT_GATE_EVIDENCE,2026-10-06
ZVRA|2024-09-21,arimoclomol 2024 FDA application trial results,Zevra Therapeutics’ MIPLYFFA™ (arimoclomol) Receives U.S. FDA Approval as Treatment for Niemann-Pick Disease Type C | Zevra Therapeutics,https://investors.zevra.com/news-releases/news-release-details/zevra-therapeutics-miplyffatm-arimoclomol-receives-us-fda,turn204search10,CANDIDATE_ONLY_NOT_GATE_EVIDENCE,2026-10-06
ZVRA|2024-09-21,arimoclomol 2024 FDA application trial results,zvra20240331_10q.htm,https://www.sec.gov/Archives/edgar/data/1434647/000143774924015705/zvra20240331_10q.htm,turn204search11,CANDIDATE_ONLY_NOT_GATE_EVIDENCE,2026-10-06
SPRY|2024-10-02,epinephrine nasal spray 2024 FDA application trial results,Randomized trial of pharmacokinetic and pharmacodynamic effects of 13.2 mg intranasal epinephrine treatment in congestion - PubMed,https://pubmed.ncbi.nlm.nih.gov/38719149/,turn211search3,CANDIDATE_ONLY_NOT_GATE_EVIDENCE,2026-10-06
SPRY|2024-10-02,epinephrine nasal spray 2024 FDA application trial results,EX-99.1,https://www.sec.gov/Archives/edgar/data/1671858/000095017024125921/spry-ex99_1.htm,turn211search4,CANDIDATE_ONLY_NOT_GATE_EVIDENCE,2026-10-06
SPRY|2024-10-02,epinephrine nasal spray 2024 FDA application trial results,La FDA aprueba el primer aerosol nasal para el tratamiento de la anafilaxia | FDA,https://www.fda.gov/news-events/press-announcements/la-fda-aprueba-el-primer-aerosol-nasal-para-el-tratamiento-de-la-anafilaxia,turn211search5,CANDIDATE_ONLY_NOT_GATE_EVIDENCE,2026-10-06
SPRY|2024-10-02,epinephrine nasal spray 2024 FDA application trial results,NDA 214697 Multi-Disciplinary Review and Evaluation,https://www.accessdata.fda.gov/drugsatfda_docs/nda/2025/214697Orig1s000MultidisciplineR.pdf,turn211search12,CANDIDATE_ONLY_NOT_GATE_EVIDENCE,2026-10-06
SPRY|2024-10-02,epinephrine nasal spray 2024 FDA application trial results,FDA warns health care professionals not to use epinephrine nasal solutions from BPI Labs and Endo USA | FDA,https://www.fda.gov/drugs/drug-safety-and-availability/fda-warns-health-care-professionals-not-use-epinephrine-nasal-solutions-bpi-labs-and-endo-usa,turn211search6,CANDIDATE_ONLY_NOT_GATE_EVIDENCE,2026-10-06
SPRY|2024-10-02,epinephrine nasal spray 2024 FDA application trial results,"Endo USA, Inc. Issues Voluntary, Nationwide Recall of Adrenalin® Chloride Solution (EPINEPHrine Nasal Solution, USP) Due to the Potential for Administration Errors | FDA",https://www.fda.gov/safety/recalls-market-withdrawals-safety-alerts/endo-usa-inc-issues-voluntary-nationwide-recall-adrenalinr-chloride-solution-epinephrine-nasal,turn211search7,CANDIDATE_ONLY_NOT_GATE_EVIDENCE,2026-10-06
SPRY|2024-10-02,epinephrine nasal spray 2024 FDA application trial results,Ensuring the Efficacy and Safety of Approved Medications - PMC,https://pmc.ncbi.nlm.nih.gov/articles/PMC10959846/,turn211search8,CANDIDATE_ONLY_NOT_GATE_EVIDENCE,2026-10-06
SPRY|2024-10-02,epinephrine nasal spray 2024 FDA application trial results,"A 13.2 mg epinephrine intranasal spray demonstrates comparable pharmacokinetics, pharmacodynamics, and safety to a 0.3 mg epinephrine autoinjector - PMC",https://pmc.ncbi.nlm.nih.gov/articles/PMC10847913/,turn211search9,CANDIDATE_ONLY_NOT_GATE_EVIDENCE,2026-10-06
SPRY|2024-10-02,epinephrine nasal spray 2024 FDA application trial results,Randomized trial of pharmacokinetic and pharmacodynamic effects of 13.2 mg intranasal epinephrine treatment in congestion - ScienceDirect,https://www.sciencedirect.com/science/article/pii/S1081120624002813,turn211search10,CANDIDATE_ONLY_NOT_GATE_EVIDENCE,2026-10-06
SPRY|2024-10-02,epinephrine nasal spray 2024 FDA application trial results,"ARS Pharma Announces Favorable Topline Results from Repeat Dosing Study of neffy® (Epinephrine Nasal Spray) Under Nasal Allergen Challenge Conditions, Readies Data for Response to FDA’s Complete Response Letter - ARS Pharmaceuticals",https://ir.ars-pharma.com/news-releases/news-release-details/ars-pharma-announces-favorable-topline-results-repeat-dosing/,turn211search11,CANDIDATE_ONLY_NOT_GATE_EVIDENCE,2026-10-06
SPRY|2024-10-02,epinephrine nasal spray 2024 FDA application trial results,"ICC2400340 NDA214697, Epinephrine nasal spray ARS PHARMACEUTICALS INC",https://www.accessdata.fda.gov/drugsatfda_docs/nda/2025/214697Orig1s000OtherR.pdf,turn211search13,CANDIDATE_ONLY_NOT_GATE_EVIDENCE,2026-10-06
SPRY|2024-10-02,epinephrine nasal spray 2024 FDA application trial results,"May 11, 2023 Meeting of the Pulmonary-Allergy Drugs Advisory Committee",https://www.fda.gov/media/167986/download?ftag=MSF0951a18,turn211search15,CANDIDATE_ONLY_NOT_GATE_EVIDENCE,2026-10-06
SPRY|2024-10-02,epinephrine nasal spray 2024 FDA application trial results,"ARS Pharma Announces Favorable Topline Results from Repeat Dosing Study of neffy® (Epinephrine Nasal Spray) Under Nasal Allergen Challenge Conditions, Readies Data for Response to FDA’s Complete Response Letter",https://ir.ars-pharma.com/node/8756/pdf,turn211search17,CANDIDATE_ONLY_NOT_GATE_EVIDENCE,2026-10-06
PTCT|2024-11-13,eladocagene exuparvovec 2024 FDA application trial results,"November 13, 2024 Summary Basis for Regulatory Action - KEBILIDI",https://www.fda.gov/media/184353/download?attachment=,turn219search12,CANDIDATE_ONLY_NOT_GATE_EVIDENCE,2026-10-06
PTCT|2024-11-13,eladocagene exuparvovec 2024 FDA application trial results,CBER Biological Product Approvals that Used Real-World Evidence | FDA,https://www.fda.gov/science-research/real-world-evidence/cber-biological-product-approvals-used-real-world-evidence,turn219search0,CANDIDATE_ONLY_NOT_GATE_EVIDENCE,2026-10-06
PTCT|2024-11-13,eladocagene exuparvovec 2024 FDA application trial results,KEBILIDI | FDA,https://www.fda.gov/vaccines-blood-biologics/kebilidi,turn219search1,CANDIDATE_ONLY_NOT_GATE_EVIDENCE,2026-10-06
PTCT|2024-11-13,eladocagene exuparvovec 2024 FDA application trial results,"November 13, 2024 Summary Basis for Regulatory Action - KEBILIDI",https://www.fda.gov/media/184353/download,turn219search13,CANDIDATE_ONLY_NOT_GATE_EVIDENCE,2026-10-06
PTCT|2024-11-13,eladocagene exuparvovec 2024 FDA application trial results,BLA Clinical & Clinical Pharmacology Review Memorandum,https://www.fda.gov/media/184485/download?attachment=,turn219search14,CANDIDATE_ONLY_NOT_GATE_EVIDENCE,2026-10-06
PTCT|2024-11-13,eladocagene exuparvovec 2024 FDA application trial results,"Pharmacodynamics, Efficacy, and Safety of Intraputaminal Eladocagene Exuparvovec Administered to Pediatric Patients With Aromatic L-Amino Acid Decarboxylase Deficiency Using an MR-Compatible Cannula: 48 Weeks of Follow-Up.",https://pubmed.ncbi.nlm.nih.gov/41724580/,turn219search3,CANDIDATE_ONLY_NOT_GATE_EVIDENCE,2026-10-06
PTCT|2024-11-13,eladocagene exuparvovec 2024 FDA application trial results,Purple Book Search,https://purplebooksearch.fda.gov/index.cfm?blaNo=125722&event=productdetails,turn219search7,CANDIDATE_ONLY_NOT_GATE_EVIDENCE,2026-10-06
PTCT|2024-11-13,eladocagene exuparvovec 2024 FDA application trial results,Eladocagene Exuparvovec for Aromatic L-Amino Acid Decarboxylase Deficiency | Pediatrics | JAMA | JAMA Network,https://jamanetwork.com/journals/jama/fullarticle/2831389,turn219search8,CANDIDATE_ONLY_NOT_GATE_EVIDENCE,2026-10-06
PTCT|2024-11-13,eladocagene exuparvovec 2024 FDA application trial results,PTC Therapeutics Announces FDA Acceptance and Priority Review of the BLA for Upstaza™ | PTC Therapeutics.,https://ir.ptcbio.com/news-releases/news-release-details/ptc-therapeutics-announces-fda-acceptance-and-priority-review?mobile=1,turn219search9,CANDIDATE_ONLY_NOT_GATE_EVIDENCE,2026-10-06
PTCT|2024-11-13,eladocagene exuparvovec 2024 FDA application trial results,"Pharmacodynamics, Efficacy, and Safety of Intraputaminal Eladocagene Exuparvovec Administered to Pediatric Patients With Aromatic L‐Amino Acid Decarboxylase Deficiency Using an MR‐Compatible Cannula: 48 Weeks of Follow‐Up - PMC",https://pmc.ncbi.nlm.nih.gov/articles/PMC12925825/,turn219search10,CANDIDATE_ONLY_NOT_GATE_EVIDENCE,2026-10-06
PTCT|2024-11-13,eladocagene exuparvovec 2024 FDA application trial results,Patient selection considerations for AADC deficiency gene therapy - PMC,https://pmc.ncbi.nlm.nih.gov/articles/PMC13359227/,turn219search11,CANDIDATE_ONLY_NOT_GATE_EVIDENCE,2026-10-06
AUTL|2024-11-16,obecabtagene autoleucel 2024 FDA application trial results,FDA approves obecabtagene autoleucel for adults with relapsed or refractory B-cell precursor acute lymphoblastic leukemia | FDA,https://www.fda.gov/drugs/resources-information-approved-drugs/fda-approves-obecabtagene-autoleucel-adults-relapsed-or-refractory-b-cell-precursor-acute,turn222search0,CANDIDATE_ONLY_NOT_GATE_EVIDENCE,2026-10-06
AUTL|2024-11-16,obecabtagene autoleucel 2024 FDA application trial results,Obecabtagene Autoleucel in Adults with B-Cell Acute Lymphoblastic Leukemia - PubMed,https://pubmed.ncbi.nlm.nih.gov/39602653/,turn222search1,CANDIDATE_ONLY_NOT_GATE_EVIDENCE,2026-10-06
AUTL|2024-11-16,obecabtagene autoleucel 2024 FDA application trial results,Obecabtagene Autoleucel in Adults with B-Cell Acute Lymphoblastic Leukemia | New England Journal of Medicine,https://www.nejm.org/doi/abs/10.1056/NEJMoa2406526,turn222search2,CANDIDATE_ONLY_NOT_GATE_EVIDENCE,2026-10-06
AUTL|2024-11-16,obecabtagene autoleucel 2024 FDA application trial results,Obecabtagene Autoleucel in Adults with B-Cell Acute Lymphoblastic Leukemia - PMC,https://pmc.ncbi.nlm.nih.gov/articles/12818175/,turn222search3,CANDIDATE_ONLY_NOT_GATE_EVIDENCE,2026-10-06
AUTL|2024-11-16,obecabtagene autoleucel 2024 FDA application trial results,AUCATZYL | FDA,https://www.fda.gov/vaccines-blood-biologics/aucatzyl,turn222search4,CANDIDATE_ONLY_NOT_GATE_EVIDENCE,2026-10-06
AUTL|2024-11-16,obecabtagene autoleucel 2024 FDA application trial results,FDA grants accelerated approval to afamitresgene autoleucel for unresectable or metastatic synovial sarcoma | FDA,https://www.fda.gov/drugs/resources-information-approved-drugs/fda-grants-accelerated-approval-afamitresgene-autoleucel-unresectable-or-metastatic-synovial-sarcoma,turn222search5,CANDIDATE_ONLY_NOT_GATE_EVIDENCE,2026-10-06
AUTL|2024-11-16,obecabtagene autoleucel 2024 FDA application trial results,Obecabtagene Autoleucel in Adults with B-Cell Acute Lymphoblastic Leukemia - PMC,https://pmc.ncbi.nlm.nih.gov/articles/PMC12818175/,turn222search7,CANDIDATE_ONLY_NOT_GATE_EVIDENCE,2026-10-06
AUTL|2024-11-16,obecabtagene autoleucel 2024 FDA application trial results,FDA Approval Summary: Ciltacabtagene Autoleucel for Relapsed or Refractory Multiple Myeloma - PMC,https://pmc.ncbi.nlm.nih.gov/articles/PMC11249607/,turn222search8,CANDIDATE_ONLY_NOT_GATE_EVIDENCE,2026-10-06
AUTL|2024-11-16,obecabtagene autoleucel 2024 FDA application trial results,autlex-991pr081124,https://www.sec.gov/Archives/edgar/data/1730463/000173046324000129/autlex-991pr081124.htm,turn222search9,CANDIDATE_ONLY_NOT_GATE_EVIDENCE,2026-10-06
AUTL|2024-11-16,obecabtagene autoleucel 2024 FDA application trial results,"November 8, 2024 Approval Letter - AUCATZYL",https://www.fda.gov/media/183464/download?attachment=,turn222search13,CANDIDATE_ONLY_NOT_GATE_EVIDENCE,2026-10-06
AUTL|2024-11-16,obecabtagene autoleucel 2024 FDA application trial results,FDA Requires Boxed Warning for T cell Malignancies Following Treatment with BCMA-Directed or CD19-Directed Autologous Chimeric Antigen Receptor (CAR) T cell Immunotherapies | FDA,https://www.fda.gov/vaccines-blood-biologics/safety-availability-biologics/fda-requires-boxed-warning-t-cell-malignancies-following-treatment-bcma-directed-or-cd19-directed,turn222search10,CANDIDATE_ONLY_NOT_GATE_EVIDENCE,2026-10-06
AUTL|2024-11-16,obecabtagene autoleucel 2024 FDA application trial results,Search Orphan Drug Designations and Approvals,https://www.accessdata.fda.gov/scripts/opdlisting/oopd/detailedIndex.cfm?cfgridkey=708319,turn222search11,CANDIDATE_ONLY_NOT_GATE_EVIDENCE,2026-10-06
AUTL|2024-11-16,obecabtagene autoleucel 2024 FDA application trial results,Clinical Review  - AUCATYZL,https://www.fda.gov/media/184204/download,turn222search16,CANDIDATE_ONLY_NOT_GATE_EVIDENCE,2026-10-06
APLT|2024-11-28|govorestat,govorestat 2024 FDA application trial results,,https://www.sec.gov/Archives/edgar/data/1697532/000110465924029384/tm247481d1_8k.htm,turn215search0,CANDIDATE_ONLY_NOT_GATE_EVIDENCE,2026-10-06
APLT|2024-11-28|govorestat,govorestat 2024 FDA application trial results,clinical benefit. In the subm,https://download.open.fda.gov/crl/CRL_NDA219195_20241127.pdf,turn215search12,CANDIDATE_ONLY_NOT_GATE_EVIDENCE,2026-10-06
APLT|2024-11-28|govorestat,govorestat 2024 FDA application trial results,,https://www.sec.gov/Archives/edgar/data/1697532/000110465924031273/tm248059d1_ex99-1.htm,turn215search1,CANDIDATE_ONLY_NOT_GATE_EVIDENCE,2026-10-06
APLT|2024-11-28|govorestat,govorestat 2024 FDA application trial results,"underlying any of our future filings to the FDA before those filings would be accepted for consideration. Such a requirement would be onerous and require significant additional time and expense, including unforeseen costs, for the clinical development and potential approval of any product candidates",https://www.sec.gov/Archives/edgar/data/1697532/000119312525100705/d879491dars.pdf,turn215search13,CANDIDATE_ONLY_NOT_GATE_EVIDENCE,2026-10-06
APLT|2024-11-28|govorestat,govorestat 2024 FDA application trial results,,https://www.sec.gov/Archives/edgar/data/1697532/000110465924086532/tm2420943d1_ex99-1.htm,turn215search2,CANDIDATE_ONLY_NOT_GATE_EVIDENCE,2026-10-06
APLT|2024-11-28|govorestat,govorestat 2024 FDA application trial results,EX-99.1,https://www.sec.gov/Archives/edgar/data/1697532/000095017024122796/aplt-ex99_1.htm,turn215search3,CANDIDATE_ONLY_NOT_GATE_EVIDENCE,2026-10-06
APLT|2024-11-28|govorestat,govorestat 2024 FDA application trial results,EX-99.1,https://www.sec.gov/Archives/edgar/data/1697532/000095017025108169/aplt-ex99_1.htm,turn215search4,CANDIDATE_ONLY_NOT_GATE_EVIDENCE,2026-10-06
APLT|2024-11-28|govorestat,govorestat 2024 FDA application trial results,Applied Therapeutics Receives Complete Response Letter from,https://www.globenewswire.com/news-release/2024/11/27/2988438/0/en/index.html,turn215search5,CANDIDATE_ONLY_NOT_GATE_EVIDENCE,2026-10-06
APLT|2024-11-28|govorestat,govorestat 2024 FDA application trial results,Applied Therapeutics Receives Complete Response Letter from,https://www.globenewswire.com/news-release/2024/11/27/2988438/0/en/Applied-Therapeutics-Receives-Complete-Response-Letter-from-U-S-FDA-Regarding-New-Drug-Application-for-Govorestat-for-Classic-Galactosemia.html,turn215search6,CANDIDATE_ONLY_NOT_GATE_EVIDENCE,2026-10-06
APLT|2024-11-28|govorestat,govorestat 2024 FDA application trial results,,https://www.sec.gov/Archives/edgar/data/1697532/000110465923048686/tm2313498d1_ex99-1.htm,turn215search8,CANDIDATE_ONLY_NOT_GATE_EVIDENCE,2026-10-06
APLT|2024-11-28|govorestat,govorestat 2024 FDA application trial results,Applied Therapeutics Presents Full 12-Month Clinical,https://www.globenewswire.com/news-release/2025/5/18/3083535/0/en/Applied-Therapeutics-Presents-Full-12-Month-Clinical-Results-and-New-Topline-Data-from-INSPIRE-Phase-2-3-Trial-of-Govorestat-in-CMT-SORD-in-Late-Breaking-Oral-Presentation-at-the-P.html,turn215search10,CANDIDATE_ONLY_NOT_GATE_EVIDENCE,2026-10-06
APLT|2024-11-28|govorestat,govorestat 2024 FDA application trial results,,https://www.sec.gov/Archives/edgar/data/1697532/000110465923048686/tm2313498d1_ex99-2.htm,turn215search11,CANDIDATE_ONLY_NOT_GATE_EVIDENCE,2026-10-06
BBIO|2024-11-29,acoramidis 2024 FDA application trial results,Efficacy and Safety of Acoramidis in Transthyretin Amyloid Cardiomyopathy | New England Journal of Medicine,https://www.nejm.org/doi/full/10.1056/NEJMoa2305434,turn218search0,CANDIDATE_ONLY_NOT_GATE_EVIDENCE,2026-10-06
BBIO|2024-11-29,acoramidis 2024 FDA application trial results,Review,https://www.accessdata.fda.gov/drugsatfda_docs/nda/2024/216540Orig1s000IntegratedR.pdf,turn218search12,CANDIDATE_ONLY_NOT_GATE_EVIDENCE,2026-10-06
BBIO|2024-11-29,acoramidis 2024 FDA application trial results,Drug Trials Snapshot: ATTRUBY | FDA,https://www.fda.gov/drugs/drug-approvals-and-databases/drug-trials-snapshot-attruby,turn218search1,CANDIDATE_ONLY_NOT_GATE_EVIDENCE,2026-10-06
BBIO|2024-11-29,acoramidis 2024 FDA application trial results,Efficacy and Safety of Acoramidis in Transthyretin Amyloid Cardiomyopathy - PubMed,https://pubmed.ncbi.nlm.nih.gov/38197816/,turn218search2,CANDIDATE_ONLY_NOT_GATE_EVIDENCE,2026-10-06
BBIO|2024-11-29,acoramidis 2024 FDA application trial results,EX-99.1,https://www.sec.gov/Archives/edgar/data/1743881/000095017024018431/bbio-ex99_1.htm,turn218search3,CANDIDATE_ONLY_NOT_GATE_EVIDENCE,2026-10-06
BBIO|2024-11-29,acoramidis 2024 FDA application trial results,Efficacy and Safety of Acoramidis in Transthyretin Amyloid Cardiomyopathy | New England Journal of Medicine,https://www.nejm.org/doi/abs/10.1056/NEJMoa2305434,turn218search4,CANDIDATE_ONLY_NOT_GATE_EVIDENCE,2026-10-06
BBIO|2024-11-29,acoramidis 2024 FDA application trial results,FDA approves drug for heart disorder caused by transthyretin-mediated amyloidosis | FDA,https://www.fda.gov/drugs/news-events-human-drugs/fda-approves-drug-heart-disorder-caused-transthyretin-mediated-amyloidosis,turn218search5,CANDIDATE_ONLY_NOT_GATE_EVIDENCE,2026-10-06
BBIO|2024-11-29,acoramidis 2024 FDA application trial results,BridgeBio Pharma Announces U.S. Food and Drug,https://www.globenewswire.com/news-release/2024/02/05/2823433/0/en/BridgeBio-Pharma-Announces-U-S-Food-and-Drug-Administration-FDA-Acceptance-of-New-Drug-Application-NDA-for-Acoramidis-for-the-Treatment-of-Patients-with-Transthyretin-Amyloid-Cardi.html,turn218search9,CANDIDATE_ONLY_NOT_GATE_EVIDENCE,2026-10-06
BBIO|2024-11-29,acoramidis 2024 FDA application trial results,10-K,https://www.sec.gov/Archives/edgar/data/1743881/000095017025024119/bbio-20241231.htm,turn218search10,CANDIDATE_ONLY_NOT_GATE_EVIDENCE,2026-10-06
BBIO|2024-11-29,acoramidis 2024 FDA application trial results,Review,https://www.accessdata.fda.gov/drugsatfda_docs/nda/2024/216540Orig1s000Approv.pdf,turn218search13,CANDIDATE_ONLY_NOT_GATE_EVIDENCE,2026-10-06
BBIO|2024-11-29,acoramidis 2024 FDA application trial results,Disease‐modifying therapies for amyloid transthyretin cardiomyopathy: Current and emerging medications - PMC,https://pmc.ncbi.nlm.nih.gov/articles/PMC11823349/,turn218search11,CANDIDATE_ONLY_NOT_GATE_EVIDENCE,2026-10-06
BBIO|2024-11-29,acoramidis 2024 FDA application trial results,Review,https://www.accessdata.fda.gov/drugsatfda_docs/nda/2024/216540Orig1s000AdminCorres.pdf,turn218search15,CANDIDATE_ONLY_NOT_GATE_EVIDENCE,2026-10-06
JAZZ|2024-11-29,zanidatamab 2024 FDA application trial results,"FDA approves zanidatamab-hrii and tislelizumab-jsgr for HER2-positive gastric, gastroesophageal junction, or esophageal adenocarcinoma | FDA",https://www.fda.gov/drugs/resources-information-approved-drugs/fda-approves-zanidatamab-hrii-and-tislelizumab-jsgr-her2-positive-gastric-gastroesophageal-junction,turn216search0,CANDIDATE_ONLY_NOT_GATE_EVIDENCE,2026-10-06
JAZZ|2024-11-29,zanidatamab 2024 FDA application trial results,Review,https://www.accessdata.fda.gov/drugsatfda_docs/nda/2024/761416Orig1s000MultidisciplineR.pdf,turn216search12,CANDIDATE_ONLY_NOT_GATE_EVIDENCE,2026-10-06
JAZZ|2024-11-29,zanidatamab 2024 FDA application trial results,FDA grants accelerated approval to zanidatamab-hrii for previously treated unresectable or metastatic HER2-positive biliary tract cancer | FDA,https://www.fda.gov/drugs/resources-information-approved-drugs/fda-grants-accelerated-approval-zanidatamab-hrii-previously-treated-unresectable-or-metastatic-her2,turn216search1,CANDIDATE_ONLY_NOT_GATE_EVIDENCE,2026-10-06
JAZZ|2024-11-29,zanidatamab 2024 FDA application trial results,Review,https://www.accessdata.fda.gov/drugsatfda_docs/nda/2024/761416Orig1s000Approv.pdf,turn216search13,CANDIDATE_ONLY_NOT_GATE_EVIDENCE,2026-10-06
JAZZ|2024-11-29,zanidatamab 2024 FDA application trial results,Drug Trials Snapshots: ZIIHERA | FDA,https://www.fda.gov/drugs/drug-trials-snapshots/drug-trials-snapshots-ziihera,turn216search2,CANDIDATE_ONLY_NOT_GATE_EVIDENCE,2026-10-06
JAZZ|2024-11-29,zanidatamab 2024 FDA application trial results,Zanidatamab with and without Tislelizumab in HER2-Positive Gastroesophageal Cancer | New England Journal of Medicine,https://www.nejm.org/doi/full/10.1056/NEJMoa2517729?rss=searchAndBrowse,turn216search3,CANDIDATE_ONLY_NOT_GATE_EVIDENCE,2026-10-06
JAZZ|2024-11-29,zanidatamab 2024 FDA application trial results,Co-clinical Trial of Novel Bispecific Anti-HER2 Antibody Zanidatamab in Patient-Derived Xenografts - PubMed,https://pubmed.ncbi.nlm.nih.gov/38358339/,turn216search7,CANDIDATE_ONLY_NOT_GATE_EVIDENCE,2026-10-06
IONS|2024-12-19,olezarsen 2024 FDA application trial results,"Olezarsen, Acute Pancreatitis, and Familial Chylomicronemia Syndrome | New England Journal of Medicine",https://www.nejm.org/doi/full/10.1056/NEJMoa2400201,turn220search0,CANDIDATE_ONLY_NOT_GATE_EVIDENCE,2026-10-06
IONS|2024-12-19,olezarsen 2024 FDA application trial results,Olezarsen for Hypertriglyceridemia in Patients at High Cardiovascular Risk | New England Journal of Medicine,https://www.nejm.org/doi/full/10.1056/NEJMoa2402309,turn220search1,CANDIDATE_ONLY_NOT_GATE_EVIDENCE,2026-10-06
IONS|2024-12-19,olezarsen 2024 FDA application trial results,Review,https://www.accessdata.fda.gov/drugsatfda_docs/nda/2025/218614Orig1s000IntegratedR.pdf,turn220search12,CANDIDATE_ONLY_NOT_GATE_EVIDENCE,2026-10-06
IONS|2024-12-19,olezarsen 2024 FDA application trial results,Drug Trials Snapshot: TRYNGOLZA | FDA,https://www.fda.gov/drugs/drug-trials-snapshots/drug-trials-snapshot-tryngolza,turn220search2,CANDIDATE_ONLY_NOT_GATE_EVIDENCE,2026-10-06
IONS|2024-12-19,olezarsen 2024 FDA application trial results,Review,https://www.accessdata.fda.gov/drugsatfda_docs/nda/2025/218614Orig1s000AdminCorres.pdf,turn220search13,CANDIDATE_ONLY_NOT_GATE_EVIDENCE,2026-10-06
IONS|2024-12-19,olezarsen 2024 FDA application trial results,,https://www.sec.gov/Archives/edgar/data/874015/000114036124018449/ef20026226_ex99-1.htm,turn220search3,CANDIDATE_ONLY_NOT_GATE_EVIDENCE,2026-10-06
IONS|2024-12-19,olezarsen 2024 FDA application trial results,"Ionis announces positive topline results from Essence study of olezarsen in people with moderately elevated triglycerides | Ionis Pharmaceuticals, Inc.",https://ir.ionis.com/news-releases/news-release-details/ionis-announces-positive-topline-results-essence-study-olezarsen,turn220search4,CANDIDATE_ONLY_NOT_GATE_EVIDENCE,2026-10-06
IONS|2024-12-19,olezarsen 2024 FDA application trial results,"Ionis announces positive olezarsen topline results from Phase 3 study in people with familial chylomicronemia syndrome | Ionis Pharmaceuticals, Inc.",https://ir.ionis.com/news-releases/news-release-details/ionis-announces-positive-olezarsen-topline-results-phase-3-study,turn220search5,CANDIDATE_ONLY_NOT_GATE_EVIDENCE,2026-10-06
IONS|2024-12-19,olezarsen 2024 FDA application trial results,"6503 A Randomized, Placebo-Controlled Phase 3 Study of Olezarsen In Patients With Familial Chylomicronemia Syndrome: The Balance Trial - PMC",https://pmc.ncbi.nlm.nih.gov/articles/PMC11453225/,turn220search6,CANDIDATE_ONLY_NOT_GATE_EVIDENCE,2026-10-06
IONS|2024-12-19,olezarsen 2024 FDA application trial results,"Olezarsen, Acute Pancreatitis, and Familial Chylomicronemia Syndrome | New England Journal of Medicine",https://www.nejm.org/doi/abs/10.1056/NEJMoa2400201,turn220search8,CANDIDATE_ONLY_NOT_GATE_EVIDENCE,2026-10-06
IONS|2024-12-19,olezarsen 2024 FDA application trial results,,https://www.sec.gov/Archives/edgar/data/874015/000114036125041225/ef20058520_8k.htm,turn220search9,CANDIDATE_ONLY_NOT_GATE_EVIDENCE,2026-10-06
IONS|2024-12-19,olezarsen 2024 FDA application trial results,Olezarsen for Hypertriglyceridemia in Patients at High Cardiovascular Risk - PubMed,https://pubmed.ncbi.nlm.nih.gov/38587249/,turn220search10,CANDIDATE_ONLY_NOT_GATE_EVIDENCE,2026-10-06
IONS|2024-12-19,olezarsen 2024 FDA application trial results,Ionis Pharma Hits Four-Year High On A 'Home Run' In Triglycerides Treatment,https://www.investors.com/news/technology/ionis-pharmaceuticals-triglycerides-drug/,turn220news18,CANDIDATE_ONLY_NOT_GATE_EVIDENCE,2026-10-06
ZEAL|2024-12-22|glepaglutide,glepaglutide 2024 FDA application trial results,FDA Approves First Generic of Once-Daily GLP-1 Injection to Lower Blood Sugar in Patients with Type 2 Diabetes | FDA,https://www.fda.gov/news-events/press-announcements/fda-approves-first-generic-once-daily-glp-1-injection-lower-blood-sugar-patients-type-2-diabetes,turn224search1,CANDIDATE_ONLY_NOT_GATE_EVIDENCE,2026-10-06
ZEAL|2024-12-22|glepaglutide,glepaglutide 2024 FDA application trial results,Drug Trials Snapshots | FDA,https://www.fda.gov/drugs/drug-approvals-and-databases/drug-trials-snapshots,turn224search2,CANDIDATE_ONLY_NOT_GATE_EVIDENCE,2026-10-06
ZEAL|2024-12-22|glepaglutide,glepaglutide 2024 FDA application trial results,NDA and BLA Approvals | FDA,https://www.fda.gov/drugs/drug-and-biologic-approval-and-ind-activity-reports/nda-and-bla-approvals,turn224search7,CANDIDATE_ONLY_NOT_GATE_EVIDENCE,2026-10-06
ZEAL|2024-12-22|glepaglutide,glepaglutide 2024 FDA application trial results,Company announcement,https://ml-eu.globenewswire.com/Resource/Download/d0f33ea8-93ed-4f05-bdd6-3274f494aa5f,turn224search17,CANDIDATE_ONLY_NOT_GATE_EVIDENCE,2026-10-06
ZEAL|2024-12-22|glepaglutide,glepaglutide 2024 FDA application trial results,Company announcement,https://ml-eu.globenewswire.com/Resource/Download/c8286eab-39f3-4daf-b5bd-26302962f997,turn224search18,CANDIDATE_ONLY_NOT_GATE_EVIDENCE,2026-10-06
SNDX|2024-12-26,revumenib 2024 FDA application trial results,FDA approves revumenib for relapsed or refractory acute leukemia with a KMT2A translocation | FDA,https://www.fda.gov/drugs/resources-information-approved-drugs/fda-approves-revumenib-relapsed-or-refractory-acute-leukemia-kmt2a-translocation,turn221search0,CANDIDATE_ONLY_NOT_GATE_EVIDENCE,2026-10-06
SNDX|2024-12-26,revumenib 2024 FDA application trial results,FDA approves revumenib for relapsed or refractory acute myeloid leukemia with a susceptible NPM1 mutation | FDA,https://www.fda.gov/drugs/resources-information-approved-drugs/fda-approves-revumenib-relapsed-or-refractory-acute-myeloid-leukemia-susceptible-npm1-mutation,turn221search1,CANDIDATE_ONLY_NOT_GATE_EVIDENCE,2026-10-06
SNDX|2024-12-26,revumenib 2024 FDA application trial results,Drug Trials Snapshots: REVUFORJ | FDA,https://www.fda.gov/drugs/drug-approvals-and-databases/drug-trials-snapshots-revuforj,turn221search2,CANDIDATE_ONLY_NOT_GATE_EVIDENCE,2026-10-06
SNDX|2024-12-26,revumenib 2024 FDA application trial results,10-K,https://www.sec.gov/Archives/edgar/data/1395937/000095017025030394/sndx-20241231.htm,turn221search3,CANDIDATE_ONLY_NOT_GATE_EVIDENCE,2026-10-06
SNDX|2024-12-26,revumenib 2024 FDA application trial results,2025 Annual Report.pdf,https://www.sec.gov/Archives/edgar/data/1395937/000119312526197892/sndx-2026-05-01_ars.pdf,turn221search12,CANDIDATE_ONLY_NOT_GATE_EVIDENCE,2026-10-06
SNDX|2024-12-26,revumenib 2024 FDA application trial results,Review,https://www.accessdata.fda.gov/drugsatfda_docs/nda/2024/218944Orig1s000Approv.pdf,turn221search13,CANDIDATE_ONLY_NOT_GATE_EVIDENCE,2026-10-06
SNDX|2024-12-26,revumenib 2024 FDA application trial results,2024 Annual Report.pdf,https://www.sec.gov/Archives/edgar/data/1395937/000095017025048489/sndx-2025-04-01_ars.pdf,turn221search14,CANDIDATE_ONLY_NOT_GATE_EVIDENCE,2026-10-06
SNDX|2024-12-26,revumenib 2024 FDA application trial results,2023 Annual Report.pdf,https://www.sec.gov/Archives/edgar/data/1395937/000095017024040230/sndx-2024-04-02_ars.pdf,turn221search15,CANDIDATE_ONLY_NOT_GATE_EVIDENCE,2026-10-06
SNDX|2024-12-26,revumenib 2024 FDA application trial results,Menin Inhibition With Revumenib for KMT2A-Rearranged Relapsed or Refractory Acute Leukemia (AUGMENT-101) | Journal of Clinical Oncology,https://ascopubs.org/doi/10.1200/JCO.24.00826,turn221search5,CANDIDATE_ONLY_NOT_GATE_EVIDENCE,2026-10-06
SNDX|2024-12-26,revumenib 2024 FDA application trial results,Menin inhibitors from monotherapies to combination therapies: clinical trial updates from 2024 ASH annual meeting - PMC,https://pmc.ncbi.nlm.nih.gov/articles/PMC12175398/,turn221search7,CANDIDATE_ONLY_NOT_GATE_EVIDENCE,2026-10-06
SNDX|2024-12-26,revumenib 2024 FDA application trial results,Menin Inhibition With Revumenib for KMT2A-Rearranged Relapsed or Refractory Acute Leukemia (AUGMENT-101) - PMC,https://pmc.ncbi.nlm.nih.gov/articles/PMC11687943/,turn221search8,CANDIDATE_ONLY_NOT_GATE_EVIDENCE,2026-10-06
SNDX|2024-12-26,revumenib 2024 FDA application trial results,10-Q,https://www.sec.gov/Archives/edgar/data/1395937/000095017024121439/sndx-20240930.htm,turn221search9,CANDIDATE_ONLY_NOT_GATE_EVIDENCE,2026-10-06
SNDX|2024-12-26,revumenib 2024 FDA application trial results,Menin inhibitors as a treatment for acute leukemia: from bench to the clinic - PMC,https://pmc.ncbi.nlm.nih.gov/articles/PMC13382185/,turn221search11,CANDIDATE_ONLY_NOT_GATE_EVIDENCE,2026-10-06
LQDA|2025-05-24,treprostinil YUTREPIA 2025 FDA application trial results,label,https://www.accessdata.fda.gov/drugsatfda_docs/label/2025/213005s000lbl.pdf,turn227search14,CANDIDATE_ONLY_NOT_GATE_EVIDENCE,2026-10-06
LQDA|2025-05-24,treprostinil YUTREPIA 2025 FDA application trial results,Yutrepia (treprostinil) inhalation powder,https://www.accessdata.fda.gov/drugsatfda_docs/appletter/2025/213005Orig1s000ltr.pdf,turn227search15,CANDIDATE_ONLY_NOT_GATE_EVIDENCE,2026-10-06
LQDA|2025-05-24,treprostinil YUTREPIA 2025 FDA application trial results,,https://www.sec.gov/Archives/edgar/data/1819576/000110465925076412/tm2523179d1_ex99-1.htm,turn227search0,CANDIDATE_ONLY_NOT_GATE_EVIDENCE,2026-10-06
LQDA|2025-05-24,treprostinil YUTREPIA 2025 FDA application trial results,,https://www.sec.gov/Archives/edgar/data/1819576/000110465926023794/tm267579d3_ex99-1.htm,turn227search1,CANDIDATE_ONLY_NOT_GATE_EVIDENCE,2026-10-06
LQDA|2025-05-24,treprostinil YUTREPIA 2025 FDA application trial results,"LIQUIDIA CORPORATION_December 31, 2025",https://www.sec.gov/Archives/edgar/data/1819576/000110465926023804/lqda-20251231x10k.htm,turn227search2,CANDIDATE_ONLY_NOT_GATE_EVIDENCE,2026-10-06
LQDA|2025-05-24,treprostinil YUTREPIA 2025 FDA application trial results,uthr-20260331,https://www.sec.gov/Archives/edgar/data/1082554/000108255426000020/uthr-20260331.htm,turn227search3,CANDIDATE_ONLY_NOT_GATE_EVIDENCE,2026-10-06
LQDA|2025-05-24,treprostinil YUTREPIA 2025 FDA application trial results,UNITED STATES,https://www.sec.gov/Archives/edgar/data/1819576/000110465923053148/tm2310249d2_ars.pdf,turn227search16,CANDIDATE_ONLY_NOT_GATE_EVIDENCE,2026-10-06
LQDA|2025-05-24,treprostinil YUTREPIA 2025 FDA application trial results,U.S. FDA Approves Liquidia’s YUTREPIA™ (treprostinil),https://www.globenewswire.com/news-release/2025/05/23/3087682/0/en/u-s-fda-approves-liquidia-s-yutrepia-treprostinil-inhalation-powder-for-patients-with-pulmonary-arterial-hypertension-pah-and-pulmonary-hypertension-associated-with-interstitial-lu.html,turn227search8,CANDIDATE_ONLY_NOT_GATE_EVIDENCE,2026-10-06
LQDA|2025-05-24,treprostinil YUTREPIA 2025 FDA application trial results,Liquidia Shoots Higher As Yutrepia Launch Kicks Off Amid United Patent Battle,https://www.investors.com/news/technology/liquidia-stock-liquidia-earnings-q2-2025/,turn227news20,CANDIDATE_ONLY_NOT_GATE_EVIDENCE,2026-10-06
ETON|2025-05-28,hydrocortisone KHINDIVI 2025 FDA application trial results,FY 2025 PDUFA Performance Report,https://www.fda.gov/media/191112/download?attachment=,turn223search12,CANDIDATE_ONLY_NOT_GATE_EVIDENCE,2026-10-06
ETON|2025-05-28,hydrocortisone KHINDIVI 2025 FDA application trial results,CY 2025 CDER Drug and Biologic Calendar Year Approvals,https://www.fda.gov/media/191370/download?attachment=,turn223search13,CANDIDATE_ONLY_NOT_GATE_EVIDENCE,2026-10-06
ETON|2025-05-28,hydrocortisone KHINDIVI 2025 FDA application trial results,Orange Book Cumulative Supplement 12 December 2025,https://www.fda.gov/downloads/drugs/informationondrugs/ucm086233.pdf,turn223search14,CANDIDATE_ONLY_NOT_GATE_EVIDENCE,2026-10-06
ETON|2025-05-28,hydrocortisone KHINDIVI 2025 FDA application trial results,Khindivi (hydrocortisone) oral solution,https://www.accessdata.fda.gov/drugsatfda_docs/appletter/2025/218980Orig1s000ltr.pdf,turn223search15,CANDIDATE_ONLY_NOT_GATE_EVIDENCE,2026-10-06
ETON|2025-05-28,hydrocortisone KHINDIVI 2025 FDA application trial results,label,https://www.accessdata.fda.gov/drugsatfda_docs/label/2025/218980s000lbl.pdf,turn223search16,CANDIDATE_ONLY_NOT_GATE_EVIDENCE,2026-10-06
ETON|2025-05-28,hydrocortisone KHINDIVI 2025 FDA application trial results,"Eton Pharmaceuticals Announces U.S. FDA Approval for KHINDIVI™ (hydrocortisone) Oral Solution | Eton Pharmaceuticals, Inc.",https://ir.etonpharma.com/news-releases/news-release-details/eton-pharmaceuticals-announces-us-fda-approval-khindivitm/,turn223search0,CANDIDATE_ONLY_NOT_GATE_EVIDENCE,2026-10-06
ETON|2025-05-28,hydrocortisone KHINDIVI 2025 FDA application trial results,eton20250522_8k.htm,https://www.sec.gov/Archives/edgar/data/1710340/000143774925018698/eton20250522_8k.htm,turn223search1,CANDIDATE_ONLY_NOT_GATE_EVIDENCE,2026-10-06
ETON|2025-05-28,hydrocortisone KHINDIVI 2025 FDA application trial results,Eton Pharmaceuticals Announces U.S. FDA Approval for,https://www.globenewswire.com/news-release/2025/05/28/3089990/0/en/eton-pharmaceuticals-announces-u-s-fda-approval-for-khindivi-hydrocortisone-oral-solution.html,turn223search3,CANDIDATE_ONLY_NOT_GATE_EVIDENCE,2026-10-06
CAPR|2025-08-31,deramiocel 2025 FDA application trial results,"CAPRICOR THERAPEUTICS, INC._December 31, 2025",https://www.sec.gov/Archives/edgar/data/1133869/000110465926029580/capr-20251231x10k.htm,turn226search0,CANDIDATE_ONLY_NOT_GATE_EVIDENCE,2026-10-06
CAPR|2025-08-31,deramiocel 2025 FDA application trial results,"Cellular, Tissue, and Gene Therapies Advisory Committee July 29, 2026 Meeting Briefing Document- FDA",https://www.fda.gov/media/193839/download,turn226search12,CANDIDATE_ONLY_NOT_GATE_EVIDENCE,2026-10-06
CAPR|2025-08-31,deramiocel 2025 FDA application trial results,,https://www.sec.gov/Archives/edgar/data/1133869/000110465926027037/capr-20260312xex99d1.htm,turn226search1,CANDIDATE_ONLY_NOT_GATE_EVIDENCE,2026-10-06
CAPR|2025-08-31,deramiocel 2025 FDA application trial results,"Cellular, Tissue, and Gene Therapies Advisory Committee July 29, 2026 Meeting Briefing Document- Sponsor",https://www.fda.gov/media/193840/download,turn226search13,CANDIDATE_ONLY_NOT_GATE_EVIDENCE,2026-10-06
CAPR|2025-08-31,deramiocel 2025 FDA application trial results,Capricor Therapeutics Announces Positive Topline Results,https://www.globenewswire.com/news-release/2025/12/03/3198753/0/en/Capricor-Therapeutics-Announces-Positive-Topline-Results-from-Pivotal-Phase-3-HOPE-3-Study-of-Deramiocel-in-Duchenne-Muscular-Dystrophy.html,turn226search3,CANDIDATE_ONLY_NOT_GATE_EVIDENCE,2026-10-06
CAPR|2025-08-31,deramiocel 2025 FDA application trial results,FDA grants traditional approval to daratumumab and hyaluronidase-fihj for newly diagnosed light chain amyloidosis | FDA,https://www.fda.gov/drugs/resources-information-approved-drugs/fda-grants-traditional-approval-daratumumab-and-hyaluronidase-fihj-newly-diagnosed-light-chain,turn226search4,CANDIDATE_ONLY_NOT_GATE_EVIDENCE,2026-10-06
CAPR|2025-08-31,deramiocel 2025 FDA application trial results,"Cellular, Tissue, and Gene Therapies Advisory Committee July 29, 2026 Meeting Presentation- BLA125842- FDA",https://www.fda.gov/media/193912/download,turn226search14,CANDIDATE_ONLY_NOT_GATE_EVIDENCE,2026-10-06
CAPR|2025-08-31,deramiocel 2025 FDA application trial results,FDA approves daratumumab and hyaluronidase-fihj for high-risk smoldering multiple myeloma | FDA,https://www.fda.gov/drugs/resources-information-approved-drugs/fda-approves-daratumumab-and-hyaluronidase-fihj-high-risk-smoldering-multiple-myeloma,turn226search6,CANDIDATE_ONLY_NOT_GATE_EVIDENCE,2026-10-06
CAPR|2025-08-31,deramiocel 2025 FDA application trial results,FDA approves lisocabtagene maraleucel for relapsed or refractory marginal zone lymphoma | FDA,https://www.fda.gov/drugs/resources-information-approved-drugs/fda-approves-lisocabtagene-maraleucel-relapsed-or-refractory-marginal-zone-lymphoma,turn226search9,CANDIDATE_ONLY_NOT_GATE_EVIDENCE,2026-10-06
CAPR|2025-08-31,deramiocel 2025 FDA application trial results,Capricor Therapeutics Hammered On A Surprise FDA Rejection,https://www.investors.com/news/technology/capricor-therapeutics-fda-rejection-cardiomyopathy-treatment-dmd/,turn226news23,CANDIDATE_ONLY_NOT_GATE_EVIDENCE,2026-10-06
CYTK|2025-12-26,aficamten 2025 FDA application trial results,Drug Trials Snapshots: MYQORZO | FDA,https://www.fda.gov/drugs/drug-approvals-and-databases/drug-trials-snapshots-myqorzo,turn225search0,CANDIDATE_ONLY_NOT_GATE_EVIDENCE,2026-10-06
CYTK|2025-12-26,aficamten 2025 FDA application trial results,Review,https://www.accessdata.fda.gov/drugsatfda_docs/nda/2026/219083Orig1s000RiskR.pdf,turn225search12,CANDIDATE_ONLY_NOT_GATE_EVIDENCE,2026-10-06
CYTK|2025-12-26,aficamten 2025 FDA application trial results,Review,https://www.accessdata.fda.gov/drugsatfda_docs/nda/2026/219083Orig1s000IntegratedR.pdf,turn225search13,CANDIDATE_ONLY_NOT_GATE_EVIDENCE,2026-10-06
CYTK|2025-12-26,aficamten 2025 FDA application trial results,EX-99.1,https://www.sec.gov/Archives/edgar/data/1061983/000095017025112564/cytk-ex99_1.htm,turn225search3,CANDIDATE_ONLY_NOT_GATE_EVIDENCE,2026-10-06
CYTK|2025-12-26,aficamten 2025 FDA application trial results,,https://www.sec.gov/Archives/edgar/data/1061983/000119312526206420/d124879dex991.htm,turn225search4,CANDIDATE_ONLY_NOT_GATE_EVIDENCE,2026-10-06
CYTK|2025-12-26,aficamten 2025 FDA application trial results,Aficamten or Metoprolol Monotherapy for Obstructive Hypertrophic Cardiomyopathy.,https://pubmed.ncbi.nlm.nih.gov/40888697/,turn225search5,CANDIDATE_ONLY_NOT_GATE_EVIDENCE,2026-10-06
CYTK|2025-12-26,aficamten 2025 FDA application trial results,EX-99.1,https://www.sec.gov/Archives/edgar/data/1061983/000119312525266842/cytk-ex99_1.htm,turn225search6,CANDIDATE_ONLY_NOT_GATE_EVIDENCE,2026-10-06
CYTK|2025-12-26,aficamten 2025 FDA application trial results,10-Q,https://www.sec.gov/Archives/edgar/data/1061983/000095017025064529/cytk-20250331.htm,turn225search7,CANDIDATE_ONLY_NOT_GATE_EVIDENCE,2026-10-06
CYTK|2025-12-26,aficamten 2025 FDA application trial results,10-Q,https://www.sec.gov/Archives/edgar/data/1061983/000095017025105108/cytk-20250630.htm,turn225search8,CANDIDATE_ONLY_NOT_GATE_EVIDENCE,2026-10-06
CYTK|2025-12-26,aficamten 2025 FDA application trial results,10-K,https://www.sec.gov/Archives/edgar/data/1061983/000095017025029206/cytk-20241231.htm,turn225search10,CANDIDATE_ONLY_NOT_GATE_EVIDENCE,2026-10-06
CYTK|2025-12-26,aficamten 2025 FDA application trial results,Cytokinetics Presents New Data Related to Aficamten at the,https://www.globenewswire.com/news-release/2025/09/29/3157618/35409/en/cytokinetics-presents-new-data-related-to-aficamten-at-the-hfsa-annual-scientific-meeting-2025.html,turn225search11,CANDIDATE_ONLY_NOT_GATE_EVIDENCE,2026-10-06
CYTK|2025-12-26,aficamten 2025 FDA application trial results,Review,https://www.accessdata.fda.gov/drugsatfda_docs/nda/2026/219083Orig1s000AdminCorres.pdf,turn225search15,CANDIDATE_ONLY_NOT_GATE_EVIDENCE,2026-10-06
CYTK|2025-12-26,aficamten 2025 FDA application trial results,Cytokinetics Announces FDA Acceptance of New Drug Application for Aficamten for the,https://ir.cytokinetics.com/node/24766/pdf,turn225search16,CANDIDATE_ONLY_NOT_GATE_EVIDENCE,2026-10-06
CYTK|2025-12-26,aficamten 2025 FDA application trial results,Cytokinetics Skyrockets On 'Provocative' Results In Heart Disease,https://www.investors.com/news/technology/cytokinetics-stock-obstructive-hcm-aficamten-beta-blockers/,turn225news18,CANDIDATE_ONLY_NOT_GATE_EVIDENCE,2026-10-06
CYTK|2025-12-26,aficamten 2025 FDA application trial results,Cytokinetics Reverses Higher On 'Pristine' Results For Bristol Myers-Rivaling Heart Drug,https://www.investors.com/news/technology/cytokinetics-stock-obstructive-hcm-bristol-myers-squibb-camzyos/,turn225news20,CANDIDATE_ONLY_NOT_GATE_EVIDENCE,2026-10-06
CYTK|2025-12-26,aficamten 2025 FDA application trial results,How This Biotech Scored 'A Clear Win' Where Bristol Myers Failed,https://www.investors.com/news/technology/cytokinetics-stock-non-obstructive-hypertrophic-cardiomyopathy/,turn225news22,CANDIDATE_ONLY_NOT_GATE_EVIDENCE,2026-10-06
CYTK|2025-12-26,aficamten 2025 FDA application trial results,Why Edgewise Therapeutics And Cytokinetics Stocks Just Diverged,https://www.investors.com/news/technology/edgewise-therapeutics-hcm-safety-cytokinetics-aficamten/,turn225news23,CANDIDATE_ONLY_NOT_GATE_EVIDENCE,2026-10-06
CORT|2025-12-30,relacorilant 2025 FDA application trial results,"FDA approves relacorilant with nab-paclitaxel for platinum-resistant epithelial ovarian, fallopian tube, or primary peritoneal cancer | FDA",https://www.fda.gov/drugs/resources-information-approved-drugs/fda-approves-relacorilant-nab-paclitaxel-platinum-resistant-epithelial-ovarian-fallopian-tube-or,turn232search0,CANDIDATE_ONLY_NOT_GATE_EVIDENCE,2026-10-06
CORT|2025-12-30,relacorilant 2025 FDA application trial results,220641_Review Package,https://www.accessdata.fda.gov/drugsatfda_docs/nda/2026/220641Orig1s000MultidisciplineR.pdf,turn232search12,CANDIDATE_ONLY_NOT_GATE_EVIDENCE,2026-10-06
CORT|2025-12-30,relacorilant 2025 FDA application trial results,cort-20251231,https://www.sec.gov/Archives/edgar/data/1088856/000162828026011091/cort-20251231.htm,turn232search1,CANDIDATE_ONLY_NOT_GATE_EVIDENCE,2026-10-06
CORT|2025-12-30,relacorilant 2025 FDA application trial results,relacorilant arm and 17 in pl,https://download.open.fda.gov/crl/CRL_NDA219398_20260128.pdf,turn232search13,CANDIDATE_ONLY_NOT_GATE_EVIDENCE,2026-10-06
CORT|2025-12-30,relacorilant 2025 FDA application trial results,cort-20250630,https://www.sec.gov/Archives/edgar/data/1088856/000162828025037005/cort-20250630.htm,turn232search2,CANDIDATE_ONLY_NOT_GATE_EVIDENCE,2026-10-06
CORT|2025-12-30,relacorilant 2025 FDA application trial results,cort-20250331,https://www.sec.gov/Archives/edgar/data/1088856/000162828025022173/cort-20250331.htm,turn232search3,CANDIDATE_ONLY_NOT_GATE_EVIDENCE,2026-10-06
CORT|2025-12-30,relacorilant 2025 FDA application trial results,"Corcept Therapeutics Announces Fourth Quarter and Full-Year 2025 Audited Financial Results, Provides Corporate Update – Corcept Therapeutics, Incorporated",https://ir.corcept.com/news-releases/news-release-details/corcept-therapeutics-announces-fourth-quarter-and-full-year-2025,turn232search4,CANDIDATE_ONLY_NOT_GATE_EVIDENCE,2026-10-06
CORT|2025-12-30,relacorilant 2025 FDA application trial results,"Corcept Therapeutics Announces Fourth Quarter and Full-Year 2025 Audited Financial Results, Provides Corporate Update – Corcept Therapeutics, Incorporated",https://ir.corcept.com/news-releases/news-release-details/corcept-therapeutics-announces-fourth-quarter-and-full-year-2025/,turn232search6,CANDIDATE_ONLY_NOT_GATE_EVIDENCE,2026-10-06
CORT|2025-12-30,relacorilant 2025 FDA application trial results,"Corcept Receives Complete Response Letter for Relacorilant as a Treatment for Patients with Hypercortisolism – Corcept Therapeutics, Incorporated",https://ir.corcept.com/news-releases/news-release-details/corcept-receives-complete-response-letter-relacorilant-treatment,turn232search7,CANDIDATE_ONLY_NOT_GATE_EVIDENCE,2026-10-06
CORT|2025-12-30,relacorilant 2025 FDA application trial results,Document,https://www.sec.gov/Archives/edgar/data/1088856/000162828025022167/exhibit991pressrelease0505.htm,turn232search8,CANDIDATE_ONLY_NOT_GATE_EVIDENCE,2026-10-06
CORT|2025-12-30,relacorilant 2025 FDA application trial results,"FDA Files Corcept’s New Drug Application for Relacorilant as Treatment for Patients With Hypercortisolism – Corcept Therapeutics, Incorporated",https://ir.corcept.com/news-releases/news-release-details/fda-files-corcepts-new-drug-application-relacorilant-treatment/,turn232search10,CANDIDATE_ONLY_NOT_GATE_EVIDENCE,2026-10-06
RGNX|2026-02-08|rgx-121 seeking accelerated approval was submitted to the fda in march 2025,RGX-121 2026 FDA application trial results,10-Q,https://www.sec.gov/Archives/edgar/data/1590877/000119312526336725/rgnx-20260630.htm,turn234search0,CANDIDATE_ONLY_NOT_GATE_EVIDENCE,2026-10-06
RGNX|2026-02-08|rgx-121 seeking accelerated approval was submitted to the fda in march 2025,RGX-121 2026 FDA application trial results,,https://www.sec.gov/Archives/edgar/data/1590877/000119312526363786/rgnx-ex99_1.htm,turn234search1,CANDIDATE_ONLY_NOT_GATE_EVIDENCE,2026-10-06
RGNX|2026-02-08|rgx-121 seeking accelerated approval was submitted to the fda in march 2025,RGX-121 2026 FDA application trial results,10-K,https://www.sec.gov/Archives/edgar/data/1590877/000119312526094013/rgnx-20251231.htm,turn234search2,CANDIDATE_ONLY_NOT_GATE_EVIDENCE,2026-10-06
RGNX|2026-02-08|rgx-121 seeking accelerated approval was submitted to the fda in march 2025,RGX-121 2026 FDA application trial results,RGNX-10K-20251231 - Bookmarked - No Highlights v2.pdf,https://www.sec.gov/Archives/edgar/data/1590877/000119312526155100/rgnx-ars-2025.pdf,turn234search12,CANDIDATE_ONLY_NOT_GATE_EVIDENCE,2026-10-06
RGNX|2026-02-08|rgx-121 seeking accelerated approval was submitted to the fda in march 2025,RGX-121 2026 FDA application trial results,,https://www.sec.gov/Archives/edgar/data/1590877/000119312526043342/rgnx-ex99_1.htm,turn234search3,CANDIDATE_ONLY_NOT_GATE_EVIDENCE,2026-10-06
RGNX|2026-02-08|rgx-121 seeking accelerated approval was submitted to the fda in march 2025,RGX-121 2026 FDA application trial results,Form 10-Q for Regenxbio INC filed 05/14/2026,https://ir.regenxbio.com/static-files/b9f0b3fa-8bf6-4297-8259-1eaf0b6b3b4f,turn234search14,CANDIDATE_ONLY_NOT_GATE_EVIDENCE,2026-10-06
RGNX|2026-02-08|rgx-121 seeking accelerated approval was submitted to the fda in march 2025,RGX-121 2026 FDA application trial results,REGENXBIO Presents Positive Twelve-Month Pivotal Data from Phase I/II/III CAMPSIITE® Trial of RGX-121 for Treatment of MPS II | Regenxbio Inc,https://ir.regenxbio.com/news-releases/news-release-details/regenxbio-presents-positive-twelve-month-pivotal-data-phase,turn234search4,CANDIDATE_ONLY_NOT_GATE_EVIDENCE,2026-10-06
RGNX|2026-02-08|rgx-121 seeking accelerated approval was submitted to the fda in march 2025,RGX-121 2026 FDA application trial results,REGENXBIO Announces Regulatory Update on RGX-121 BLA for MPS II | Regenxbio Inc,https://ir.regenxbio.com/news-releases/news-release-details/regenxbio-announces-regulatory-update-rgx-121-bla-mps-ii,turn234search6,CANDIDATE_ONLY_NOT_GATE_EVIDENCE,2026-10-06
RGNX|2026-02-08|rgx-121 seeking accelerated approval was submitted to the fda in march 2025,RGX-121 2026 FDA application trial results,REGENXBIO Announces Regulatory Update on RGX-121 for MPS II,https://www.prnewswire.com/news-releases/regenxbio-announces-regulatory-update-on-rgx-121-for-mps-ii-302858018.html,turn234search9,CANDIDATE_ONLY_NOT_GATE_EVIDENCE,2026-10-06
RGNX|2026-02-08|rgx-121 seeking accelerated approval was submitted to the fda in march 2025,RGX-121 2026 FDA application trial results,10-K,https://www.sec.gov/Archives/edgar/data/1590877/000095017025038770/rgnx-20241231.htm,turn234search10,CANDIDATE_ONLY_NOT_GATE_EVIDENCE,2026-10-06
RGNX|2026-02-08|rgx-121 seeking accelerated approval was submitted to the fda in march 2025,RGX-121 2026 FDA application trial results,RGNX-10K-2024_PDF_Print_Bookmarked.pdf,https://www.sec.gov/Archives/edgar/data/1590877/000095017025052088/rgnx-ars-2024.pdf,turn234search16,CANDIDATE_ONLY_NOT_GATE_EVIDENCE,2026-10-06
VNDA|2026-02-21|bysanti,bysanti 2026 FDA application trial results,Review,https://www.accessdata.fda.gov/drugsatfda_docs/nda/2026/220358Orig1s000OtherR.pdf,turn229search12,CANDIDATE_ONLY_NOT_GATE_EVIDENCE,2026-10-06
VNDA|2026-02-21|bysanti,bysanti 2026 FDA application trial results,Review,https://www.accessdata.fda.gov/drugsatfda_docs/nda/2026/220358Orig1s000NameR.pdf,turn229search13,CANDIDATE_ONLY_NOT_GATE_EVIDENCE,2026-10-06
VNDA|2026-02-21|bysanti,bysanti 2026 FDA application trial results,Vanda Announces Bysanti™ NDA Filing; FDA Decision Expected in Early 2026,https://www.prnewswire.com/news-releases/vanda-announces-bysanti-nda-filing-fda-decision-expected-in-early-2026-302445753.html,turn229search6,CANDIDATE_ONLY_NOT_GATE_EVIDENCE,2026-10-06
VNDA|2026-02-21|bysanti,bysanti 2026 FDA application trial results,Vanda Pharmaceuticals Announces FDA Approval of BYSANTI™ (milsaperidone) for the treatment of Bipolar I Disorder and Schizophrenia - A New Chemical Entity Opening New Horizons in Psychiatric Innovation,https://www.prnewswire.com/news-releases/vanda-pharmaceuticals-announces-fda-approval-of-bysanti-milsaperidone-for-the-treatment-of-bipolar-i-disorder-and-schizophrenia---a-new-chemical-entity-opening-new-horizons-in-psychiatric-innovation-302693941.html,turn229search9,CANDIDATE_ONLY_NOT_GATE_EVIDENCE,2026-10-06
RCKT|2026-03-28|kresladi,kresladi 2026 FDA application trial results,FDA Approves First Gene Therapy for Severe Leukocyte Adhesion Deficiency Type I | FDA,https://www.fda.gov/news-events/press-announcements/fda-approves-first-gene-therapy-severe-leukocyte-adhesion-deficiency-type-i,turn230search0,CANDIDATE_ONLY_NOT_GATE_EVIDENCE,2026-10-06
RCKT|2026-03-28|kresladi,kresladi 2026 FDA application trial results,KRESLADI | FDA,https://www.fda.gov/vaccines-blood-biologics/kresladi,turn230search1,CANDIDATE_ONLY_NOT_GATE_EVIDENCE,2026-10-06
RCKT|2026-03-28|kresladi,kresladi 2026 FDA application trial results,"March 26, 2026 Summary Basis for Regulatory Action - KRESLADI",https://www.fda.gov/media/191993/download?attachment=,turn230search12,CANDIDATE_ONLY_NOT_GATE_EVIDENCE,2026-10-06
RCKT|2026-03-28|kresladi,kresladi 2026 FDA application trial results,,https://www.sec.gov/Archives/edgar/data/1281895/000114036125038030/ef20057000_ex99-1.htm,turn230search2,CANDIDATE_ONLY_NOT_GATE_EVIDENCE,2026-10-06
RCKT|2026-03-28|kresladi,kresladi 2026 FDA application trial results,,https://www.sec.gov/Archives/edgar/data/1281895/000114036126019573/ef20072739_ex99-1.htm,turn230search3,CANDIDATE_ONLY_NOT_GATE_EVIDENCE,2026-10-06
RCKT|2026-03-28|kresladi,kresladi 2026 FDA application trial results,,https://www.sec.gov/Archives/edgar/data/1281895/000114036126011573/ef20069038_ex99-1.htm,turn230search4,CANDIDATE_ONLY_NOT_GATE_EVIDENCE,2026-10-06
RCKT|2026-03-28|kresladi,kresladi 2026 FDA application trial results,Purple Book Search,https://purplebooksearch.fda.gov/index.cfm?blaNo=125806&event=productdetails,turn230search5,CANDIDATE_ONLY_NOT_GATE_EVIDENCE,2026-10-06
RCKT|2026-03-28|kresladi,kresladi 2026 FDA application trial results,"March 26, 2026 Approval Letter - KRESLADI",https://www.fda.gov/media/191723/download?attachment=,turn230search13,CANDIDATE_ONLY_NOT_GATE_EVIDENCE,2026-10-06
RCKT|2026-03-28|kresladi,kresladi 2026 FDA application trial results,"March 26, 2026 Summary Basis for Regulatory Action - KRESLADI",https://www.fda.gov/media/191993/download,turn230search15,CANDIDATE_ONLY_NOT_GATE_EVIDENCE,2026-10-06
RCKT|2026-03-28|kresladi,kresladi 2026 FDA application trial results,10-Q,https://www.sec.gov/Archives/edgar/data/1281895/000119312526342348/rckt-20260630.htm,turn230search6,CANDIDATE_ONLY_NOT_GATE_EVIDENCE,2026-10-06
RCKT|2026-03-28|kresladi,kresladi 2026 FDA application trial results,,https://www.sec.gov/Archives/edgar/data/1281895/000114036126032028/ef20079821_ex99-1.htm,turn230search7,CANDIDATE_ONLY_NOT_GATE_EVIDENCE,2026-10-06
RCKT|2026-03-28|kresladi,kresladi 2026 FDA application trial results,"ROCKET PHARMACEUTICALS, INC._10K_2026_V1_CWO-72419.pdf",https://www.sec.gov/Archives/edgar/data/1281895/000114036126013342/ny20067122x4_ars.pdf,turn230search16,CANDIDATE_ONLY_NOT_GATE_EVIDENCE,2026-10-06
DNLI|2026-04-05|tividenofusp-alfa,tividenofusp-alfa 2026 FDA application trial results,Review,https://www.accessdata.fda.gov/drugsatfda_docs/nda/2026/761485Orig1s000IntegratedR.pdf,turn228search12,CANDIDATE_ONLY_NOT_GATE_EVIDENCE,2026-10-06
DNLI|2026-04-05|tividenofusp-alfa,tividenofusp-alfa 2026 FDA application trial results,dnli-20251231,https://www.sec.gov/Archives/edgar/data/1714899/000171489926000021/dnli-20251231.htm,turn228search0,CANDIDATE_ONLY_NOT_GATE_EVIDENCE,2026-10-06
DNLI|2026-04-05|tividenofusp-alfa,tividenofusp-alfa 2026 FDA application trial results,CDER Drug and Biologic Accelerated Approvals Based on a Surrogate Endpoint,https://www.fda.gov/media/151146/download?attachment=,turn228search13,CANDIDATE_ONLY_NOT_GATE_EVIDENCE,2026-10-06
DNLI|2026-04-05|tividenofusp-alfa,tividenofusp-alfa 2026 FDA application trial results,dnli-20260630,https://www.sec.gov/Archives/edgar/data/1714899/000171489926000097/dnli-20260630.htm,turn228search1,CANDIDATE_ONLY_NOT_GATE_EVIDENCE,2026-10-06
DNLI|2026-04-05|tividenofusp-alfa,tividenofusp-alfa 2026 FDA application trial results,An Intravenous Brain-Penetrant Enzyme Therapy for Mucopolysaccharidosis II | New England Journal of Medicine,https://www.nejm.org/doi/abs/10.1056/NEJMoa2508681,turn228search2,CANDIDATE_ONLY_NOT_GATE_EVIDENCE,2026-10-06
DNLI|2026-04-05|tividenofusp-alfa,tividenofusp-alfa 2026 FDA application trial results,,https://www.sec.gov/Archives/edgar/data/1714899/000171489926000004/ex9912026outlookpressrelea.htm,turn228search5,CANDIDATE_ONLY_NOT_GATE_EVIDENCE,2026-10-06
DNLI|2026-04-05|tividenofusp-alfa,tividenofusp-alfa 2026 FDA application trial results,"In May 2025, we announced that the BLA was submitted under the accelerated approval pathway and included preclinical and clinical data on biomarkers (CSF and urine heparan sulfate and neurofilament light (""NfL"")), safety data, and clinical data including liver volume, hearing thresholds, cognition, ",https://www.sec.gov/Archives/edgar/data/1714899/000171489926000055/fy25denalitherapeuticsannu.pdf,turn228search14,CANDIDATE_ONLY_NOT_GATE_EVIDENCE,2026-10-06
DNLI|2026-04-05|tividenofusp-alfa,tividenofusp-alfa 2026 FDA application trial results,,https://www.sec.gov/Archives/edgar/data/1714899/000171489926000062/ex991pressreleaseq12026.htm,turn228search6,CANDIDATE_ONLY_NOT_GATE_EVIDENCE,2026-10-06
DNLI|2026-04-05|tividenofusp-alfa,tividenofusp-alfa 2026 FDA application trial results,The New England Journal of Medicine Publishes Phase 1/2,https://www.globenewswire.com/news-release/2025/12/30/3211341/0/en/the-new-england-journal-of-medicine-publishes-phase-1-2-study-of-denali-therapeutics-tividenofusp-alfa-dnl310-for-hunter-syndrome-mps-ii.html,turn228search8,CANDIDATE_ONLY_NOT_GATE_EVIDENCE,2026-10-06
DNLI|2026-04-05|tividenofusp-alfa,tividenofusp-alfa 2026 FDA application trial results,Denali Therapeutics Announces Key Anticipated Milestones and Priorities for 2026 Including Commercial Launch of Tividenofusp Alfa for Hunter Syndrome | Denali Therapeutics,https://investors.denalitherapeutics.com/news-releases/news-release-details/denali-therapeutics-announces-key-anticipated-milestones-and,turn228search9,CANDIDATE_ONLY_NOT_GATE_EVIDENCE,2026-10-06
DNLI|2026-04-05|tividenofusp-alfa,tividenofusp-alfa 2026 FDA application trial results,TIVIDENOFUSP ALFA,https://precision.fda.gov/ginas/app/ui/substances/4a9bfe18-c30b-4eac-9ff2-efc58bcbbbc3,turn228search11,CANDIDATE_ONLY_NOT_GATE_EVIDENCE,2026-10-06
ARVN|2026-06-05|vepdegestrant,vepdegestrant 2026 FDA application trial results,"FDA approves vepdegestrant for ER-positive, HER2-negative, ESR1-mutated advanced or metastatic breast cancer | FDA",https://www.fda.gov/drugs/resources-information-approved-drugs/fda-approves-vepdegestrant-er-positive-her2-negative-esr1-mutated-advanced-or-metastatic-breast,turn231search0,CANDIDATE_ONLY_NOT_GATE_EVIDENCE,2026-10-06
ARVN|2026-06-05|vepdegestrant,vepdegestrant 2026 FDA application trial results,Review,https://www.accessdata.fda.gov/drugsatfda_docs/nda/2026/219835Orig1s000MultidisciplineR.pdf,turn231search12,CANDIDATE_ONLY_NOT_GATE_EVIDENCE,2026-10-06
ARVN|2026-06-05|vepdegestrant,vepdegestrant 2026 FDA application trial results,"Based on the results from VERITAC-2, in the second quarter of 2025, we and Pfizer submitted an NDA to the FDA for vepdegestrant for the treatment of patients with ER+/HER2- ESR1-mutated advanced or metastatic breast cancer previously treated with endocrine-based therapy. This represents the first ND",https://www.sec.gov/Archives/edgar/data/1655759/000162828026028171/a2025ars.pdf,turn231search13,CANDIDATE_ONLY_NOT_GATE_EVIDENCE,2026-10-06
ARVN|2026-06-05|vepdegestrant,vepdegestrant 2026 FDA application trial results,"Vepdegestrant, a PROTAC Estrogen Receptor Degrader, in Advanced Breast Cancer | New England Journal of Medicine",https://www.nejm.org/doi/10.1056/NEJMoa2505725,turn231search1,CANDIDATE_ONLY_NOT_GATE_EVIDENCE,2026-10-06
ARVN|2026-06-05|vepdegestrant,vepdegestrant 2026 FDA application trial results,arvn-20260630,https://www.sec.gov/Archives/edgar/data/1655759/000162828026052554/arvn-20260630.htm,turn231search2,CANDIDATE_ONLY_NOT_GATE_EVIDENCE,2026-10-06
ARVN|2026-06-05|vepdegestrant,vepdegestrant 2026 FDA application trial results,FDA Approves New Engineered Viral Immunotherapy for Patients with Treatment-Resistant Advanced Melanoma | FDA,https://www.fda.gov/news-events/press-announcements/fda-approves-new-engineered-viral-immunotherapy-patients-treatment-resistant-advanced-melanoma?trk=article-ssr-frontend-pulse_little-text-block,turn231search3,CANDIDATE_ONLY_NOT_GATE_EVIDENCE,2026-10-06
ARVN|2026-06-05|vepdegestrant,vepdegestrant 2026 FDA application trial results,Arvinas Announces FDA Approval of VEPPANU (vepdegestrant),https://www.globenewswire.com/news-release/2026/05/01/3286140/0/en/arvinas-announces-fda-approval-of-veppanu-vepdegestrant-for-the-treatment-of-esr1m-er-her2-advanced-breast-cancer.html,turn231search4,CANDIDATE_ONLY_NOT_GATE_EVIDENCE,2026-10-06
ARVN|2026-06-05|vepdegestrant,vepdegestrant 2026 FDA application trial results,"Arvinas Announces FDA Acceptance of the New Drug Application for Vepdegestrant for the Treatment of ESR1m, ER+/HER2- Advanced Breast Cancer | Arvinas",https://ir.arvinas.com/news-releases/news-release-details/arvinas-announces-fda-acceptance-new-drug-application,turn231search6,CANDIDATE_ONLY_NOT_GATE_EVIDENCE,2026-10-06
ARVN|2026-06-05|vepdegestrant,vepdegestrant 2026 FDA application trial results,FDA grants accelerated approval to vusolimogene oderparepvec-wtpg in combination with nivolumab for melanoma | FDA,https://www.fda.gov/drugs/resources-information-approved-drugs/fda-grants-accelerated-approval-vusolimogene-oderparepvec-wtpg-combination-nivolumab-melanoma,turn231search7,CANDIDATE_ONLY_NOT_GATE_EVIDENCE,2026-10-06
ARVN|2026-06-05|vepdegestrant,vepdegestrant 2026 FDA application trial results,"FDA adds vepdegestrant to options for ER‐positive, HER2‐negative, ESR1‐mutated advanced breast cancer - Lawrence - 2026 - Cancer - Wiley Online Library",https://acsjournals.onlinelibrary.wiley.com/doi/full/10.1002/cncr.70554,turn231search8,CANDIDATE_ONLY_NOT_GATE_EVIDENCE,2026-10-06
ARVN|2026-06-05|vepdegestrant,vepdegestrant 2026 FDA application trial results,FDA Approval of the First-Ever PROTAC: Vepdegestrant (ARV-471) Marks a New Era in Targeted Protein Degradation - PMC,https://pmc.ncbi.nlm.nih.gov/articles/PMC13555792/,turn231search11,CANDIDATE_ONLY_NOT_GATE_EVIDENCE,2026-10-06
LNTH|2026-06-29|lnth-2501,lnth-2501 2026 FDA application trial results,10-Q,https://www.sec.gov/Archives/edgar/data/1521036/000119312526336795/lnth-20260630.htm,turn236search0,CANDIDATE_ONLY_NOT_GATE_EVIDENCE,2026-10-06
LNTH|2026-06-29|lnth-2501,lnth-2501 2026 FDA application trial results,Lantheus Receives Complete Response Letter from FDA for,https://www.globenewswire.com/news-release/2026/06/26/3318445/0/en/lantheus-receives-complete-response-letter-from-fda-for-lnth-2501-ga-68-edotreotide.html,turn236search2,CANDIDATE_ONLY_NOT_GATE_EVIDENCE,2026-10-06
LNTH|2026-06-29|lnth-2501,lnth-2501 2026 FDA application trial results,10-Q,https://www.sec.gov/Archives/edgar/data/1521036/000119312525268113/lnth-20250930.htm,turn236search3,CANDIDATE_ONLY_NOT_GATE_EVIDENCE,2026-10-06
LNTH|2026-06-29|lnth-2501,lnth-2501 2026 FDA application trial results,10-Q,https://www.sec.gov/Archives/edgar/data/1521036/000119312526210373/lnth-20260331.htm,turn236search5,CANDIDATE_ONLY_NOT_GATE_EVIDENCE,2026-10-06
LNTH|2026-06-29|lnth-2501,lnth-2501 2026 FDA application trial results,927762_007_BMK_WEB.PDF,https://www.sec.gov/Archives/edgar/data/1521036/000119312526117682/d927762dars.pdf,turn236search13,CANDIDATE_ONLY_NOT_GATE_EVIDENCE,2026-10-06
VRDN|2026-06-30|veligrotug to the fda in october 2025,veligrotug 2026 FDA application trial results,Review,https://www.accessdata.fda.gov/drugsatfda_docs/nda/2026/761530Orig1s000OtherR.pdf,turn237search12,CANDIDATE_ONLY_NOT_GATE_EVIDENCE,2026-10-06
VRDN|2026-06-30|veligrotug to the fda in october 2025,veligrotug 2026 FDA application trial results,vrdn-20251231,https://www.sec.gov/Archives/edgar/data/1590750/000159075026000007/vrdn-20251231.htm,turn237search0,CANDIDATE_ONLY_NOT_GATE_EVIDENCE,2026-10-06
VRDN|2026-06-30|veligrotug to the fda in october 2025,veligrotug 2026 FDA application trial results,Review,https://www.accessdata.fda.gov/drugsatfda_docs/nda/2026/761530Orig1s000AdminCorres.pdf,turn237search13,CANDIDATE_ONLY_NOT_GATE_EVIDENCE,2026-10-06
VRDN|2026-06-30|veligrotug to the fda in october 2025,veligrotug 2026 FDA application trial results,EX-99.1,https://www.sec.gov/Archives/edgar/data/1590750/000119312526205010/d149508dex991.htm,turn237search1,CANDIDATE_ONLY_NOT_GATE_EVIDENCE,2026-10-06
VRDN|2026-06-30|veligrotug to the fda in october 2025,veligrotug 2026 FDA application trial results,Review,https://www.accessdata.fda.gov/drugsatfda_docs/nda/2026/761530Orig1s000ClinPharmR.pdf,turn237search14,CANDIDATE_ONLY_NOT_GATE_EVIDENCE,2026-10-06
VRDN|2026-06-30|veligrotug to the fda in october 2025,veligrotug 2026 FDA application trial results,,https://www.sec.gov/Archives/edgar/data/1590750/000119312526130433/d27955dex992.htm,turn237search2,CANDIDATE_ONLY_NOT_GATE_EVIDENCE,2026-10-06
VRDN|2026-06-30|veligrotug to the fda in october 2025,veligrotug 2026 FDA application trial results,FY 2025 10K,https://www.sec.gov/Archives/edgar/data/1590750/000119312526160354/d95955dars.pdf,turn237search15,CANDIDATE_ONLY_NOT_GATE_EVIDENCE,2026-10-06
VRDN|2026-06-30|veligrotug to the fda in october 2025,veligrotug 2026 FDA application trial results,,https://www.sec.gov/Archives/edgar/data/1590750/000119312526205099/d20977dex992.htm,turn237search3,CANDIDATE_ONLY_NOT_GATE_EVIDENCE,2026-10-06
VRDN|2026-06-30|veligrotug to the fda in october 2025,veligrotug 2026 FDA application trial results,vrdn-20260331,https://www.sec.gov/Archives/edgar/data/1590750/000159075026000012/vrdn-20260331.htm,turn237search4,CANDIDATE_ONLY_NOT_GATE_EVIDENCE,2026-10-06
VRDN|2026-06-30|veligrotug to the fda in october 2025,veligrotug 2026 FDA application trial results,EX-99.1,https://www.sec.gov/Archives/edgar/data/1590750/000119312525173983/d20477dex991.htm,turn237search5,CANDIDATE_ONLY_NOT_GATE_EVIDENCE,2026-10-06
VRDN|2026-06-30|veligrotug to the fda in october 2025,veligrotug 2026 FDA application trial results,"Viridian Therapeutics, Inc. - Viridian Therapeutics Highlights Recent Progress and Reports Fourth Quarter and Full Year 2025 Financial Results",https://investors.viridiantherapeutics.com/news/news-details/2026/Viridian-Therapeutics-Highlights-Recent-Progress-and-Reports-Fourth-Quarter-and-Full-Year-2025-Financial-Results/,turn237search6,CANDIDATE_ONLY_NOT_GATE_EVIDENCE,2026-10-06
MNKD|2026-07-26|sbla,Afrezza pediatric sBLA 2026 FDA application trial results,Approval Letter_022472Orig1s029ltr..pdf,https://www.accessdata.fda.gov/drugsatfda_docs/appletter/2026/022472Orig1s029ltr..pdf,turn235search12,CANDIDATE_ONLY_NOT_GATE_EVIDENCE,2026-10-06
MNKD|2026-07-26|sbla,Afrezza pediatric sBLA 2026 FDA application trial results,MNKD_10K_2025_1231 (Printer PDF).pdf,https://www.sec.gov/Archives/edgar/data/899460/000119312526145642/mnkd_ars_2026.pdf,turn235search13,CANDIDATE_ONLY_NOT_GATE_EVIDENCE,2026-10-06
MNKD|2026-07-26|sbla,Afrezza pediatric sBLA 2026 FDA application trial results,"Data at ADA 2026 Highlights Key Findings from Clinical and Real‑World Studies of MannKind’s Afrezza® (Inhaled Insulin) Across Pediatric Care, Pregnancy, and Use with Automated Insulin Delivery (AID) Systems | MannKind Corporation",https://investors.mannkindcorp.com/news-releases/news-release-details/data-ada-2026-highlights-key-findings-clinical-and-real-world,turn235search2,CANDIDATE_ONLY_NOT_GATE_EVIDENCE,2026-10-06
MNKD|2026-07-26|sbla,Afrezza pediatric sBLA 2026 FDA application trial results,"MannKind to Showcase New Data at ADA 2026 Advancing Understanding of Inhaled Insulin (Afrezza®) in Pediatric Care, Pregnancy and Use with Automated Insulin Delivery (AID) Systems | MannKind Corporation",https://investors.mannkindcorp.com/news-releases/news-release-details/mannkind-showcase-new-data-ada-2026-advancing-understanding,turn235search4,CANDIDATE_ONLY_NOT_GATE_EVIDENCE,2026-10-06
MNKD|2026-07-26|sbla,Afrezza pediatric sBLA 2026 FDA application trial results,ZOLGENSMA | FDA,https://www.fda.gov/vaccines-blood-biologics/zolgensma,turn235search5,CANDIDATE_ONLY_NOT_GATE_EVIDENCE,2026-10-06
MNKD|2026-07-26|sbla,Afrezza pediatric sBLA 2026 FDA application trial results,"December 1, 2025 Clinical Review and Evaluation Memo - BREYANZI",https://www.fda.gov/media/190061/download,turn235search14,CANDIDATE_ONLY_NOT_GATE_EVIDENCE,2026-10-06
MNKD|2026-07-26|sbla,Afrezza pediatric sBLA 2026 FDA application trial results,MannKind to Present New Data From Pediatric and Adult Studies of Afrezza® at ATTD 2026 | MannKind Corporation,https://investors.mannkindcorp.com/news-releases/news-release-details/mannkind-present-new-data-pediatric-and-adult-studies-afrezzar,turn235search6,CANDIDATE_ONLY_NOT_GATE_EVIDENCE,2026-10-06
MNKD|2026-07-26|sbla,Afrezza pediatric sBLA 2026 FDA application trial results,MannKind to Present New Data From Pediatric and Adult Studies of Afrezza® at ATTD 2026,https://investors.mannkindcorp.com/node/21166/pdf,turn235search15,CANDIDATE_ONLY_NOT_GATE_EVIDENCE,2026-10-06
MNKD|2026-07-26|sbla,Afrezza pediatric sBLA 2026 FDA application trial results,MannKind Corporation Reports Third Quarter 2025 Financial Results and Provides Business Update,https://investors.mannkindcorp.com/node/20816/pdf,turn235search17,CANDIDATE_ONLY_NOT_GATE_EVIDENCE,2026-10-06
MNKD|2026-07-26|sbla,Afrezza pediatric sBLA 2026 FDA application trial results,MannKind Announces U.S. FDA Accepts for Review its Supplemental Biologics License Application (sBLA) for Inhaled Insulin (Afrezza) in Children and Adolescents Aged 4-17 Years Living with Diabetes,https://investors.mannkindcorp.com/node/20791/pdf,turn235search18,CANDIDATE_ONLY_NOT_GATE_EVIDENCE,2026-10-06
RARE|2026-08-23|dtx401,dtx401 2026 FDA application trial results,"August 19, 2026 Summary Basis for Regulatory Action - GENGLYCOS",https://www.fda.gov/media/194583/download?attachment=,turn233search12,CANDIDATE_ONLY_NOT_GATE_EVIDENCE,2026-10-06
RARE|2026-08-23|dtx401,dtx401 2026 FDA application trial results,Clinical Product Candidates,https://www.sec.gov/Archives/edgar/data/1515673/000130817926000177/rare015368-ars.pdf,turn233search13,CANDIDATE_ONLY_NOT_GATE_EVIDENCE,2026-10-06
RARE|2026-08-23|dtx401,dtx401 2026 FDA application trial results,Phase 3 Randomized Trial Results of DTX401 AAV Gene Therapy for the Treatment of GSDIa - PMC,https://pmc.ncbi.nlm.nih.gov/articles/PMC13529436,turn233search0,CANDIDATE_ONLY_NOT_GATE_EVIDENCE,2026-10-06
RARE|2026-08-23|dtx401,dtx401 2026 FDA application trial results,Phase 3 Randomized Trial Results of DTX401 AAV Gene Therapy for the Treatment of GSDIa - Mitchell - 2026 - Journal of Inherited Metabolic Disease - Wiley Online Library,https://onlinelibrary.wiley.com/doi/10.1002/jimd.70241,turn233search1,CANDIDATE_ONLY_NOT_GATE_EVIDENCE,2026-10-06
RARE|2026-08-23|dtx401,dtx401 2026 FDA application trial results,FDA approves datopotamab deruxtecan-dlnk for unresectable or metastatic triple-negative breast cancer | FDA,https://www.fda.gov/drugs/resources-information-approved-drugs/fda-approves-datopotamab-deruxtecan-dlnk-unresectable-or-metastatic-triple-negative-breast-cancer,turn233search2,CANDIDATE_ONLY_NOT_GATE_EVIDENCE,2026-10-06
RARE|2026-08-23|dtx401,dtx401 2026 FDA application trial results,Phase 3 Randomized Trial Results of DTX401 AAV Gene Therapy for the Treatment of GSDIa.,https://pubmed.ncbi.nlm.nih.gov/42674977/,turn233search3,CANDIDATE_ONLY_NOT_GATE_EVIDENCE,2026-10-06
RARE|2026-08-23|dtx401,dtx401 2026 FDA application trial results,"August 19, 2026 Summary Basis for Regulatory Action - GENGLYCOS",https://www.fda.gov/media/194583/download,turn233search14,CANDIDATE_ONLY_NOT_GATE_EVIDENCE,2026-10-06
RARE|2026-08-23|dtx401,dtx401 2026 FDA application trial results,Ultragenyx Announces the Publication of a Successful,https://www.globenewswire.com/news-release/2026/09/01/3354584/20739/en/ultragenyx-announces-the-publication-of-a-successful-96-week-randomized-placebo-controlled-trial-with-crossover-treatment-of-genglycos-also-known-as-dtx401-aav-gene-therapy-in-gsdi.html,turn233search4,CANDIDATE_ONLY_NOT_GATE_EVIDENCE,2026-10-06
RARE|2026-08-23|dtx401,dtx401 2026 FDA application trial results,FDA approves two separate indications for fam-trastuzumab deruxtecan-nxki in HER2-positive early-stage breast cancer | FDA,https://www.fda.gov/drugs/resources-information-approved-drugs/fda-approves-two-separate-indications-fam-trastuzumab-deruxtecan-nxki-her2-positive-early-stage,turn233search7,CANDIDATE_ONLY_NOT_GATE_EVIDENCE,2026-10-06
RARE|2026-08-23|dtx401,dtx401 2026 FDA application trial results,8-K,https://www.sec.gov/Archives/edgar/data/1515673/000095017025113553/rare-20250908.htm,turn233search8,CANDIDATE_ONLY_NOT_GATE_EVIDENCE,2026-10-06
RARE|2026-08-23|dtx401,dtx401 2026 FDA application trial results,10-Q,https://www.sec.gov/Archives/edgar/data/1515673/000095017025103290/rare-20250630.htm,turn233search9,CANDIDATE_ONLY_NOT_GATE_EVIDENCE,2026-10-06
RARE|2026-08-23|dtx401,dtx401 2026 FDA application trial results,Ultragenyx Announces Progress Across Broad Gene Therapy Portfolio and Positive Longer-Term Data from Multiple Phase 1/2 Gene Therapy Studies—Ultragenyx Pharmaceutical Inc.,https://ir.ultragenyx.com/news-releases/news-release-details/ultragenyx-announces-progress-across-broad-gene-therapy,turn233search10,CANDIDATE_ONLY_NOT_GATE_EVIDENCE,2026-10-06
RARE|2026-08-23|dtx401,dtx401 2026 FDA application trial results,Ultragenyx Announces U.S. FDA Acceptance and Priority Review of the Biologics License Application (BLA) for DTX401 AAV Gene Therapy for Glycogen Storage Disease Type Ia (GSDIa),https://ir.ultragenyx.com/node/18466/pdf,turn233search16,CANDIDATE_ONLY_NOT_GATE_EVIDENCE,2026-10-06
TLX|2026-09-11|tlx101-px,tlx101-px 2026 FDA application trial results,,https://www.sec.gov/Archives/edgar/data/2007191/000162828026058126/announcement.htm,turn239search0,CANDIDATE_ONLY_NOT_GATE_EVIDENCE,2026-10-06
TLX|2026-09-11|tlx101-px,tlx101-px 2026 FDA application trial results,tlx-20251231,https://www.sec.gov/Archives/edgar/data/2007191/000162828026009943/tlx-20251231.htm,turn239search1,CANDIDATE_ONLY_NOT_GATE_EVIDENCE,2026-10-06
TLX|2026-09-11|tlx101-px,tlx101-px 2026 FDA application trial results,,https://www.sec.gov/Archives/edgar/data/2007191/000200719126000013/pixrepr.htm,turn239search2,CANDIDATE_ONLY_NOT_GATE_EVIDENCE,2026-10-06
TLX|2026-09-11|tlx101-px,tlx101-px 2026 FDA application trial results,,https://www.sec.gov/Archives/edgar/data/2007191/000162828026009887/a20260220appendix4eand20.htm,turn239search3,CANDIDATE_ONLY_NOT_GATE_EVIDENCE,2026-10-06
TLX|2026-09-11|tlx101-px,tlx101-px 2026 FDA application trial results,Form 6-K for Telix Pharmaceuticals LTD filed 04/10/2026,https://ir.telixpharma.com/static-files/4721400d-dee9-4e25-afc4-2eb9bb20e711,turn239search13,CANDIDATE_ONLY_NOT_GATE_EVIDENCE,2026-10-06
IONS|2026-09-22|alexander,zilganersen Alexander disease 2026 FDA application trial results,FDA Approves First Drug to Treat Alexander Disease | FDA,https://www.fda.gov/news-events/press-announcements/fda-approves-first-drug-treat-alexander-disease,turn240search0,CANDIDATE_ONLY_NOT_GATE_EVIDENCE,2026-10-06
IONS|2026-09-22|alexander,zilganersen Alexander disease 2026 FDA application trial results,"IONIS+PHARMACEUTICALS,+INC._10K_2026_V1_CWO-73779.pdf",https://www.sec.gov/Archives/edgar/data/874015/000114036126016395/ny20063671x3_ars.pdf,turn240search12,CANDIDATE_ONLY_NOT_GATE_EVIDENCE,2026-10-06
IONS|2026-09-22|alexander,zilganersen Alexander disease 2026 FDA application trial results,,https://www.sec.gov/Archives/edgar/data/874015/000114036126015801/ef20071051_ex99-1.htm,turn240search2,CANDIDATE_ONLY_NOT_GATE_EVIDENCE,2026-10-06
IONS|2026-09-22|alexander,zilganersen Alexander disease 2026 FDA application trial results,"Ionis presents new data from pivotal study of zilganersen in Alexander disease (AxD) at AAN 2026 Annual Meeting | Ionis Pharmaceuticals, Inc.",https://ir.ionis.com/news-releases/news-release-details/ionis-presents-new-data-pivotal-study-zilganersen-alexander,turn240search3,CANDIDATE_ONLY_NOT_GATE_EVIDENCE,2026-10-06
IONS|2026-09-22|alexander,zilganersen Alexander disease 2026 FDA application trial results,"Ionis announces positive topline results from pivotal study of zilganersen in Alexander disease | Ionis Pharmaceuticals, Inc.",https://ir.ionis.com/news-releases/news-release-details/ionis-announces-positive-topline-results-pivotal-study,turn240search4,CANDIDATE_ONLY_NOT_GATE_EVIDENCE,2026-10-06
IONS|2026-09-22|alexander,zilganersen Alexander disease 2026 FDA application trial results,"Ionis announces zilganersen New Drug Application for Alexander disease (AxD) accepted by FDA for Priority Review | Ionis Pharmaceuticals, Inc.",https://ir.ionispharma.com/news-releases/news-release-details/ionis-announces-zilganersen-new-drug-application-alexander,turn240search5,CANDIDATE_ONLY_NOT_GATE_EVIDENCE,2026-10-06
IONS|2026-09-22|alexander,zilganersen Alexander disease 2026 FDA application trial results,"Ionis presents new data from pivotal study of zilganersen in Alexander disease (AxD) at AAN 2026 Annual Meeting | Ionis Pharmaceuticals, Inc.",https://ir.ionispharma.com/news-releases/news-release-details/ionis-presents-new-data-pivotal-study-zilganersen-alexander,turn240search6,CANDIDATE_ONLY_NOT_GATE_EVIDENCE,2026-10-06
IONS|2026-09-22|alexander,zilganersen Alexander disease 2026 FDA application trial results,Zanvastro,https://www.accessdata.fda.gov/drugsatfda_docs/appletter/2026/220210Orig1s000ltr.pdf,turn240search13,CANDIDATE_ONLY_NOT_GATE_EVIDENCE,2026-10-06
IONS|2026-09-22|alexander,zilganersen Alexander disease 2026 FDA application trial results,"Ionis announces positive topline results from pivotal study of zilganersen in Alexander disease | Ionis Pharmaceuticals, Inc.",https://ir.ionis.com/node/33256,turn240search7,CANDIDATE_ONLY_NOT_GATE_EVIDENCE,2026-10-06
IONS|2026-09-22|alexander,zilganersen Alexander disease 2026 FDA application trial results,,https://www.sec.gov/Archives/edgar/data/874015/000114036126035657/ef20081649_ex99-1.htm,turn240search8,CANDIDATE_ONLY_NOT_GATE_EVIDENCE,2026-10-06
IONS|2026-09-22|alexander,zilganersen Alexander disease 2026 FDA application trial results,Ionis presents new data from pivotal study of zilganersen in Alexander disease (AxD) at AAN 2026 Annual Meeting,https://ir.ionispharma.com/node/34481/pdf,turn240search15,CANDIDATE_ONLY_NOT_GATE_EVIDENCE,2026-10-06
IONS|2026-09-22|alexander,zilganersen Alexander disease 2026 FDA application trial results,Ionis announces positive topline results from pivotal study of zilganersen in Alexander disease,https://ir.ionis.com/node/33256/pdf,turn240search17,CANDIDATE_ONLY_NOT_GATE_EVIDENCE,2026-10-06
SRRK|2026-09-30|apitegromab,apitegromab 2026 FDA application trial results,"SCHOLAR ROCK HOLDING CORP_December 31, 2025",https://www.sec.gov/Archives/edgar/data/1727196/000110465926022551/srrk-20251231x10k.htm,turn238search0,CANDIDATE_ONLY_NOT_GATE_EVIDENCE,2026-10-06
SRRK|2026-09-30|apitegromab,apitegromab 2026 FDA application trial results,,https://www.sec.gov/Archives/edgar/data/1727196/000119312526336715/srrk-ex99_1.htm,turn238search1,CANDIDATE_ONLY_NOT_GATE_EVIDENCE,2026-10-06
SRRK|2026-09-30|apitegromab,apitegromab 2026 FDA application trial results,"SCHOLAR ROCK HOLDING CORP_MARCH 31, 2026",https://www.sec.gov/Archives/edgar/data/1727196/000110465926056667/srrk-20260331x10q.htm,turn238search2,CANDIDATE_ONLY_NOT_GATE_EVIDENCE,2026-10-06
SRRK|2026-09-30|apitegromab,apitegromab 2026 FDA application trial results,Apitegromab Development Overview in SMA,https://www.sec.gov/Archives/edgar/data/1727196/000110465926046920/tm2612500d1_ars.pdf,turn238search12,CANDIDATE_ONLY_NOT_GATE_EVIDENCE,2026-10-06
SRRK|2026-09-30|apitegromab,apitegromab 2026 FDA application trial results,,https://www.sec.gov/Archives/edgar/data/1727196/000110465926056655/srrk-20260507xex99d2.htm,turn238search4,CANDIDATE_ONLY_NOT_GATE_EVIDENCE,2026-10-06
SRRK|2026-09-30|apitegromab,apitegromab 2026 FDA application trial results,"expect to initiate a commercial product launch in the fourth quarter of 2025 in the United States, with a commercial launch of apitegromab in Europe to follow.",https://www.sec.gov/Archives/edgar/data/1727196/000110465925033985/tm2511741d1_ars.pdf,turn238search15,CANDIDATE_ONLY_NOT_GATE_EVIDENCE,2026-10-06
SRRK|2026-09-30|apitegromab,apitegromab 2026 FDA application trial results,,https://www.sec.gov/Archives/edgar/data/1727196/000155837024003540/srrk-20231231x10k.htm,turn238search7,CANDIDATE_ONLY_NOT_GATE_EVIDENCE,2026-10-06
